audio_path,transcript,source_audio,start_ms,end_ms,speakers,word_langids,language_counts,utterance_ids,word_count,source_duration_seconds,filtered_out,filter_reason
processed_indonesia/wav2vec2_300/02_vad/indonesian_dev_c82395aa47dc479fbe3239fbd381cbdd.wav,"Kalau dipikir-pikir kenapa ya dulu tuh, SD bisa rajin banget? Ya, menurutku soale pas SD itu kan, aku masih kecil ya. Jadi aku ngerasa belum punya bayangan mau jadi apa atau sukanya pelajaran apa. Dadi emang manut banget sih karo guru. Arep sinau opo wae ki pokokmen kabeh pelajaran ya disinaoni. Ojo nganti sing ono bijine elek.",indonesian_data/indonesian_dev/clips/c82395aa47dc479fbe3239fbd381cbdd.mp3,0,25240,6,"[{""word"": ""Kalau"", ""langid"": ""other""}, {""word"": ""dipikir-pikir"", ""langid"": ""other""}, {""word"": ""kenapa"", ""langid"": ""other""}, {""word"": ""ya"", ""langid"": ""other""}, {""word"": ""dulu"", ""langid"": ""other""}, {""word"": ""tuh,"", ""langid"": ""other""}, {""word"": ""SD"", ""langid"": ""other""}, {""word"": ""bisa"", ""langid"": ""other""}, {""word"": ""rajin"", ""langid"": ""other""}, {""word"": ""banget?"", ""langid"": ""other""}, {""word"": ""Ya,"", ""langid"": ""other""}, {""word"": ""menurutku"", ""langid"": ""other""}, {""word"": ""soale"", ""langid"": ""other""}, {""word"": ""pas"", ""langid"": ""other""}, {""word"": ""SD"", ""langid"": ""other""}, {""word"": ""itu"", ""langid"": ""other""}, {""word"": ""kan,"", ""langid"": ""other""}, {""word"": ""aku"", ""langid"": ""other""}, {""word"": ""masih"", ""langid"": ""other""}, {""word"": ""kecil"", ""langid"": ""other""}, {""word"": ""ya."", ""langid"": ""other""}, {""word"": ""Jadi"", ""langid"": ""other""}, {""word"": ""aku"", ""langid"": ""other""}, {""word"": ""ngerasa"", ""langid"": ""other""}, {""word"": ""belum"", ""langid"": ""other""}, {""word"": ""punya"", ""langid"": ""other""}, {""word"": ""bayangan"", ""langid"": ""other""}, {""word"": ""mau"", ""langid"": ""other""}, {""word"": ""jadi"", ""langid"": ""other""}, {""word"": ""apa"", ""langid"": ""other""}, {""word"": ""atau"", ""langid"": ""other""}, {""word"": ""sukanya"", ""langid"": ""other""}, {""word"": ""pelajaran"", ""langid"": ""other""}, {""word"": ""apa."", ""langid"": ""other""}, {""word"": ""Dadi"", ""langid"": ""other""}, {""word"": ""emang"", ""langid"": ""other""}, {""word"": ""manut"", ""langid"": ""other""}, {""word"": ""banget"", ""langid"": ""other""}, {""word"": ""sih"", ""langid"": ""other""}, {""word"": ""karo"", ""langid"": ""other""}, {""word"": ""guru."", ""langid"": ""other""}, {""word"": ""Arep"", ""langid"": ""other""}, {""word"": ""sinau"", ""langid"": ""other""}, {""word"": ""opo"", ""langid"": ""other""}, {""word"": ""wae"", ""langid"": ""other""}, {""word"": ""ki"", ""langid"": ""other""}, {""word"": ""pokokmen"", ""langid"": ""other""}, {""word"": ""kabeh"", ""langid"": ""other""}, {""word"": ""pelajaran"", ""langid"": ""other""}, {""word"": ""ya"", ""langid"": ""other""}, {""word"": ""disinaoni."", ""langid"": ""other""}, {""word"": ""Ojo"", ""langid"": ""other""}, {""word"": ""nganti"", ""langid"": ""other""}, {""word"": ""sing"", ""langid"": ""other""}, {""word"": ""ono"", ""langid"": ""other""}, {""word"": ""bijine"", ""langid"": ""other""}, {""word"": ""elek."", ""langid"": ""other""}]","{""other"": 57}","[""indonesian_dev:329""]",57,25.240,False,
processed_indonesia/wav2vec2_300/02_vad/jember_001_0066.wav,Pen ke selanjutnya.,indonesian_data/Jember Javanese Spontaneous Speech Corpus/mp3 audio/1.mp3,259000,261000,unknown,"[{""word"": ""Pen"", ""langid"": ""other""}, {""word"": ""ke"", ""langid"": ""other""}, {""word"": ""selanjutnya."", ""langid"": ""other""}]","{""other"": 3}","[""jember:1:66""]",3,2.000,False,
processed_indonesia/wav2vec2_300/02_vad/jember_027_0033.wav,"Ya memanfaatkan, bên lebih produktif mungkin aku, nulis.",indonesian_data/Jember Javanese Spontaneous Speech Corpus/mp3 audio/27.mp3,167000,173000,unknown,"[{""word"": ""Ya"", ""langid"": ""other""}, {""word"": ""memanfaatkan,"", ""langid"": ""other""}, {""word"": ""bên"", ""langid"": ""other""}, {""word"": ""lebih"", ""langid"": ""other""}, {""word"": ""produktif"", ""langid"": ""other""}, {""word"": ""mungkin"", ""langid"": ""other""}, {""word"": ""aku,"", ""langid"": ""other""}, {""word"": ""nulis."", ""langid"": ""other""}]","{""other"": 8}","[""jember:27:33""]",8,6.000,False,
processed_indonesia/wav2vec2_300/02_vad/jember_002_0117.wav,"Sementara sing umur empat puluh ke atas, rata-rata wong kene iku sik hp tulalit iku.",indonesian_data/Jember Javanese Spontaneous Speech Corpus/mp3 audio/2.mp3,393000,399000,unknown,"[{""word"": ""Sementara"", ""langid"": ""other""}, {""word"": ""sing"", ""langid"": ""other""}, {""word"": ""umur"", ""langid"": ""other""}, {""word"": ""empat"", ""langid"": ""other""}, {""word"": ""puluh"", ""langid"": ""other""}, {""word"": ""ke"", ""langid"": ""other""}, {""word"": ""atas,"", ""langid"": ""other""}, {""word"": ""rata-rata"", ""langid"": ""other""}, {""word"": ""wong"", ""langid"": ""other""}, {""word"": ""kene"", ""langid"": ""other""}, {""word"": ""iku"", ""langid"": ""other""}, {""word"": ""sik"", ""langid"": ""other""}, {""word"": ""hp"", ""langid"": ""other""}, {""word"": ""tulalit"", ""langid"": ""other""}, {""word"": ""iku."", ""langid"": ""other""}]","{""other"": 15}","[""jember:2:117""]",15,6.000,False,
processed_indonesia/wav2vec2_300/02_vad/indonesian_dev_87d1a50af61f460ca3431580d59bf950.wav,"Terus biasanya ya nanti presentasinya gantian dari satu kelompok ke kelompok lain. Kalau buat tugas atau PR mandiri, aku biasanya pakai laptopnya bapakku di rumah. Laptopnya bapakku di rumah atau nek ora ya, nggarap neng warnet.",indonesian_data/indonesian_dev/clips/87d1a50af61f460ca3431580d59bf950.mp3,0,24140,6,"[{""word"": ""Terus"", ""langid"": ""other""}, {""word"": ""biasanya"", ""langid"": ""other""}, {""word"": ""ya"", ""langid"": ""other""}, {""word"": ""nanti"", ""langid"": ""other""}, {""word"": ""presentasinya"", ""langid"": ""other""}, {""word"": ""gantian"", ""langid"": ""other""}, {""word"": ""dari"", ""langid"": ""other""}, {""word"": ""satu"", ""langid"": ""other""}, {""word"": ""kelompok"", ""langid"": ""other""}, {""word"": ""ke"", ""langid"": ""other""}, {""word"": ""kelompok"", ""langid"": ""other""}, {""word"": ""lain."", ""langid"": ""other""}, {""word"": ""Kalau"", ""langid"": ""other""}, {""word"": ""buat"", ""langid"": ""other""}, {""word"": ""tugas"", ""langid"": ""other""}, {""word"": ""atau"", ""langid"": ""other""}, {""word"": ""PR"", ""langid"": ""other""}, {""word"": ""mandiri,"", ""langid"": ""other""}, {""word"": ""aku"", ""langid"": ""other""}, {""word"": ""biasanya"", ""langid"": ""other""}, {""word"": ""pakai"", ""langid"": ""other""}, {""word"": ""laptopnya"", ""langid"": ""other""}, {""word"": ""bapakku"", ""langid"": ""other""}, {""word"": ""di"", ""langid"": ""other""}, {""word"": ""rumah."", ""langid"": ""other""}, {""word"": ""Laptopnya"", ""langid"": ""other""}, {""word"": ""bapakku"", ""langid"": ""other""}, {""word"": ""di"", ""langid"": ""other""}, {""word"": ""rumah"", ""langid"": ""other""}, {""word"": ""atau"", ""langid"": ""other""}, {""word"": ""nek"", ""langid"": ""other""}, {""word"": ""ora"", ""langid"": ""other""}, {""word"": ""ya,"", ""langid"": ""other""}, {""word"": ""nggarap"", ""langid"": ""other""}, {""word"": ""neng"", ""langid"": ""other""}, {""word"": ""warnet."", ""langid"": ""other""}]","{""other"": 36}","[""indonesian_dev:93""]",36,24.140,False,
processed_indonesia/wav2vec2_300/02_vad/jember_095_0001.wav,"Lèk cita-citaku dhewe ki dadi polisi Mbak, awale.",indonesian_data/Jember Javanese Spontaneous Speech Corpus/mp3 audio/95.mp3,0,8000,unknown,"[{""word"": ""Lèk"", ""langid"": ""other""}, {""word"": ""cita-citaku"", ""langid"": ""other""}, {""word"": ""dhewe"", ""langid"": ""other""}, {""word"": ""ki"", ""langid"": ""other""}, {""word"": ""dadi"", ""langid"": ""other""}, {""word"": ""polisi"", ""langid"": ""other""}, {""word"": ""Mbak,"", ""langid"": ""other""}, {""word"": ""awale."", ""langid"": ""other""}]","{""other"": 8}","[""jember:95:1""]",8,8.000,False,
processed_indonesia/wav2vec2_300/02_vad/jember_202_0010.wav,"Toh, ya, sêkolah ki tujuane ben êntuk dhuwit luwih akèh, ngono anggêpane.",indonesian_data/Jember Javanese Spontaneous Speech Corpus/mp3 audio/202.mp3,55000,62000,unknown,"[{""word"": ""Toh,"", ""langid"": ""other""}, {""word"": ""ya,"", ""langid"": ""other""}, {""word"": ""sêkolah"", ""langid"": ""other""}, {""word"": ""ki"", ""langid"": ""other""}, {""word"": ""tujuane"", ""langid"": ""other""}, {""word"": ""ben"", ""langid"": ""other""}, {""word"": ""êntuk"", ""langid"": ""other""}, {""word"": ""dhuwit"", ""langid"": ""other""}, {""word"": ""luwih"", ""langid"": ""other""}, {""word"": ""akèh,"", ""langid"": ""other""}, {""word"": ""ngono"", ""langid"": ""other""}, {""word"": ""anggêpane."", ""langid"": ""other""}]","{""other"": 12}","[""jember:202:10""]",12,7.000,False,
processed_indonesia/wav2vec2_300/02_vad/jember_045_0007.wav,Soale bapakku sêmpêt gênti-gênti kêrja sakdurunge dadi petani.,indonesian_data/Jember Javanese Spontaneous Speech Corpus/mp3 audio/45.mp3,24000,29000,unknown,"[{""word"": ""Soale"", ""langid"": ""other""}, {""word"": ""bapakku"", ""langid"": ""other""}, {""word"": ""sêmpêt"", ""langid"": ""other""}, {""word"": ""gênti-gênti"", ""langid"": ""other""}, {""word"": ""kêrja"", ""langid"": ""other""}, {""word"": ""sakdurunge"", ""langid"": ""other""}, {""word"": ""dadi"", ""langid"": ""other""}, {""word"": ""petani."", ""langid"": ""other""}]","{""other"": 8}","[""jember:45:7""]",8,5.000,False,
processed_indonesia/wav2vec2_300/02_vad/jember_161_0006.wav,"Nah, těrusaku frustrasi iki, kelas têlu aku kalahan.",indonesian_data/Jember Javanese Spontaneous Speech Corpus/mp3 audio/161.mp3,28000,32000,unknown,"[{""word"": ""Nah,"", ""langid"": ""other""}, {""word"": ""těrusaku"", ""langid"": ""other""}, {""word"": ""frustrasi"", ""langid"": ""other""}, {""word"": ""iki,"", ""langid"": ""other""}, {""word"": ""kelas"", ""langid"": ""other""}, {""word"": ""têlu"", ""langid"": ""other""}, {""word"": ""aku"", ""langid"": ""other""}, {""word"": ""kalahan."", ""langid"": ""other""}]","{""other"": 8}","[""jember:161:6""]",8,4.000,False,
processed_indonesia/wav2vec2_300/02_vad/jember_107_0061.wav,"Intine pengep, ngedole nèng pengepul lah, pengepul iku main nang ndi? Nang perusahaan.",indonesian_data/Jember Javanese Spontaneous Speech Corpus/mp3 audio/107.mp3,398000,404000,unknown,"[{""word"": ""Intine"", ""langid"": ""other""}, {""word"": ""pengep,"", ""langid"": ""other""}, {""word"": ""ngedole"", ""langid"": ""other""}, {""word"": ""nèng"", ""langid"": ""other""}, {""word"": ""pengepul"", ""langid"": ""other""}, {""word"": ""lah,"", ""langid"": ""other""}, {""word"": ""pengepul"", ""langid"": ""other""}, {""word"": ""iku"", ""langid"": ""other""}, {""word"": ""main"", ""langid"": ""other""}, {""word"": ""nang"", ""langid"": ""other""}, {""word"": ""ndi?"", ""langid"": ""other""}, {""word"": ""Nang"", ""langid"": ""other""}, {""word"": ""perusahaan."", ""langid"": ""other""}]","{""other"": 13}","[""jember:107:61""]",13,6.000,False,
processed_indonesia/wav2vec2_300/02_vad/jember_025_0019.wav,Lak kêsêl sak marine ngêlèsi biasane langsung turu.,indonesian_data/Jember Javanese Spontaneous Speech Corpus/mp3 audio/25.mp3,85000,89000,unknown,"[{""word"": ""Lak"", ""langid"": ""other""}, {""word"": ""kêsêl"", ""langid"": ""other""}, {""word"": ""sak"", ""langid"": ""other""}, {""word"": ""marine"", ""langid"": ""other""}, {""word"": ""ngêlèsi"", ""langid"": ""other""}, {""word"": ""biasane"", ""langid"": ""other""}, {""word"": ""langsung"", ""langid"": ""other""}, {""word"": ""turu."", ""langid"": ""other""}]","{""other"": 8}","[""jember:25:19""]",8,4.000,False,
processed_indonesia/wav2vec2_300/02_vad/jember_107_0067.wav,"E, iku, e..., isa ae tergantung kan jênênge kabèh tanduran ya, gak cuma vanili, kabèh tanduran iku ndhuwe, e, sarat, cukul dhewe-dhewe, sarat tumbuh lah.",indonesian_data/Jember Javanese Spontaneous Speech Corpus/mp3 audio/107.mp3,426000,439000,unknown,"[{""word"": ""E,"", ""langid"": ""other""}, {""word"": ""iku,"", ""langid"": ""other""}, {""word"": ""e...,"", ""langid"": ""other""}, {""word"": ""isa"", ""langid"": ""other""}, {""word"": ""ae"", ""langid"": ""other""}, {""word"": ""tergantung"", ""langid"": ""other""}, {""word"": ""kan"", ""langid"": ""other""}, {""word"": ""jênênge"", ""langid"": ""other""}, {""word"": ""kabèh"", ""langid"": ""other""}, {""word"": ""tanduran"", ""langid"": ""other""}, {""word"": ""ya,"", ""langid"": ""other""}, {""word"": ""gak"", ""langid"": ""other""}, {""word"": ""cuma"", ""langid"": ""other""}, {""word"": ""vanili,"", ""langid"": ""other""}, {""word"": ""kabèh"", ""langid"": ""other""}, {""word"": ""tanduran"", ""langid"": ""other""}, {""word"": ""iku"", ""langid"": ""other""}, {""word"": ""ndhuwe,"", ""langid"": ""other""}, {""word"": ""e,"", ""langid"": ""other""}, {""word"": ""sarat,"", ""langid"": ""other""}, {""word"": ""cukul"", ""langid"": ""other""}, {""word"": ""dhewe-dhewe,"", ""langid"": ""other""}, {""word"": ""sarat"", ""langid"": ""other""}, {""word"": ""tumbuh"", ""langid"": ""other""}, {""word"": ""lah."", ""langid"": ""other""}]","{""other"": 25}","[""jember:107:67""]",25,13.000,False,
processed_indonesia/wav2vec2_300/02_vad/jember_105_0068.wav,"Iku kan, ya sik, gak  kabèh, gak  kabèh wong duwe ngono Mbak.",indonesian_data/Jember Javanese Spontaneous Speech Corpus/mp3 audio/105.mp3,309000,315000,unknown,"[{""word"": ""Iku"", ""langid"": ""other""}, {""word"": ""kan,"", ""langid"": ""other""}, {""word"": ""ya"", ""langid"": ""other""}, {""word"": ""sik,"", ""langid"": ""other""}, {""word"": ""gak"", ""langid"": ""other""}, {""word"": ""kabèh,"", ""langid"": ""other""}, {""word"": ""gak"", ""langid"": ""other""}, {""word"": ""kabèh"", ""langid"": ""other""}, {""word"": ""wong"", ""langid"": ""other""}, {""word"": ""duwe"", ""langid"": ""other""}, {""word"": ""ngono"", ""langid"": ""other""}, {""word"": ""Mbak."", ""langid"": ""other""}]","{""other"": 12}","[""jember:105:68""]",12,6.000,False,
processed_indonesia/wav2vec2_300/02_vad/jember_030_0009.wav,"A, mari ngono saiki tambahan kegiatan iku mblayu, ya mblayu mblayu.",indonesian_data/Jember Javanese Spontaneous Speech Corpus/mp3 audio/30.mp3,23000,28000,unknown,"[{""word"": ""A,"", ""langid"": ""other""}, {""word"": ""mari"", ""langid"": ""other""}, {""word"": ""ngono"", ""langid"": ""other""}, {""word"": ""saiki"", ""langid"": ""other""}, {""word"": ""tambahan"", ""langid"": ""other""}, {""word"": ""kegiatan"", ""langid"": ""other""}, {""word"": ""iku"", ""langid"": ""other""}, {""word"": ""mblayu,"", ""langid"": ""other""}, {""word"": ""ya"", ""langid"": ""other""}, {""word"": ""mblayu"", ""langid"": ""other""}, {""word"": ""mblayu."", ""langid"": ""other""}]","{""other"": 11}","[""jember:30:9""]",11,5.000,False,
processed_indonesia/wav2vec2_300/02_vad/indonesian_dev_c89469339bda45cd9e03de89f415805b.wav,"Nah, kenapa toh kok aku tuh rajin banget dulu pas SD? Itu ada satu alasannya. Pernah suatu kali aku tuh nggak masuk sekolah, gara-gara lupa sih kenapa. Pokoknya beberapa hari nggak masuk sekolah, tapi aku nggak nanya ke temen ada PR apa nggak gitu. Soalnya zaman dulu kan juga belum ada chat kayak sekarang gitu ya, jadi aku nggak nanya-nanya.",indonesian_data/indonesian_dev/clips/c89469339bda45cd9e03de89f415805b.mp3,0,30360,6,"[{""word"": ""Nah,"", ""langid"": ""other""}, {""word"": ""kenapa"", ""langid"": ""other""}, {""word"": ""toh"", ""langid"": ""other""}, {""word"": ""kok"", ""langid"": ""other""}, {""word"": ""aku"", ""langid"": ""other""}, {""word"": ""tuh"", ""langid"": ""other""}, {""word"": ""rajin"", ""langid"": ""other""}, {""word"": ""banget"", ""langid"": ""other""}, {""word"": ""dulu"", ""langid"": ""other""}, {""word"": ""pas"", ""langid"": ""other""}, {""word"": ""SD?"", ""langid"": ""other""}, {""word"": ""Itu"", ""langid"": ""other""}, {""word"": ""ada"", ""langid"": ""other""}, {""word"": ""satu"", ""langid"": ""other""}, {""word"": ""alasannya."", ""langid"": ""other""}, {""word"": ""Pernah"", ""langid"": ""other""}, {""word"": ""suatu"", ""langid"": ""other""}, {""word"": ""kali"", ""langid"": ""other""}, {""word"": ""aku"", ""langid"": ""other""}, {""word"": ""tuh"", ""langid"": ""other""}, {""word"": ""nggak"", ""langid"": ""other""}, {""word"": ""masuk"", ""langid"": ""other""}, {""word"": ""sekolah,"", ""langid"": ""other""}, {""word"": ""gara-gara"", ""langid"": ""other""}, {""word"": ""lupa"", ""langid"": ""other""}, {""word"": ""sih"", ""langid"": ""other""}, {""word"": ""kenapa."", ""langid"": ""other""}, {""word"": ""Pokoknya"", ""langid"": ""other""}, {""word"": ""beberapa"", ""langid"": ""other""}, {""word"": ""hari"", ""langid"": ""other""}, {""word"": ""nggak"", ""langid"": ""other""}, {""word"": ""masuk"", ""langid"": ""other""}, {""word"": ""sekolah,"", ""langid"": ""other""}, {""word"": ""tapi"", ""langid"": ""other""}, {""word"": ""aku"", ""langid"": ""other""}, {""word"": ""nggak"", ""langid"": ""other""}, {""word"": ""nanya"", ""langid"": ""other""}, {""word"": ""ke"", ""langid"": ""other""}, {""word"": ""temen"", ""langid"": ""other""}, {""word"": ""ada"", ""langid"": ""other""}, {""word"": ""PR"", ""langid"": ""other""}, {""word"": ""apa"", ""langid"": ""other""}, {""word"": ""nggak"", ""langid"": ""other""}, {""word"": ""gitu."", ""langid"": ""other""}, {""word"": ""Soalnya"", ""langid"": ""other""}, {""word"": ""zaman"", ""langid"": ""other""}, {""word"": ""dulu"", ""langid"": ""other""}, {""word"": ""kan"", ""langid"": ""other""}, {""word"": ""juga"", ""langid"": ""other""}, {""word"": ""belum"", ""langid"": ""other""}, {""word"": ""ada"", ""langid"": ""other""}, {""word"": ""chat"", ""langid"": ""other""}, {""word"": ""kayak"", ""langid"": ""other""}, {""word"": ""sekarang"", ""langid"": ""other""}, {""word"": ""gitu"", ""langid"": ""other""}, {""word"": ""ya,"", ""langid"": ""other""}, {""word"": ""jadi"", ""langid"": ""other""}, {""word"": ""aku"", ""langid"": ""other""}, {""word"": ""nggak"", ""langid"": ""other""}, {""word"": ""nanya-nanya."", ""langid"": ""other""}]","{""other"": 60}","[""indonesian_dev:53""]",60,30.360,False,
processed_indonesia/wav2vec2_300/02_vad/jember_109_0004.wav,"Těrus, saiki lagi dipromosikno dan warna bandara, bandarane iku pink.",indonesian_data/Jember Javanese Spontaneous Speech Corpus/mp3 audio/109.mp3,18000,24000,unknown,"[{""word"": ""Těrus,"", ""langid"": ""other""}, {""word"": ""saiki"", ""langid"": ""other""}, {""word"": ""lagi"", ""langid"": ""other""}, {""word"": ""dipromosikno"", ""langid"": ""other""}, {""word"": ""dan"", ""langid"": ""other""}, {""word"": ""warna"", ""langid"": ""other""}, {""word"": ""bandara,"", ""langid"": ""other""}, {""word"": ""bandarane"", ""langid"": ""other""}, {""word"": ""iku"", ""langid"": ""other""}, {""word"": ""pink."", ""langid"": ""other""}]","{""other"": 10}","[""jember:109:4""]",10,6.000,False,
processed_indonesia/wav2vec2_300/02_vad/jember_024_0069.wav,Sepele ya kaya aku ngono kuwimbukaki Duolingo.,indonesian_data/Jember Javanese Spontaneous Speech Corpus/mp3 audio/24.mp3,263000,268000,unknown,"[{""word"": ""Sepele"", ""langid"": ""other""}, {""word"": ""ya"", ""langid"": ""other""}, {""word"": ""kaya"", ""langid"": ""other""}, {""word"": ""aku"", ""langid"": ""other""}, {""word"": ""ngono"", ""langid"": ""other""}, {""word"": ""kuwimbukaki"", ""langid"": ""other""}, {""word"": ""Duolingo."", ""langid"": ""other""}]","{""other"": 7}","[""jember:24:69""]",7,5.000,False,
processed_indonesia/wav2vec2_300/02_vad/jember_195_0017.wav,Nèk ijen iku kan ya èmbonge wis apik ngono jane wis.,indonesian_data/Jember Javanese Spontaneous Speech Corpus/mp3 audio/195.mp3,82000,86000,unknown,"[{""word"": ""Nèk"", ""langid"": ""other""}, {""word"": ""ijen"", ""langid"": ""other""}, {""word"": ""iku"", ""langid"": ""other""}, {""word"": ""kan"", ""langid"": ""other""}, {""word"": ""ya"", ""langid"": ""other""}, {""word"": ""èmbonge"", ""langid"": ""other""}, {""word"": ""wis"", ""langid"": ""other""}, {""word"": ""apik"", ""langid"": ""other""}, {""word"": ""ngono"", ""langid"": ""other""}, {""word"": ""jane"", ""langid"": ""other""}, {""word"": ""wis."", ""langid"": ""other""}]","{""other"": 11}","[""jember:195:17""]",11,4.000,False,
processed_indonesia/wav2vec2_300/02_vad/jember_142_0002.wav,"Ora, ora, tapi, e, apa ya, em, aplikasi sing paling berguna menurutku ya AI sih.",indonesian_data/Jember Javanese Spontaneous Speech Corpus/mp3 audio/142.mp3,4000,10000,unknown,"[{""word"": ""Ora,"", ""langid"": ""other""}, {""word"": ""ora,"", ""langid"": ""other""}, {""word"": ""tapi,"", ""langid"": ""other""}, {""word"": ""e,"", ""langid"": ""other""}, {""word"": ""apa"", ""langid"": ""other""}, {""word"": ""ya,"", ""langid"": ""other""}, {""word"": ""em,"", ""langid"": ""other""}, {""word"": ""aplikasi"", ""langid"": ""other""}, {""word"": ""sing"", ""langid"": ""other""}, {""word"": ""paling"", ""langid"": ""other""}, {""word"": ""berguna"", ""langid"": ""other""}, {""word"": ""menurutku"", ""langid"": ""other""}, {""word"": ""ya"", ""langid"": ""other""}, {""word"": ""AI"", ""langid"": ""other""}, {""word"": ""sih."", ""langid"": ""other""}]","{""other"": 15}","[""jember:142:2""]",15,6.000,False,
processed_indonesia/wav2vec2_300/02_vad/indonesian_dev_e364970ee1f94739b7072387b936c23d.wav,"Hoo, paham aku, emang lumrah kayak gitu tuh. Orang punya uyutku tuh juga bawaan gitu loh. Jadi kayak emang bawaan dari sebelum-sebelumnya. Emang katanya buat ngelindungin diri gitu sih.",indonesian_data/indonesian_dev/clips/e364970ee1f94739b7072387b936c23d.mp3,0,15254,7,"[{""word"": ""Hoo,"", ""langid"": ""other""}, {""word"": ""paham"", ""langid"": ""other""}, {""word"": ""aku,"", ""langid"": ""other""}, {""word"": ""emang"", ""langid"": ""other""}, {""word"": ""lumrah"", ""langid"": ""other""}, {""word"": ""kayak"", ""langid"": ""other""}, {""word"": ""gitu"", ""langid"": ""other""}, {""word"": ""tuh."", ""langid"": ""other""}, {""word"": ""Orang"", ""langid"": ""other""}, {""word"": ""punya"", ""langid"": ""other""}, {""word"": ""uyutku"", ""langid"": ""other""}, {""word"": ""tuh"", ""langid"": ""other""}, {""word"": ""juga"", ""langid"": ""other""}, {""word"": ""bawaan"", ""langid"": ""other""}, {""word"": ""gitu"", ""langid"": ""other""}, {""word"": ""loh."", ""langid"": ""other""}, {""word"": ""Jadi"", ""langid"": ""other""}, {""word"": ""kayak"", ""langid"": ""other""}, {""word"": ""emang"", ""langid"": ""other""}, {""word"": ""bawaan"", ""langid"": ""other""}, {""word"": ""dari"", ""langid"": ""other""}, {""word"": ""sebelum-sebelumnya."", ""langid"": ""other""}, {""word"": ""Emang"", ""langid"": ""other""}, {""word"": ""katanya"", ""langid"": ""other""}, {""word"": ""buat"", ""langid"": ""other""}, {""word"": ""ngelindungin"", ""langid"": ""other""}, {""word"": ""diri"", ""langid"": ""other""}, {""word"": ""gitu"", ""langid"": ""other""}, {""word"": ""sih."", ""langid"": ""other""}]","{""other"": 29}","[""indonesian_dev:230""]",29,15.254,False,
processed_indonesia/wav2vec2_300/02_vad/jember_045_0015.wav,Kuwi aku ya gak isa-isa renang.,indonesian_data/Jember Javanese Spontaneous Speech Corpus/mp3 audio/45.mp3,58000,60000,unknown,"[{""word"": ""Kuwi"", ""langid"": ""other""}, {""word"": ""aku"", ""langid"": ""other""}, {""word"": ""ya"", ""langid"": ""other""}, {""word"": ""gak"", ""langid"": ""other""}, {""word"": ""isa-isa"", ""langid"": ""other""}, {""word"": ""renang."", ""langid"": ""other""}]","{""other"": 6}","[""jember:45:15""]",6,2.000,False,
processed_indonesia/wav2vec2_300/02_vad/jember_151_0004.wav,"Kowe bakal, kowe kêsêl bar kêrja wis nge-game bêngak terlalu kêsêl juga.",indonesian_data/Jember Javanese Spontaneous Speech Corpus/mp3 audio/151.mp3,14000,22000,unknown,"[{""word"": ""Kowe"", ""langid"": ""other""}, {""word"": ""bakal,"", ""langid"": ""other""}, {""word"": ""kowe"", ""langid"": ""other""}, {""word"": ""kêsêl"", ""langid"": ""other""}, {""word"": ""bar"", ""langid"": ""other""}, {""word"": ""kêrja"", ""langid"": ""other""}, {""word"": ""wis"", ""langid"": ""other""}, {""word"": ""nge-game"", ""langid"": ""other""}, {""word"": ""bêngak"", ""langid"": ""other""}, {""word"": ""terlalu"", ""langid"": ""other""}, {""word"": ""kêsêl"", ""langid"": ""other""}, {""word"": ""juga."", ""langid"": ""other""}]","{""other"": 12}","[""jember:151:4""]",12,8.000,False,
processed_indonesia/wav2vec2_300/02_vad/jember_040_0005.wav,"Na, campur iki sing nang masjid iku.",indonesian_data/Jember Javanese Spontaneous Speech Corpus/mp3 audio/40.mp3,21000,23000,unknown,"[{""word"": ""Na,"", ""langid"": ""other""}, {""word"": ""campur"", ""langid"": ""other""}, {""word"": ""iki"", ""langid"": ""other""}, {""word"": ""sing"", ""langid"": ""other""}, {""word"": ""nang"", ""langid"": ""other""}, {""word"": ""masjid"", ""langid"": ""other""}, {""word"": ""iku."", ""langid"": ""other""}]","{""other"": 7}","[""jember:40:5""]",7,2.000,False,
processed_indonesia/wav2vec2_300/02_vad/jember_208_0029.wav,"Soale kan, e, ya, awak dhewe iku gak ngêrti apa sing terjadi ndèk balik kehidupane uwong iku kaya apa uripe.",indonesian_data/Jember Javanese Spontaneous Speech Corpus/mp3 audio/208.mp3,211000,220000,unknown,"[{""word"": ""Soale"", ""langid"": ""other""}, {""word"": ""kan,"", ""langid"": ""other""}, {""word"": ""e,"", ""langid"": ""other""}, {""word"": ""ya,"", ""langid"": ""other""}, {""word"": ""awak"", ""langid"": ""other""}, {""word"": ""dhewe"", ""langid"": ""other""}, {""word"": ""iku"", ""langid"": ""other""}, {""word"": ""gak"", ""langid"": ""other""}, {""word"": ""ngêrti"", ""langid"": ""other""}, {""word"": ""apa"", ""langid"": ""other""}, {""word"": ""sing"", ""langid"": ""other""}, {""word"": ""terjadi"", ""langid"": ""other""}, {""word"": ""ndèk"", ""langid"": ""other""}, {""word"": ""balik"", ""langid"": ""other""}, {""word"": ""kehidupane"", ""langid"": ""other""}, {""word"": ""uwong"", ""langid"": ""other""}, {""word"": ""iku"", ""langid"": ""other""}, {""word"": ""kaya"", ""langid"": ""other""}, {""word"": ""apa"", ""langid"": ""other""}, {""word"": ""uripe."", ""langid"": ""other""}]","{""other"": 20}","[""jember:208:29""]",20,9.000,False,
processed_indonesia/wav2vec2_300/02_vad/jember_201_0066.wav,"O, udu berarti wong desaku wedok ndèk kene ki gak ènèk sing penggaweane mobilitase tinggi, ngono.",indonesian_data/Jember Javanese Spontaneous Speech Corpus/mp3 audio/201.mp3,428000,435000,unknown,"[{""word"": ""O,"", ""langid"": ""other""}, {""word"": ""udu"", ""langid"": ""other""}, {""word"": ""berarti"", ""langid"": ""other""}, {""word"": ""wong"", ""langid"": ""other""}, {""word"": ""desaku"", ""langid"": ""other""}, {""word"": ""wedok"", ""langid"": ""other""}, {""word"": ""ndèk"", ""langid"": ""other""}, {""word"": ""kene"", ""langid"": ""other""}, {""word"": ""ki"", ""langid"": ""other""}, {""word"": ""gak"", ""langid"": ""other""}, {""word"": ""ènèk"", ""langid"": ""other""}, {""word"": ""sing"", ""langid"": ""other""}, {""word"": ""penggaweane"", ""langid"": ""other""}, {""word"": ""mobilitase"", ""langid"": ""other""}, {""word"": ""tinggi,"", ""langid"": ""other""}, {""word"": ""ngono."", ""langid"": ""other""}]","{""other"": 16}","[""jember:201:66""]",16,7.000,False,
processed_indonesia/wav2vec2_300/02_vad/jember_065_0055.wav,Dadi sakwise iku nggawe rencana kêrja sampèk jam têlu sore.,indonesian_data/Jember Javanese Spontaneous Speech Corpus/mp3 audio/65.mp3,397000,403000,unknown,"[{""word"": ""Dadi"", ""langid"": ""other""}, {""word"": ""sakwise"", ""langid"": ""other""}, {""word"": ""iku"", ""langid"": ""other""}, {""word"": ""nggawe"", ""langid"": ""other""}, {""word"": ""rencana"", ""langid"": ""other""}, {""word"": ""kêrja"", ""langid"": ""other""}, {""word"": ""sampèk"", ""langid"": ""other""}, {""word"": ""jam"", ""langid"": ""other""}, {""word"": ""têlu"", ""langid"": ""other""}, {""word"": ""sore."", ""langid"": ""other""}]","{""other"": 10}","[""jember:65:55""]",10,6.000,False,
processed_indonesia/wav2vec2_300/02_vad/jember_205_0034.wav,Jênênge lingkungan iku kan keamanan kudune nomer siji ya.,indonesian_data/Jember Javanese Spontaneous Speech Corpus/mp3 audio/205.mp3,186000,192000,unknown,"[{""word"": ""Jênênge"", ""langid"": ""other""}, {""word"": ""lingkungan"", ""langid"": ""other""}, {""word"": ""iku"", ""langid"": ""other""}, {""word"": ""kan"", ""langid"": ""other""}, {""word"": ""keamanan"", ""langid"": ""other""}, {""word"": ""kudune"", ""langid"": ""other""}, {""word"": ""nomer"", ""langid"": ""other""}, {""word"": ""siji"", ""langid"": ""other""}, {""word"": ""ya."", ""langid"": ""other""}]","{""other"": 9}","[""jember:205:34""]",9,6.000,False,
processed_indonesia/wav2vec2_300/02_vad/jember_030_0075.wav,"Nah, aku gak selalu, aku iki mêsthi  gak nutup awakku gawe kancaan a mbêk sapa wae.",indonesian_data/Jember Javanese Spontaneous Speech Corpus/mp3 audio/30.mp3,346000,355000,unknown,"[{""word"": ""Nah,"", ""langid"": ""other""}, {""word"": ""aku"", ""langid"": ""other""}, {""word"": ""gak"", ""langid"": ""other""}, {""word"": ""selalu,"", ""langid"": ""other""}, {""word"": ""aku"", ""langid"": ""other""}, {""word"": ""iki"", ""langid"": ""other""}, {""word"": ""mêsthi"", ""langid"": ""other""}, {""word"": ""gak"", ""langid"": ""other""}, {""word"": ""nutup"", ""langid"": ""other""}, {""word"": ""awakku"", ""langid"": ""other""}, {""word"": ""gawe"", ""langid"": ""other""}, {""word"": ""kancaan"", ""langid"": ""other""}, {""word"": ""a"", ""langid"": ""other""}, {""word"": ""mbêk"", ""langid"": ""other""}, {""word"": ""sapa"", ""langid"": ""other""}, {""word"": ""wae."", ""langid"": ""other""}]","{""other"": 16}","[""jember:30:75""]",16,9.000,False,
processed_indonesia/wav2vec2_300/02_vad/jember_122_0001.wav,"Cuma akhire pas aku nggarap skripsi, těrus kangèlan-kangèlan, nggolèk sumber, e, sulite ya, angèle ya mêrga salah sijine awake dhewe kudu isa, e, nggarap bahasa pemrograman, nggarap coding, nggarap, e, prop, perkara-perkara statistik iku ya kangèlan.",indonesian_data/Jember Javanese Spontaneous Speech Corpus/mp3 audio/122.mp3,0,19000,unknown,"[{""word"": ""Cuma"", ""langid"": ""other""}, {""word"": ""akhire"", ""langid"": ""other""}, {""word"": ""pas"", ""langid"": ""other""}, {""word"": ""aku"", ""langid"": ""other""}, {""word"": ""nggarap"", ""langid"": ""other""}, {""word"": ""skripsi,"", ""langid"": ""other""}, {""word"": ""těrus"", ""langid"": ""other""}, {""word"": ""kangèlan-kangèlan,"", ""langid"": ""other""}, {""word"": ""nggolèk"", ""langid"": ""other""}, {""word"": ""sumber,"", ""langid"": ""other""}, {""word"": ""e,"", ""langid"": ""other""}, {""word"": ""sulite"", ""langid"": ""other""}, {""word"": ""ya,"", ""langid"": ""other""}, {""word"": ""angèle"", ""langid"": ""other""}, {""word"": ""ya"", ""langid"": ""other""}, {""word"": ""mêrga"", ""langid"": ""other""}, {""word"": ""salah"", ""langid"": ""other""}, {""word"": ""sijine"", ""langid"": ""other""}, {""word"": ""awake"", ""langid"": ""other""}, {""word"": ""dhewe"", ""langid"": ""other""}, {""word"": ""kudu"", ""langid"": ""other""}, {""word"": ""isa,"", ""langid"": ""other""}, {""word"": ""e,"", ""langid"": ""other""}, {""word"": ""nggarap"", ""langid"": ""other""}, {""word"": ""bahasa"", ""langid"": ""other""}, {""word"": ""pemrograman,"", ""langid"": ""other""}, {""word"": ""nggarap"", ""langid"": ""other""}, {""word"": ""coding,"", ""langid"": ""other""}, {""word"": ""nggarap,"", ""langid"": ""other""}, {""word"": ""e,"", ""langid"": ""other""}, {""word"": ""prop,"", ""langid"": ""other""}, {""word"": ""perkara-perkara"", ""langid"": ""other""}, {""word"": ""statistik"", ""langid"": ""other""}, {""word"": ""iku"", ""langid"": ""other""}, {""word"": ""ya"", ""langid"": ""other""}, {""word"": ""kangèlan."", ""langid"": ""other""}]","{""other"": 36}","[""jember:122:1""]",36,19.000,False,
processed_indonesia/wav2vec2_300/02_vad/jember_048_0069.wav,"Dadi aku sebelum a mbêk arèk saiki, iku pêrnah kan menjalin hubungan. Dan, iku kêtêmu a mbêk, e..., arèk lanang sing de'e iku kalem, act of service bangêt,",indonesian_data/Jember Javanese Spontaneous Speech Corpus/mp3 audio/48.mp3,390000,404000,unknown,"[{""word"": ""Dadi"", ""langid"": ""other""}, {""word"": ""aku"", ""langid"": ""other""}, {""word"": ""sebelum"", ""langid"": ""other""}, {""word"": ""a"", ""langid"": ""other""}, {""word"": ""mbêk"", ""langid"": ""other""}, {""word"": ""arèk"", ""langid"": ""other""}, {""word"": ""saiki,"", ""langid"": ""other""}, {""word"": ""iku"", ""langid"": ""other""}, {""word"": ""pêrnah"", ""langid"": ""other""}, {""word"": ""kan"", ""langid"": ""other""}, {""word"": ""menjalin"", ""langid"": ""other""}, {""word"": ""hubungan."", ""langid"": ""other""}, {""word"": ""Dan,"", ""langid"": ""other""}, {""word"": ""iku"", ""langid"": ""other""}, {""word"": ""kêtêmu"", ""langid"": ""other""}, {""word"": ""a"", ""langid"": ""other""}, {""word"": ""mbêk,"", ""langid"": ""other""}, {""word"": ""e...,"", ""langid"": ""other""}, {""word"": ""arèk"", ""langid"": ""other""}, {""word"": ""lanang"", ""langid"": ""other""}, {""word"": ""sing"", ""langid"": ""other""}, {""word"": ""de'e"", ""langid"": ""other""}, {""word"": ""iku"", ""langid"": ""other""}, {""word"": ""kalem,"", ""langid"": ""other""}, {""word"": ""act"", ""langid"": ""other""}, {""word"": ""of"", ""langid"": ""other""}, {""word"": ""service"", ""langid"": ""other""}, {""word"": ""bangêt,"", ""langid"": ""other""}]","{""other"": 28}","[""jember:48:69""]",28,14.000,False,
processed_indonesia/wav2vec2_300/02_vad/jember_040_0004.wav,"Těrus bapak-bapak, ibu-ibu, karo campur.",indonesian_data/Jember Javanese Spontaneous Speech Corpus/mp3 audio/40.mp3,18000,21000,unknown,"[{""word"": ""Těrus"", ""langid"": ""other""}, {""word"": ""bapak-bapak,"", ""langid"": ""other""}, {""word"": ""ibu-ibu,"", ""langid"": ""other""}, {""word"": ""karo"", ""langid"": ""other""}, {""word"": ""campur."", ""langid"": ""other""}]","{""other"": 5}","[""jember:40:4""]",5,3.000,False,
processed_indonesia/wav2vec2_300/02_vad/jember_183_0004.wav,"Lèk aku kan sênênge kan ndèk alam kan Mbak, soale adhêm kan, enak kan, dan iku pênting nggawe awake dhewe, gawe healing lah.",indonesian_data/Jember Javanese Spontaneous Speech Corpus/mp3 audio/183.mp3,17000,27000,unknown,"[{""word"": ""Lèk"", ""langid"": ""other""}, {""word"": ""aku"", ""langid"": ""other""}, {""word"": ""kan"", ""langid"": ""other""}, {""word"": ""sênênge"", ""langid"": ""other""}, {""word"": ""kan"", ""langid"": ""other""}, {""word"": ""ndèk"", ""langid"": ""other""}, {""word"": ""alam"", ""langid"": ""other""}, {""word"": ""kan"", ""langid"": ""other""}, {""word"": ""Mbak,"", ""langid"": ""other""}, {""word"": ""soale"", ""langid"": ""other""}, {""word"": ""adhêm"", ""langid"": ""other""}, {""word"": ""kan,"", ""langid"": ""other""}, {""word"": ""enak"", ""langid"": ""other""}, {""word"": ""kan,"", ""langid"": ""other""}, {""word"": ""dan"", ""langid"": ""other""}, {""word"": ""iku"", ""langid"": ""other""}, {""word"": ""pênting"", ""langid"": ""other""}, {""word"": ""nggawe"", ""langid"": ""other""}, {""word"": ""awake"", ""langid"": ""other""}, {""word"": ""dhewe,"", ""langid"": ""other""}, {""word"": ""gawe"", ""langid"": ""other""}, {""word"": ""healing"", ""langid"": ""other""}, {""word"": ""lah."", ""langid"": ""other""}]","{""other"": 23}","[""jember:183:4""]",23,10.000,False,
processed_indonesia/wav2vec2_300/02_vad/jember_107_0103.wav,"Nah, jare, nèk jare tanggaku iku mbiyèn, o, gak nguwoh, o, paling gak cocok, ngono.",indonesian_data/Jember Javanese Spontaneous Speech Corpus/mp3 audio/107.mp3,628000,634000,unknown,"[{""word"": ""Nah,"", ""langid"": ""other""}, {""word"": ""jare,"", ""langid"": ""other""}, {""word"": ""nèk"", ""langid"": ""other""}, {""word"": ""jare"", ""langid"": ""other""}, {""word"": ""tanggaku"", ""langid"": ""other""}, {""word"": ""iku"", ""langid"": ""other""}, {""word"": ""mbiyèn,"", ""langid"": ""other""}, {""word"": ""o,"", ""langid"": ""other""}, {""word"": ""gak"", ""langid"": ""other""}, {""word"": ""nguwoh,"", ""langid"": ""other""}, {""word"": ""o,"", ""langid"": ""other""}, {""word"": ""paling"", ""langid"": ""other""}, {""word"": ""gak"", ""langid"": ""other""}, {""word"": ""cocok,"", ""langid"": ""other""}, {""word"": ""ngono."", ""langid"": ""other""}]","{""other"": 15}","[""jember:107:103""]",15,6.000,False,
processed_indonesia/wav2vec2_300/02_vad/jember_201_0011.wav,"Nah, pekerjaan ndèk sawah sing cenderung, e, luwih gampang utawa sing gak mbutuhne fisik abot-abot, iku biasane dikêrjakne mbèk wong wedok.",indonesian_data/Jember Javanese Spontaneous Speech Corpus/mp3 audio/201.mp3,78000,91000,unknown,"[{""word"": ""Nah,"", ""langid"": ""other""}, {""word"": ""pekerjaan"", ""langid"": ""other""}, {""word"": ""ndèk"", ""langid"": ""other""}, {""word"": ""sawah"", ""langid"": ""other""}, {""word"": ""sing"", ""langid"": ""other""}, {""word"": ""cenderung,"", ""langid"": ""other""}, {""word"": ""e,"", ""langid"": ""other""}, {""word"": ""luwih"", ""langid"": ""other""}, {""word"": ""gampang"", ""langid"": ""other""}, {""word"": ""utawa"", ""langid"": ""other""}, {""word"": ""sing"", ""langid"": ""other""}, {""word"": ""gak"", ""langid"": ""other""}, {""word"": ""mbutuhne"", ""langid"": ""other""}, {""word"": ""fisik"", ""langid"": ""other""}, {""word"": ""abot-abot,"", ""langid"": ""other""}, {""word"": ""iku"", ""langid"": ""other""}, {""word"": ""biasane"", ""langid"": ""other""}, {""word"": ""dikêrjakne"", ""langid"": ""other""}, {""word"": ""mbèk"", ""langid"": ""other""}, {""word"": ""wong"", ""langid"": ""other""}, {""word"": ""wedok."", ""langid"": ""other""}]","{""other"": 21}","[""jember:201:11""]",21,13.000,False,
processed_indonesia/wav2vec2_300/02_vad/jember_203_0046.wav,"O..., ana sing wong iku nyaman kêrja mulai isuk bar subuh ngono ya nyaman ngono ya gak papa.",indonesian_data/Jember Javanese Spontaneous Speech Corpus/mp3 audio/203.mp3,322000,332000,unknown,"[{""word"": ""O...,"", ""langid"": ""other""}, {""word"": ""ana"", ""langid"": ""other""}, {""word"": ""sing"", ""langid"": ""other""}, {""word"": ""wong"", ""langid"": ""other""}, {""word"": ""iku"", ""langid"": ""other""}, {""word"": ""nyaman"", ""langid"": ""other""}, {""word"": ""kêrja"", ""langid"": ""other""}, {""word"": ""mulai"", ""langid"": ""other""}, {""word"": ""isuk"", ""langid"": ""other""}, {""word"": ""bar"", ""langid"": ""other""}, {""word"": ""subuh"", ""langid"": ""other""}, {""word"": ""ngono"", ""langid"": ""other""}, {""word"": ""ya"", ""langid"": ""other""}, {""word"": ""nyaman"", ""langid"": ""other""}, {""word"": ""ngono"", ""langid"": ""other""}, {""word"": ""ya"", ""langid"": ""other""}, {""word"": ""gak"", ""langid"": ""other""}, {""word"": ""papa."", ""langid"": ""other""}]","{""other"": 18}","[""jember:203:46""]",18,10.000,False,
processed_indonesia/wav2vec2_300/02_vad/jember_026_0002.wav,"Ya loss, Mbak, lèk nèng ngomahku iku lanang wedok.",indonesian_data/Jember Javanese Spontaneous Speech Corpus/mp3 audio/26.mp3,5000,9000,unknown,"[{""word"": ""Ya"", ""langid"": ""other""}, {""word"": ""loss,"", ""langid"": ""other""}, {""word"": ""Mbak,"", ""langid"": ""other""}, {""word"": ""lèk"", ""langid"": ""other""}, {""word"": ""nèng"", ""langid"": ""other""}, {""word"": ""ngomahku"", ""langid"": ""other""}, {""word"": ""iku"", ""langid"": ""other""}, {""word"": ""lanang"", ""langid"": ""other""}, {""word"": ""wedok."", ""langid"": ""other""}]","{""other"": 9}","[""jember:26:2""]",9,4.000,False,
processed_indonesia/wav2vec2_300/02_vad/jember_185_0094.wav,"Kaya, těrus, lèk ndèkèk tas, nyangklong tas iku juga sing ati-ati.",indonesian_data/Jember Javanese Spontaneous Speech Corpus/mp3 audio/185.mp3,455000,461000,unknown,"[{""word"": ""Kaya,"", ""langid"": ""other""}, {""word"": ""těrus,"", ""langid"": ""other""}, {""word"": ""lèk"", ""langid"": ""other""}, {""word"": ""ndèkèk"", ""langid"": ""other""}, {""word"": ""tas,"", ""langid"": ""other""}, {""word"": ""nyangklong"", ""langid"": ""other""}, {""word"": ""tas"", ""langid"": ""other""}, {""word"": ""iku"", ""langid"": ""other""}, {""word"": ""juga"", ""langid"": ""other""}, {""word"": ""sing"", ""langid"": ""other""}, {""word"": ""ati-ati."", ""langid"": ""other""}]","{""other"": 11}","[""jember:185:94""]",11,6.000,False,
processed_indonesia/wav2vec2_300/02_vad/jember_109_0013.wav,"Cuma aku wingi ndêlok bandarane iku kaya, apa ya, kaya istana lolipop ngono.",indonesian_data/Jember Javanese Spontaneous Speech Corpus/mp3 audio/109.mp3,88000,98000,unknown,"[{""word"": ""Cuma"", ""langid"": ""other""}, {""word"": ""aku"", ""langid"": ""other""}, {""word"": ""wingi"", ""langid"": ""other""}, {""word"": ""ndêlok"", ""langid"": ""other""}, {""word"": ""bandarane"", ""langid"": ""other""}, {""word"": ""iku"", ""langid"": ""other""}, {""word"": ""kaya,"", ""langid"": ""other""}, {""word"": ""apa"", ""langid"": ""other""}, {""word"": ""ya,"", ""langid"": ""other""}, {""word"": ""kaya"", ""langid"": ""other""}, {""word"": ""istana"", ""langid"": ""other""}, {""word"": ""lolipop"", ""langid"": ""other""}, {""word"": ""ngono."", ""langid"": ""other""}]","{""other"": 13}","[""jember:109:13""]",13,10.000,False,
processed_indonesia/wav2vec2_300/02_vad/jember_138_0001.wav,"E, gawe selama iki rasane, e, gak ngrasa iki sih, apa jênênge, gak rukun sih.",indonesian_data/Jember Javanese Spontaneous Speech Corpus/mp3 audio/138.mp3,0,9000,unknown,"[{""word"": ""E,"", ""langid"": ""other""}, {""word"": ""gawe"", ""langid"": ""other""}, {""word"": ""selama"", ""langid"": ""other""}, {""word"": ""iki"", ""langid"": ""other""}, {""word"": ""rasane,"", ""langid"": ""other""}, {""word"": ""e,"", ""langid"": ""other""}, {""word"": ""gak"", ""langid"": ""other""}, {""word"": ""ngrasa"", ""langid"": ""other""}, {""word"": ""iki"", ""langid"": ""other""}, {""word"": ""sih,"", ""langid"": ""other""}, {""word"": ""apa"", ""langid"": ""other""}, {""word"": ""jênênge,"", ""langid"": ""other""}, {""word"": ""gak"", ""langid"": ""other""}, {""word"": ""rukun"", ""langid"": ""other""}, {""word"": ""sih."", ""langid"": ""other""}]","{""other"": 15}","[""jember:138:1""]",15,9.000,False,
processed_indonesia/wav2vec2_300/02_vad/jember_189_0015.wav,Dadine ana situasi-situasi sik marai de'e isa bangga.,indonesian_data/Jember Javanese Spontaneous Speech Corpus/mp3 audio/189.mp3,71000,75000,unknown,"[{""word"": ""Dadine"", ""langid"": ""other""}, {""word"": ""ana"", ""langid"": ""other""}, {""word"": ""situasi-situasi"", ""langid"": ""other""}, {""word"": ""sik"", ""langid"": ""other""}, {""word"": ""marai"", ""langid"": ""other""}, {""word"": ""de'e"", ""langid"": ""other""}, {""word"": ""isa"", ""langid"": ""other""}, {""word"": ""bangga."", ""langid"": ""other""}]","{""other"": 8}","[""jember:189:15""]",8,4.000,False,
processed_indonesia/wav2vec2_300/02_vad/jember_185_0077.wav,"Lho, ya apa?, ngono lho.",indonesian_data/Jember Javanese Spontaneous Speech Corpus/mp3 audio/185.mp3,376000,378000,unknown,"[{""word"": ""Lho,"", ""langid"": ""other""}, {""word"": ""ya"", ""langid"": ""other""}, {""word"": ""apa?,"", ""langid"": ""other""}, {""word"": ""ngono"", ""langid"": ""other""}, {""word"": ""lho."", ""langid"": ""other""}]","{""other"": 5}","[""jember:185:77""]",5,2.000,False,
processed_indonesia/wav2vec2_300/02_vad/jember_173_0002.wav,"Dadine awal taun 2025 iki, aku kan isih iki, apa jênênge ana ya rong taun lah olèh rong taun setengah apa itungane lah.",indonesian_data/Jember Javanese Spontaneous Speech Corpus/mp3 audio/173.mp3,5000,16000,unknown,"[{""word"": ""Dadine"", ""langid"": ""other""}, {""word"": ""awal"", ""langid"": ""other""}, {""word"": ""taun"", ""langid"": ""other""}, {""word"": ""2025"", ""langid"": ""other""}, {""word"": ""iki,"", ""langid"": ""other""}, {""word"": ""aku"", ""langid"": ""other""}, {""word"": ""kan"", ""langid"": ""other""}, {""word"": ""isih"", ""langid"": ""other""}, {""word"": ""iki,"", ""langid"": ""other""}, {""word"": ""apa"", ""langid"": ""other""}, {""word"": ""jênênge"", ""langid"": ""other""}, {""word"": ""ana"", ""langid"": ""other""}, {""word"": ""ya"", ""langid"": ""other""}, {""word"": ""rong"", ""langid"": ""other""}, {""word"": ""taun"", ""langid"": ""other""}, {""word"": ""lah"", ""langid"": ""other""}, {""word"": ""olèh"", ""langid"": ""other""}, {""word"": ""rong"", ""langid"": ""other""}, {""word"": ""taun"", ""langid"": ""other""}, {""word"": ""setengah"", ""langid"": ""other""}, {""word"": ""apa"", ""langid"": ""other""}, {""word"": ""itungane"", ""langid"": ""other""}, {""word"": ""lah."", ""langid"": ""other""}]","{""other"": 23}","[""jember:173:2""]",23,11.000,False,
processed_indonesia/wav2vec2_300/02_vad/jember_107_0001.wav,Berarti menurut sampeyan proses pengolahan hasil vanili iku isa nggak dilakoni industri rumahan?,indonesian_data/Jember Javanese Spontaneous Speech Corpus/mp3 audio/107.mp3,0,10000,unknown,"[{""word"": ""Berarti"", ""langid"": ""other""}, {""word"": ""menurut"", ""langid"": ""other""}, {""word"": ""sampeyan"", ""langid"": ""other""}, {""word"": ""proses"", ""langid"": ""other""}, {""word"": ""pengolahan"", ""langid"": ""other""}, {""word"": ""hasil"", ""langid"": ""other""}, {""word"": ""vanili"", ""langid"": ""other""}, {""word"": ""iku"", ""langid"": ""other""}, {""word"": ""isa"", ""langid"": ""other""}, {""word"": ""nggak"", ""langid"": ""other""}, {""word"": ""dilakoni"", ""langid"": ""other""}, {""word"": ""industri"", ""langid"": ""other""}, {""word"": ""rumahan?"", ""langid"": ""other""}]","{""other"": 13}","[""jember:107:1""]",13,10.000,False,
processed_indonesia/wav2vec2_300/02_vad/jember_015_0002.wav,"Lèk mbiyèn iku, sepuluh taun mbiyèn iku, e, luwih teratur.",indonesian_data/Jember Javanese Spontaneous Speech Corpus/mp3 audio/15.mp3,4000,11000,unknown,"[{""word"": ""Lèk"", ""langid"": ""other""}, {""word"": ""mbiyèn"", ""langid"": ""other""}, {""word"": ""iku,"", ""langid"": ""other""}, {""word"": ""sepuluh"", ""langid"": ""other""}, {""word"": ""taun"", ""langid"": ""other""}, {""word"": ""mbiyèn"", ""langid"": ""other""}, {""word"": ""iku,"", ""langid"": ""other""}, {""word"": ""e,"", ""langid"": ""other""}, {""word"": ""luwih"", ""langid"": ""other""}, {""word"": ""teratur."", ""langid"": ""other""}]","{""other"": 10}","[""jember:15:2""]",10,7.000,False,
processed_indonesia/wav2vec2_300/02_vad/jember_050_0074.wav,"Tanpa berpikir panjang, aku pengin dadi atlet sepak bola Mbak.",indonesian_data/Jember Javanese Spontaneous Speech Corpus/mp3 audio/50.mp3,404000,409000,unknown,"[{""word"": ""Tanpa"", ""langid"": ""other""}, {""word"": ""berpikir"", ""langid"": ""other""}, {""word"": ""panjang,"", ""langid"": ""other""}, {""word"": ""aku"", ""langid"": ""other""}, {""word"": ""pengin"", ""langid"": ""other""}, {""word"": ""dadi"", ""langid"": ""other""}, {""word"": ""atlet"", ""langid"": ""other""}, {""word"": ""sepak"", ""langid"": ""other""}, {""word"": ""bola"", ""langid"": ""other""}, {""word"": ""Mbak."", ""langid"": ""other""}]","{""other"": 10}","[""jember:50:74""]",10,5.000,False,
processed_indonesia/wav2vec2_300/02_vad/jember_138_0002.wav,"Tapi, mungkin ya pas nang Jogja aku tau ngerasa kaya, e, pas nang kosan, kosan Jogja.",indonesian_data/Jember Javanese Spontaneous Speech Corpus/mp3 audio/138.mp3,9000,17000,unknown,"[{""word"": ""Tapi,"", ""langid"": ""other""}, {""word"": ""mungkin"", ""langid"": ""other""}, {""word"": ""ya"", ""langid"": ""other""}, {""word"": ""pas"", ""langid"": ""other""}, {""word"": ""nang"", ""langid"": ""other""}, {""word"": ""Jogja"", ""langid"": ""other""}, {""word"": ""aku"", ""langid"": ""other""}, {""word"": ""tau"", ""langid"": ""other""}, {""word"": ""ngerasa"", ""langid"": ""other""}, {""word"": ""kaya,"", ""langid"": ""other""}, {""word"": ""e,"", ""langid"": ""other""}, {""word"": ""pas"", ""langid"": ""other""}, {""word"": ""nang"", ""langid"": ""other""}, {""word"": ""kosan,"", ""langid"": ""other""}, {""word"": ""kosan"", ""langid"": ""other""}, {""word"": ""Jogja."", ""langid"": ""other""}]","{""other"": 16}","[""jember:138:2""]",16,8.000,False,
processed_indonesia/wav2vec2_300/02_vad/jember_128_0001.wav,"Aku iku awal nduwe HP pas, e..., iku SD kelas loro.",indonesian_data/Jember Javanese Spontaneous Speech Corpus/mp3 audio/128.mp3,0,6000,unknown,"[{""word"": ""Aku"", ""langid"": ""other""}, {""word"": ""iku"", ""langid"": ""other""}, {""word"": ""awal"", ""langid"": ""other""}, {""word"": ""nduwe"", ""langid"": ""other""}, {""word"": ""HP"", ""langid"": ""other""}, {""word"": ""pas,"", ""langid"": ""other""}, {""word"": ""e...,"", ""langid"": ""other""}, {""word"": ""iku"", ""langid"": ""other""}, {""word"": ""SD"", ""langid"": ""other""}, {""word"": ""kelas"", ""langid"": ""other""}, {""word"": ""loro."", ""langid"": ""other""}]","{""other"": 11}","[""jember:128:1""]",11,6.000,False,
processed_indonesia/wav2vec2_300/02_vad/jember_038_0012.wav,"Kaya, kaya gak nentu gitu sih sarapane, biasane ya sak tukune ae wis.",indonesian_data/Jember Javanese Spontaneous Speech Corpus/mp3 audio/38.mp3,71000,76000,unknown,"[{""word"": ""Kaya,"", ""langid"": ""other""}, {""word"": ""kaya"", ""langid"": ""other""}, {""word"": ""gak"", ""langid"": ""other""}, {""word"": ""nentu"", ""langid"": ""other""}, {""word"": ""gitu"", ""langid"": ""other""}, {""word"": ""sih"", ""langid"": ""other""}, {""word"": ""sarapane,"", ""langid"": ""other""}, {""word"": ""biasane"", ""langid"": ""other""}, {""word"": ""ya"", ""langid"": ""other""}, {""word"": ""sak"", ""langid"": ""other""}, {""word"": ""tukune"", ""langid"": ""other""}, {""word"": ""ae"", ""langid"": ""other""}, {""word"": ""wis."", ""langid"": ""other""}]","{""other"": 13}","[""jember:38:12""]",13,5.000,False,
processed_indonesia/wav2vec2_300/02_vad/indonesian_dev_7b6ffd37370b4bf9a44d9c8e7126a733.wav,"Sekarang hobi kan, terus udah jadi berbasis teknologi semua, pakai HP, pakai laptop, udah beda banget dari dulu. Nah, kamu ingat nggak pertama kali pas punya HP dulu rasanya kayak gimana?",indonesian_data/indonesian_dev/clips/7b6ffd37370b4bf9a44d9c8e7126a733.mp3,0,16800,6,"[{""word"": ""Sekarang"", ""langid"": ""other""}, {""word"": ""hobi"", ""langid"": ""other""}, {""word"": ""kan,"", ""langid"": ""other""}, {""word"": ""terus"", ""langid"": ""other""}, {""word"": ""udah"", ""langid"": ""other""}, {""word"": ""jadi"", ""langid"": ""other""}, {""word"": ""berbasis"", ""langid"": ""other""}, {""word"": ""teknologi"", ""langid"": ""other""}, {""word"": ""semua,"", ""langid"": ""other""}, {""word"": ""pakai"", ""langid"": ""other""}, {""word"": ""HP,"", ""langid"": ""other""}, {""word"": ""pakai"", ""langid"": ""other""}, {""word"": ""laptop,"", ""langid"": ""other""}, {""word"": ""udah"", ""langid"": ""other""}, {""word"": ""beda"", ""langid"": ""other""}, {""word"": ""banget"", ""langid"": ""other""}, {""word"": ""dari"", ""langid"": ""other""}, {""word"": ""dulu."", ""langid"": ""other""}, {""word"": ""Nah,"", ""langid"": ""other""}, {""word"": ""kamu"", ""langid"": ""other""}, {""word"": ""ingat"", ""langid"": ""other""}, {""word"": ""nggak"", ""langid"": ""other""}, {""word"": ""pertama"", ""langid"": ""other""}, {""word"": ""kali"", ""langid"": ""other""}, {""word"": ""pas"", ""langid"": ""other""}, {""word"": ""punya"", ""langid"": ""other""}, {""word"": ""HP"", ""langid"": ""other""}, {""word"": ""dulu"", ""langid"": ""other""}, {""word"": ""rasanya"", ""langid"": ""other""}, {""word"": ""kayak"", ""langid"": ""other""}, {""word"": ""gimana?"", ""langid"": ""other""}]","{""other"": 31}","[""indonesian_dev:121""]",31,16.800,False,
processed_indonesia/wav2vec2_300/02_vad/jember_035_0002.wav,"Mulai isuk ibu iku insya Allah setiap hari, ibu jam têlu isuk jam têlu isuk, jam têlu isuk těrus langsung sholat dzikiran sampèk nunggu subuh setelah sawise subuh ibu lanjut bersih-bersih.",indonesian_data/Jember Javanese Spontaneous Speech Corpus/mp3 audio/35.mp3,1000,8000,unknown,"[{""word"": ""Mulai"", ""langid"": ""other""}, {""word"": ""isuk"", ""langid"": ""other""}, {""word"": ""ibu"", ""langid"": ""other""}, {""word"": ""iku"", ""langid"": ""other""}, {""word"": ""insya"", ""langid"": ""other""}, {""word"": ""Allah"", ""langid"": ""other""}, {""word"": ""setiap"", ""langid"": ""other""}, {""word"": ""hari,"", ""langid"": ""other""}, {""word"": ""ibu"", ""langid"": ""other""}, {""word"": ""jam"", ""langid"": ""other""}, {""word"": ""têlu"", ""langid"": ""other""}, {""word"": ""isuk"", ""langid"": ""other""}, {""word"": ""jam"", ""langid"": ""other""}, {""word"": ""têlu"", ""langid"": ""other""}, {""word"": ""isuk,"", ""langid"": ""other""}, {""word"": ""jam"", ""langid"": ""other""}, {""word"": ""têlu"", ""langid"": ""other""}, {""word"": ""isuk"", ""langid"": ""other""}, {""word"": ""těrus"", ""langid"": ""other""}, {""word"": ""langsung"", ""langid"": ""other""}, {""word"": ""sholat"", ""langid"": ""other""}, {""word"": ""dzikiran"", ""langid"": ""other""}, {""word"": ""sampèk"", ""langid"": ""other""}, {""word"": ""nunggu"", ""langid"": ""other""}, {""word"": ""subuh"", ""langid"": ""other""}, {""word"": ""setelah"", ""langid"": ""other""}, {""word"": ""sawise"", ""langid"": ""other""}, {""word"": ""subuh"", ""langid"": ""other""}, {""word"": ""ibu"", ""langid"": ""other""}, {""word"": ""lanjut"", ""langid"": ""other""}, {""word"": ""bersih-bersih."", ""langid"": ""other""}]","{""other"": 31}","[""jember:35:2""]",31,7.000,False,
processed_indonesia/wav2vec2_300/02_vad/jember_129_0013.wav,"Mis, misale awak dhewe nggolèk Chat Bot ngono jaman.",indonesian_data/Jember Javanese Spontaneous Speech Corpus/mp3 audio/129.mp3,54000,56000,unknown,"[{""word"": ""Mis,"", ""langid"": ""other""}, {""word"": ""misale"", ""langid"": ""other""}, {""word"": ""awak"", ""langid"": ""other""}, {""word"": ""dhewe"", ""langid"": ""other""}, {""word"": ""nggolèk"", ""langid"": ""other""}, {""word"": ""Chat"", ""langid"": ""other""}, {""word"": ""Bot"", ""langid"": ""other""}, {""word"": ""ngono"", ""langid"": ""other""}, {""word"": ""jaman."", ""langid"": ""other""}]","{""other"": 9}","[""jember:129:13""]",9,2.000,False,
processed_indonesia/wav2vec2_300/02_vad/jember_204_0057.wav,"Sêkolah ya, sêkolah ya ndèk cêdhêk-cêdhêk kene, ngono kan.",indonesian_data/Jember Javanese Spontaneous Speech Corpus/mp3 audio/204.mp3,369000,373000,unknown,"[{""word"": ""Sêkolah"", ""langid"": ""other""}, {""word"": ""ya,"", ""langid"": ""other""}, {""word"": ""sêkolah"", ""langid"": ""other""}, {""word"": ""ya"", ""langid"": ""other""}, {""word"": ""ndèk"", ""langid"": ""other""}, {""word"": ""cêdhêk-cêdhêk"", ""langid"": ""other""}, {""word"": ""kene,"", ""langid"": ""other""}, {""word"": ""ngono"", ""langid"": ""other""}, {""word"": ""kan."", ""langid"": ""other""}]","{""other"": 9}","[""jember:204:57""]",9,4.000,False,
processed_indonesia/wav2vec2_300/02_vad/jember_171_0028.wav,Wong duwe gawe utawa apa jênênge.,indonesian_data/Jember Javanese Spontaneous Speech Corpus/mp3 audio/171.mp3,96000,99000,unknown,"[{""word"": ""Wong"", ""langid"": ""other""}, {""word"": ""duwe"", ""langid"": ""other""}, {""word"": ""gawe"", ""langid"": ""other""}, {""word"": ""utawa"", ""langid"": ""other""}, {""word"": ""apa"", ""langid"": ""other""}, {""word"": ""jênênge."", ""langid"": ""other""}]","{""other"": 6}","[""jember:171:28""]",6,3.000,False,
processed_indonesia/wav2vec2_300/02_vad/jember_024_0047.wav,Lèk skripsi ndak tak candhak blas.,indonesian_data/Jember Javanese Spontaneous Speech Corpus/mp3 audio/24.mp3,179000,183000,unknown,"[{""word"": ""Lèk"", ""langid"": ""other""}, {""word"": ""skripsi"", ""langid"": ""other""}, {""word"": ""ndak"", ""langid"": ""other""}, {""word"": ""tak"", ""langid"": ""other""}, {""word"": ""candhak"", ""langid"": ""other""}, {""word"": ""blas."", ""langid"": ""other""}]","{""other"": 6}","[""jember:24:47""]",6,4.000,False,
processed_indonesia/wav2vec2_300/02_vad/jember_043_0031.wav,"Oh, sampeyan pingin kêrja sing ndèk njaba Jember?",indonesian_data/Jember Javanese Spontaneous Speech Corpus/mp3 audio/43.mp3,173000,177000,unknown,"[{""word"": ""Oh,"", ""langid"": ""other""}, {""word"": ""sampeyan"", ""langid"": ""other""}, {""word"": ""pingin"", ""langid"": ""other""}, {""word"": ""kêrja"", ""langid"": ""other""}, {""word"": ""sing"", ""langid"": ""other""}, {""word"": ""ndèk"", ""langid"": ""other""}, {""word"": ""njaba"", ""langid"": ""other""}, {""word"": ""Jember?"", ""langid"": ""other""}]","{""other"": 8}","[""jember:43:31""]",8,4.000,False,
processed_indonesia/wav2vec2_300/02_vad/jember_030_0084.wav,"Aku gelas, gelasku tak kosongi, bene wonge ngisi nèng aku.",indonesian_data/Jember Javanese Spontaneous Speech Corpus/mp3 audio/30.mp3,390000,394000,unknown,"[{""word"": ""Aku"", ""langid"": ""other""}, {""word"": ""gelas,"", ""langid"": ""other""}, {""word"": ""gelasku"", ""langid"": ""other""}, {""word"": ""tak"", ""langid"": ""other""}, {""word"": ""kosongi,"", ""langid"": ""other""}, {""word"": ""bene"", ""langid"": ""other""}, {""word"": ""wonge"", ""langid"": ""other""}, {""word"": ""ngisi"", ""langid"": ""other""}, {""word"": ""nèng"", ""langid"": ""other""}, {""word"": ""aku."", ""langid"": ""other""}]","{""other"": 10}","[""jember:30:84""]",10,4.000,False,
processed_indonesia/wav2vec2_300/02_vad/jember_103_0048.wav,"Ya, iku, wêdhine kado nyêlêneh sing tak gawe iku lhoh, klambi, kaos iku.",indonesian_data/Jember Javanese Spontaneous Speech Corpus/mp3 audio/103.mp3,219000,227000,unknown,"[{""word"": ""Ya,"", ""langid"": ""other""}, {""word"": ""iku,"", ""langid"": ""other""}, {""word"": ""wêdhine"", ""langid"": ""other""}, {""word"": ""kado"", ""langid"": ""other""}, {""word"": ""nyêlêneh"", ""langid"": ""other""}, {""word"": ""sing"", ""langid"": ""other""}, {""word"": ""tak"", ""langid"": ""other""}, {""word"": ""gawe"", ""langid"": ""other""}, {""word"": ""iku"", ""langid"": ""other""}, {""word"": ""lhoh,"", ""langid"": ""other""}, {""word"": ""klambi,"", ""langid"": ""other""}, {""word"": ""kaos"", ""langid"": ""other""}, {""word"": ""iku."", ""langid"": ""other""}]","{""other"": 13}","[""jember:103:48""]",13,8.000,False,
processed_indonesia/wav2vec2_300/02_vad/jember_046_0071.wav,"Tapi, lèk aku umpamane nang Jember těrus, aku kan, piye ya.",indonesian_data/Jember Javanese Spontaneous Speech Corpus/mp3 audio/46.mp3,406000,411000,unknown,"[{""word"": ""Tapi,"", ""langid"": ""other""}, {""word"": ""lèk"", ""langid"": ""other""}, {""word"": ""aku"", ""langid"": ""other""}, {""word"": ""umpamane"", ""langid"": ""other""}, {""word"": ""nang"", ""langid"": ""other""}, {""word"": ""Jember"", ""langid"": ""other""}, {""word"": ""těrus,"", ""langid"": ""other""}, {""word"": ""aku"", ""langid"": ""other""}, {""word"": ""kan,"", ""langid"": ""other""}, {""word"": ""piye"", ""langid"": ""other""}, {""word"": ""ya."", ""langid"": ""other""}]","{""other"": 11}","[""jember:46:71""]",11,5.000,False,
processed_indonesia/wav2vec2_300/02_vad/jember_074_0003.wav,"Misale saiki ngantuk, ya aku turu.",indonesian_data/Jember Javanese Spontaneous Speech Corpus/mp3 audio/74.mp3,3000,7000,unknown,"[{""word"": ""Misale"", ""langid"": ""other""}, {""word"": ""saiki"", ""langid"": ""other""}, {""word"": ""ngantuk,"", ""langid"": ""other""}, {""word"": ""ya"", ""langid"": ""other""}, {""word"": ""aku"", ""langid"": ""other""}, {""word"": ""turu."", ""langid"": ""other""}]","{""other"": 6}","[""jember:74:3""]",6,4.000,False,
processed_indonesia/wav2vec2_300/02_vad/jember_053_0021.wav,"Ya, soale kan tanggaku dhewe, tapi ya piye manèh.",indonesian_data/Jember Javanese Spontaneous Speech Corpus/mp3 audio/53.mp3,172000,176000,unknown,"[{""word"": ""Ya,"", ""langid"": ""other""}, {""word"": ""soale"", ""langid"": ""other""}, {""word"": ""kan"", ""langid"": ""other""}, {""word"": ""tanggaku"", ""langid"": ""other""}, {""word"": ""dhewe,"", ""langid"": ""other""}, {""word"": ""tapi"", ""langid"": ""other""}, {""word"": ""ya"", ""langid"": ""other""}, {""word"": ""piye"", ""langid"": ""other""}, {""word"": ""manèh."", ""langid"": ""other""}]","{""other"": 9}","[""jember:53:21""]",9,4.000,False,
processed_indonesia/wav2vec2_300/02_vad/jember_046_0040.wav,"lèk aku pri, lèk aku dhewe sih akhire aku merasa bahwa, e..., iki aku nggak menyimpulkan bahwa,",indonesian_data/Jember Javanese Spontaneous Speech Corpus/mp3 audio/46.mp3,236000,245000,unknown,"[{""word"": ""lèk"", ""langid"": ""other""}, {""word"": ""aku"", ""langid"": ""other""}, {""word"": ""pri,"", ""langid"": ""other""}, {""word"": ""lèk"", ""langid"": ""other""}, {""word"": ""aku"", ""langid"": ""other""}, {""word"": ""dhewe"", ""langid"": ""other""}, {""word"": ""sih"", ""langid"": ""other""}, {""word"": ""akhire"", ""langid"": ""other""}, {""word"": ""aku"", ""langid"": ""other""}, {""word"": ""merasa"", ""langid"": ""other""}, {""word"": ""bahwa,"", ""langid"": ""other""}, {""word"": ""e...,"", ""langid"": ""other""}, {""word"": ""iki"", ""langid"": ""other""}, {""word"": ""aku"", ""langid"": ""other""}, {""word"": ""nggak"", ""langid"": ""other""}, {""word"": ""menyimpulkan"", ""langid"": ""other""}, {""word"": ""bahwa,"", ""langid"": ""other""}]","{""other"": 17}","[""jember:46:40""]",17,9.000,False,
processed_indonesia/wav2vec2_300/02_vad/jember_146_0006.wav,"Dadi, ketika kowe mangan, e, aku mangan pizza sing notabenene de'e iki roti plus keju dan kawan-kawannya.",indonesian_data/Jember Javanese Spontaneous Speech Corpus/mp3 audio/146.mp3,17000,28000,unknown,"[{""word"": ""Dadi,"", ""langid"": ""other""}, {""word"": ""ketika"", ""langid"": ""other""}, {""word"": ""kowe"", ""langid"": ""other""}, {""word"": ""mangan,"", ""langid"": ""other""}, {""word"": ""e,"", ""langid"": ""other""}, {""word"": ""aku"", ""langid"": ""other""}, {""word"": ""mangan"", ""langid"": ""other""}, {""word"": ""pizza"", ""langid"": ""other""}, {""word"": ""sing"", ""langid"": ""other""}, {""word"": ""notabenene"", ""langid"": ""other""}, {""word"": ""de'e"", ""langid"": ""other""}, {""word"": ""iki"", ""langid"": ""other""}, {""word"": ""roti"", ""langid"": ""other""}, {""word"": ""plus"", ""langid"": ""other""}, {""word"": ""keju"", ""langid"": ""other""}, {""word"": ""dan"", ""langid"": ""other""}, {""word"": ""kawan-kawannya."", ""langid"": ""other""}]","{""other"": 17}","[""jember:146:6""]",17,11.000,False,
processed_indonesia/wav2vec2_300/02_vad/jember_050_0016.wav,"Dadi nèng nggenku ya paling rame sepak bola, voli, badminton, tapi sing paling sêring tak lakoni ya lari.",indonesian_data/Jember Javanese Spontaneous Speech Corpus/mp3 audio/50.mp3,68000,75000,unknown,"[{""word"": ""Dadi"", ""langid"": ""other""}, {""word"": ""nèng"", ""langid"": ""other""}, {""word"": ""nggenku"", ""langid"": ""other""}, {""word"": ""ya"", ""langid"": ""other""}, {""word"": ""paling"", ""langid"": ""other""}, {""word"": ""rame"", ""langid"": ""other""}, {""word"": ""sepak"", ""langid"": ""other""}, {""word"": ""bola,"", ""langid"": ""other""}, {""word"": ""voli,"", ""langid"": ""other""}, {""word"": ""badminton,"", ""langid"": ""other""}, {""word"": ""tapi"", ""langid"": ""other""}, {""word"": ""sing"", ""langid"": ""other""}, {""word"": ""paling"", ""langid"": ""other""}, {""word"": ""sêring"", ""langid"": ""other""}, {""word"": ""tak"", ""langid"": ""other""}, {""word"": ""lakoni"", ""langid"": ""other""}, {""word"": ""ya"", ""langid"": ""other""}, {""word"": ""lari."", ""langid"": ""other""}]","{""other"": 18}","[""jember:50:16""]",18,7.000,False,
processed_indonesia/wav2vec2_300/02_vad/jember_095_0025.wav,"Ya, digawe jajan-jajanan.",indonesian_data/Jember Javanese Spontaneous Speech Corpus/mp3 audio/95.mp3,113000,116000,unknown,"[{""word"": ""Ya,"", ""langid"": ""other""}, {""word"": ""digawe"", ""langid"": ""other""}, {""word"": ""jajan-jajanan."", ""langid"": ""other""}]","{""other"": 3}","[""jember:95:25""]",3,3.000,False,
processed_indonesia/wav2vec2_300/02_vad/jember_030_0133.wav,"Cuma sikedar ngehibur diri, tapi gak ana isine.",indonesian_data/Jember Javanese Spontaneous Speech Corpus/mp3 audio/30.mp3,639000,642000,unknown,"[{""word"": ""Cuma"", ""langid"": ""other""}, {""word"": ""sikedar"", ""langid"": ""other""}, {""word"": ""ngehibur"", ""langid"": ""other""}, {""word"": ""diri,"", ""langid"": ""other""}, {""word"": ""tapi"", ""langid"": ""other""}, {""word"": ""gak"", ""langid"": ""other""}, {""word"": ""ana"", ""langid"": ""other""}, {""word"": ""isine."", ""langid"": ""other""}]","{""other"": 8}","[""jember:30:133""]",8,3.000,False,
processed_indonesia/wav2vec2_300/02_vad/jember_040_0056.wav,Těrus nèk carane ngajak masyarakat utawa wong-wong cêdhak supaya gêlêm ngrawat lingkungan ngono piye menurutmu?,indonesian_data/Jember Javanese Spontaneous Speech Corpus/mp3 audio/40.mp3,414000,424000,unknown,"[{""word"": ""Těrus"", ""langid"": ""other""}, {""word"": ""nèk"", ""langid"": ""other""}, {""word"": ""carane"", ""langid"": ""other""}, {""word"": ""ngajak"", ""langid"": ""other""}, {""word"": ""masyarakat"", ""langid"": ""other""}, {""word"": ""utawa"", ""langid"": ""other""}, {""word"": ""wong-wong"", ""langid"": ""other""}, {""word"": ""cêdhak"", ""langid"": ""other""}, {""word"": ""supaya"", ""langid"": ""other""}, {""word"": ""gêlêm"", ""langid"": ""other""}, {""word"": ""ngrawat"", ""langid"": ""other""}, {""word"": ""lingkungan"", ""langid"": ""other""}, {""word"": ""ngono"", ""langid"": ""other""}, {""word"": ""piye"", ""langid"": ""other""}, {""word"": ""menurutmu?"", ""langid"": ""other""}]","{""other"": 15}","[""jember:40:56""]",15,10.000,False,
processed_indonesia/wav2vec2_300/02_vad/indonesian_dev_d448f57d6a4f42ea92a8f11e075a8df1.wav,"Kuwi ra hobi thuk, kuwi ya gur... kuwi kerja jenenge nek nggo cuan ki. Hobi ya ngentekke duwit, hobi ya... hobi ya... ngentekke kertu. Cuma kowe seneng ngono loh. Dadi ya, ya... hobi, lakukanlah hobimu dengan... dengan... dengan bahagia. Dadi kowe gak perlu mikir, hobi kudu cuan, hobi kudu iki, hobi kudu A, kudu B, kudu C, ora. Penting wes seneng, nglakuin kuwi, terus seneng, ya kuwi hobi.",indonesian_data/indonesian_dev/clips/d448f57d6a4f42ea92a8f11e075a8df1.mp3,0,28518,1,"[{""word"": ""Kuwi"", ""langid"": ""other""}, {""word"": ""ra"", ""langid"": ""other""}, {""word"": ""hobi"", ""langid"": ""other""}, {""word"": ""thuk,"", ""langid"": ""other""}, {""word"": ""kuwi"", ""langid"": ""other""}, {""word"": ""ya"", ""langid"": ""other""}, {""word"": ""gur..."", ""langid"": ""other""}, {""word"": ""kuwi"", ""langid"": ""other""}, {""word"": ""kerja"", ""langid"": ""other""}, {""word"": ""jenenge"", ""langid"": ""other""}, {""word"": ""nek"", ""langid"": ""other""}, {""word"": ""nggo"", ""langid"": ""other""}, {""word"": ""cuan"", ""langid"": ""other""}, {""word"": ""ki."", ""langid"": ""other""}, {""word"": ""Hobi"", ""langid"": ""other""}, {""word"": ""ya"", ""langid"": ""other""}, {""word"": ""ngentekke"", ""langid"": ""other""}, {""word"": ""duwit,"", ""langid"": ""other""}, {""word"": ""hobi"", ""langid"": ""other""}, {""word"": ""ya..."", ""langid"": ""other""}, {""word"": ""hobi"", ""langid"": ""other""}, {""word"": ""ya..."", ""langid"": ""other""}, {""word"": ""ngentekke"", ""langid"": ""other""}, {""word"": ""kertu."", ""langid"": ""other""}, {""word"": ""Cuma"", ""langid"": ""other""}, {""word"": ""kowe"", ""langid"": ""other""}, {""word"": ""seneng"", ""langid"": ""other""}, {""word"": ""ngono"", ""langid"": ""other""}, {""word"": ""loh."", ""langid"": ""other""}, {""word"": ""Dadi"", ""langid"": ""other""}, {""word"": ""ya,"", ""langid"": ""other""}, {""word"": ""ya..."", ""langid"": ""other""}, {""word"": ""hobi,"", ""langid"": ""other""}, {""word"": ""lakukanlah"", ""langid"": ""other""}, {""word"": ""hobimu"", ""langid"": ""other""}, {""word"": ""dengan..."", ""langid"": ""other""}, {""word"": ""dengan..."", ""langid"": ""other""}, {""word"": ""dengan"", ""langid"": ""other""}, {""word"": ""bahagia."", ""langid"": ""other""}, {""word"": ""Dadi"", ""langid"": ""other""}, {""word"": ""kowe"", ""langid"": ""other""}, {""word"": ""gak"", ""langid"": ""other""}, {""word"": ""perlu"", ""langid"": ""other""}, {""word"": ""mikir,"", ""langid"": ""other""}, {""word"": ""hobi"", ""langid"": ""other""}, {""word"": ""kudu"", ""langid"": ""other""}, {""word"": ""cuan,"", ""langid"": ""other""}, {""word"": ""hobi"", ""langid"": ""other""}, {""word"": ""kudu"", ""langid"": ""other""}, {""word"": ""iki,"", ""langid"": ""other""}, {""word"": ""hobi"", ""langid"": ""other""}, {""word"": ""kudu"", ""langid"": ""other""}, {""word"": ""A,"", ""langid"": ""other""}, {""word"": ""kudu"", ""langid"": ""other""}, {""word"": ""B,"", ""langid"": ""other""}, {""word"": ""kudu"", ""langid"": ""other""}, {""word"": ""C,"", ""langid"": ""other""}, {""word"": ""ora."", ""langid"": ""other""}, {""word"": ""Penting"", ""langid"": ""other""}, {""word"": ""wes"", ""langid"": ""other""}, {""word"": ""seneng,"", ""langid"": ""other""}, {""word"": ""nglakuin"", ""langid"": ""other""}, {""word"": ""kuwi,"", ""langid"": ""other""}, {""word"": ""terus"", ""langid"": ""other""}, {""word"": ""seneng,"", ""langid"": ""other""}, {""word"": ""ya"", ""langid"": ""other""}, {""word"": ""kuwi"", ""langid"": ""other""}, {""word"": ""hobi."", ""langid"": ""other""}]","{""other"": 68}","[""indonesian_dev:344""]",68,28.518,False,
processed_indonesia/wav2vec2_300/02_vad/jember_052_0001.wav,"Lèk kuliah Agrotêkalogi iku sinaune, iku pelajaran mulai têka budidaya tanaman, mulai têka nandur, mulai têka perawatan tanamane, těruskaya nyiram-nyiram, ngganti tanaman.",indonesian_data/Jember Javanese Spontaneous Speech Corpus/mp3 audio/52.mp3,0,17000,unknown,"[{""word"": ""Lèk"", ""langid"": ""other""}, {""word"": ""kuliah"", ""langid"": ""other""}, {""word"": ""Agrotêkalogi"", ""langid"": ""other""}, {""word"": ""iku"", ""langid"": ""other""}, {""word"": ""sinaune,"", ""langid"": ""other""}, {""word"": ""iku"", ""langid"": ""other""}, {""word"": ""pelajaran"", ""langid"": ""other""}, {""word"": ""mulai"", ""langid"": ""other""}, {""word"": ""têka"", ""langid"": ""other""}, {""word"": ""budidaya"", ""langid"": ""other""}, {""word"": ""tanaman,"", ""langid"": ""other""}, {""word"": ""mulai"", ""langid"": ""other""}, {""word"": ""têka"", ""langid"": ""other""}, {""word"": ""nandur,"", ""langid"": ""other""}, {""word"": ""mulai"", ""langid"": ""other""}, {""word"": ""têka"", ""langid"": ""other""}, {""word"": ""perawatan"", ""langid"": ""other""}, {""word"": ""tanamane,"", ""langid"": ""other""}, {""word"": ""těruskaya"", ""langid"": ""other""}, {""word"": ""nyiram-nyiram,"", ""langid"": ""other""}, {""word"": ""ngganti"", ""langid"": ""other""}, {""word"": ""tanaman."", ""langid"": ""other""}]","{""other"": 22}","[""jember:52:1""]",22,17.000,False,
processed_indonesia/wav2vec2_300/02_vad/jember_178_0008.wav,Kaya contoe macan kumbang sing paling cêdhêk mbêk awake dhewe.,indonesian_data/Jember Javanese Spontaneous Speech Corpus/mp3 audio/178.mp3,34000,39000,unknown,"[{""word"": ""Kaya"", ""langid"": ""other""}, {""word"": ""contoe"", ""langid"": ""other""}, {""word"": ""macan"", ""langid"": ""other""}, {""word"": ""kumbang"", ""langid"": ""other""}, {""word"": ""sing"", ""langid"": ""other""}, {""word"": ""paling"", ""langid"": ""other""}, {""word"": ""cêdhêk"", ""langid"": ""other""}, {""word"": ""mbêk"", ""langid"": ""other""}, {""word"": ""awake"", ""langid"": ""other""}, {""word"": ""dhewe."", ""langid"": ""other""}]","{""other"": 10}","[""jember:178:8""]",10,5.000,False,
processed_indonesia/wav2vec2_300/02_vad/jember_131_0001.wav,"Em..., tak pikir-pikir, Bali sih.",indonesian_data/Jember Javanese Spontaneous Speech Corpus/mp3 audio/131.mp3,0,3000,unknown,"[{""word"": ""Em...,"", ""langid"": ""other""}, {""word"": ""tak"", ""langid"": ""other""}, {""word"": ""pikir-pikir,"", ""langid"": ""other""}, {""word"": ""Bali"", ""langid"": ""other""}, {""word"": ""sih."", ""langid"": ""other""}]","{""other"": 5}","[""jember:131:1""]",5,3.000,False,
processed_indonesia/wav2vec2_300/02_vad/jember_036_0004.wav,"Biasane ki kêsêringan kuliah masuk jam sembilan, he'em, jam setengah sêpulahan ika, sampèk sore kuwi wis.",indonesian_data/Jember Javanese Spontaneous Speech Corpus/mp3 audio/36.mp3,21000,31000,unknown,"[{""word"": ""Biasane"", ""langid"": ""other""}, {""word"": ""ki"", ""langid"": ""other""}, {""word"": ""kêsêringan"", ""langid"": ""other""}, {""word"": ""kuliah"", ""langid"": ""other""}, {""word"": ""masuk"", ""langid"": ""other""}, {""word"": ""jam"", ""langid"": ""other""}, {""word"": ""sembilan,"", ""langid"": ""other""}, {""word"": ""he'em,"", ""langid"": ""other""}, {""word"": ""jam"", ""langid"": ""other""}, {""word"": ""setengah"", ""langid"": ""other""}, {""word"": ""sêpulahan"", ""langid"": ""other""}, {""word"": ""ika,"", ""langid"": ""other""}, {""word"": ""sampèk"", ""langid"": ""other""}, {""word"": ""sore"", ""langid"": ""other""}, {""word"": ""kuwi"", ""langid"": ""other""}, {""word"": ""wis."", ""langid"": ""other""}]","{""other"": 16}","[""jember:36:4""]",16,10.000,False,
processed_indonesia/wav2vec2_300/02_vad/jember_207_0029.wav,"Udu uwong sing emang sêring maca komik ngono, udu penikmat komik.",indonesian_data/Jember Javanese Spontaneous Speech Corpus/mp3 audio/207.mp3,188000,194000,unknown,"[{""word"": ""Udu"", ""langid"": ""other""}, {""word"": ""uwong"", ""langid"": ""other""}, {""word"": ""sing"", ""langid"": ""other""}, {""word"": ""emang"", ""langid"": ""other""}, {""word"": ""sêring"", ""langid"": ""other""}, {""word"": ""maca"", ""langid"": ""other""}, {""word"": ""komik"", ""langid"": ""other""}, {""word"": ""ngono,"", ""langid"": ""other""}, {""word"": ""udu"", ""langid"": ""other""}, {""word"": ""penikmat"", ""langid"": ""other""}, {""word"": ""komik."", ""langid"": ""other""}]","{""other"": 11}","[""jember:207:29""]",11,6.000,False,
processed_indonesia/wav2vec2_300/02_vad/jember_107_0043.wav,Soale kan duduk pabrikan.,indonesian_data/Jember Javanese Spontaneous Speech Corpus/mp3 audio/107.mp3,281000,284000,unknown,"[{""word"": ""Soale"", ""langid"": ""other""}, {""word"": ""kan"", ""langid"": ""other""}, {""word"": ""duduk"", ""langid"": ""other""}, {""word"": ""pabrikan."", ""langid"": ""other""}]","{""other"": 4}","[""jember:107:43""]",4,3.000,False,
processed_indonesia/wav2vec2_300/02_vad/jember_202_0015.wav,Kan ana sêkolah swasta yayasan ngono sing biayane minim.,indonesian_data/Jember Javanese Spontaneous Speech Corpus/mp3 audio/202.mp3,79000,83000,unknown,"[{""word"": ""Kan"", ""langid"": ""other""}, {""word"": ""ana"", ""langid"": ""other""}, {""word"": ""sêkolah"", ""langid"": ""other""}, {""word"": ""swasta"", ""langid"": ""other""}, {""word"": ""yayasan"", ""langid"": ""other""}, {""word"": ""ngono"", ""langid"": ""other""}, {""word"": ""sing"", ""langid"": ""other""}, {""word"": ""biayane"", ""langid"": ""other""}, {""word"": ""minim."", ""langid"": ""other""}]","{""other"": 9}","[""jember:202:15""]",9,4.000,False,
processed_indonesia/wav2vec2_300/02_vad/jember_103_0033.wav,"Ya, maksude, dibahas poin-poine ae, soale arèk-arèk iki sêlak jumatan ngono kan.",indonesian_data/Jember Javanese Spontaneous Speech Corpus/mp3 audio/103.mp3,126000,132000,unknown,"[{""word"": ""Ya,"", ""langid"": ""other""}, {""word"": ""maksude,"", ""langid"": ""other""}, {""word"": ""dibahas"", ""langid"": ""other""}, {""word"": ""poin-poine"", ""langid"": ""other""}, {""word"": ""ae,"", ""langid"": ""other""}, {""word"": ""soale"", ""langid"": ""other""}, {""word"": ""arèk-arèk"", ""langid"": ""other""}, {""word"": ""iki"", ""langid"": ""other""}, {""word"": ""sêlak"", ""langid"": ""other""}, {""word"": ""jumatan"", ""langid"": ""other""}, {""word"": ""ngono"", ""langid"": ""other""}, {""word"": ""kan."", ""langid"": ""other""}]","{""other"": 12}","[""jember:103:33""]",12,6.000,False,
processed_indonesia/wav2vec2_300/02_vad/jember_064_0008.wav,"Těrus sing ke loro ya biasane wong-wong nèk ngêrti carane ngelola, apa?",indonesian_data/Jember Javanese Spontaneous Speech Corpus/mp3 audio/64.mp3,43000,49000,unknown,"[{""word"": ""Těrus"", ""langid"": ""other""}, {""word"": ""sing"", ""langid"": ""other""}, {""word"": ""ke"", ""langid"": ""other""}, {""word"": ""loro"", ""langid"": ""other""}, {""word"": ""ya"", ""langid"": ""other""}, {""word"": ""biasane"", ""langid"": ""other""}, {""word"": ""wong-wong"", ""langid"": ""other""}, {""word"": ""nèk"", ""langid"": ""other""}, {""word"": ""ngêrti"", ""langid"": ""other""}, {""word"": ""carane"", ""langid"": ""other""}, {""word"": ""ngelola,"", ""langid"": ""other""}, {""word"": ""apa?"", ""langid"": ""other""}]","{""other"": 12}","[""jember:64:8""]",12,6.000,False,
processed_indonesia/wav2vec2_300/02_vad/jember_103_0003.wav,"Nah, tak kira jam sanga wis rame.",indonesian_data/Jember Javanese Spontaneous Speech Corpus/mp3 audio/103.mp3,4000,9000,unknown,"[{""word"": ""Nah,"", ""langid"": ""other""}, {""word"": ""tak"", ""langid"": ""other""}, {""word"": ""kira"", ""langid"": ""other""}, {""word"": ""jam"", ""langid"": ""other""}, {""word"": ""sanga"", ""langid"": ""other""}, {""word"": ""wis"", ""langid"": ""other""}, {""word"": ""rame."", ""langid"": ""other""}]","{""other"": 7}","[""jember:103:3""]",7,5.000,False,
processed_indonesia/wav2vec2_300/02_vad/jember_113_0023.wav,"Ampèk saiki, wong-wong iku sik, secara mutlak ngomong G30S PKI.",indonesian_data/Jember Javanese Spontaneous Speech Corpus/mp3 audio/113.mp3,136000,143000,unknown,"[{""word"": ""Ampèk"", ""langid"": ""other""}, {""word"": ""saiki,"", ""langid"": ""other""}, {""word"": ""wong-wong"", ""langid"": ""other""}, {""word"": ""iku"", ""langid"": ""other""}, {""word"": ""sik,"", ""langid"": ""other""}, {""word"": ""secara"", ""langid"": ""other""}, {""word"": ""mutlak"", ""langid"": ""other""}, {""word"": ""ngomong"", ""langid"": ""other""}, {""word"": ""G30S"", ""langid"": ""other""}, {""word"": ""PKI."", ""langid"": ""other""}]","{""other"": 10}","[""jember:113:23""]",10,7.000,False,
processed_indonesia/wav2vec2_300/02_vad/jember_183_0007.wav,"Awake dhewe, těrus, gak ana sinyal pisan kan, gak ana internet.",indonesian_data/Jember Javanese Spontaneous Speech Corpus/mp3 audio/183.mp3,39000,42000,unknown,"[{""word"": ""Awake"", ""langid"": ""other""}, {""word"": ""dhewe,"", ""langid"": ""other""}, {""word"": ""těrus,"", ""langid"": ""other""}, {""word"": ""gak"", ""langid"": ""other""}, {""word"": ""ana"", ""langid"": ""other""}, {""word"": ""sinyal"", ""langid"": ""other""}, {""word"": ""pisan"", ""langid"": ""other""}, {""word"": ""kan,"", ""langid"": ""other""}, {""word"": ""gak"", ""langid"": ""other""}, {""word"": ""ana"", ""langid"": ""other""}, {""word"": ""internet."", ""langid"": ""other""}]","{""other"": 11}","[""jember:183:7""]",11,3.000,False,
processed_indonesia/wav2vec2_300/02_vad/jember_107_0110.wav,"Ben apa ya? Ben mêsthi lah, mêsthi nguwoh iku lho.",indonesian_data/Jember Javanese Spontaneous Speech Corpus/mp3 audio/107.mp3,663000,666000,unknown,"[{""word"": ""Ben"", ""langid"": ""other""}, {""word"": ""apa"", ""langid"": ""other""}, {""word"": ""ya?"", ""langid"": ""other""}, {""word"": ""Ben"", ""langid"": ""other""}, {""word"": ""mêsthi"", ""langid"": ""other""}, {""word"": ""lah,"", ""langid"": ""other""}, {""word"": ""mêsthi"", ""langid"": ""other""}, {""word"": ""nguwoh"", ""langid"": ""other""}, {""word"": ""iku"", ""langid"": ""other""}, {""word"": ""lho."", ""langid"": ""other""}]","{""other"": 10}","[""jember:107:110""]",10,3.000,False,
processed_indonesia/wav2vec2_300/02_vad/indonesian_dev_cbd5478514794022847722c78e1f4927.wav,"Aku ikut ekskul ini dari kelas satu, kelas sepuluh. Nah, biasanya kami latihan seminggu sekali habis selesai pelajaran sekolah terus ya main beberapa lagu atau disebut nama lagunya itu gending, gending Jawa gitu ya.",indonesian_data/indonesian_dev/clips/cbd5478514794022847722c78e1f4927.mp3,0,18680,6,"[{""word"": ""Aku"", ""langid"": ""other""}, {""word"": ""ikut"", ""langid"": ""other""}, {""word"": ""ekskul"", ""langid"": ""other""}, {""word"": ""ini"", ""langid"": ""other""}, {""word"": ""dari"", ""langid"": ""other""}, {""word"": ""kelas"", ""langid"": ""other""}, {""word"": ""satu,"", ""langid"": ""other""}, {""word"": ""kelas"", ""langid"": ""other""}, {""word"": ""sepuluh."", ""langid"": ""other""}, {""word"": ""Nah,"", ""langid"": ""other""}, {""word"": ""biasanya"", ""langid"": ""other""}, {""word"": ""kami"", ""langid"": ""other""}, {""word"": ""latihan"", ""langid"": ""other""}, {""word"": ""seminggu"", ""langid"": ""other""}, {""word"": ""sekali"", ""langid"": ""other""}, {""word"": ""habis"", ""langid"": ""other""}, {""word"": ""selesai"", ""langid"": ""other""}, {""word"": ""pelajaran"", ""langid"": ""other""}, {""word"": ""sekolah"", ""langid"": ""other""}, {""word"": ""terus"", ""langid"": ""other""}, {""word"": ""ya"", ""langid"": ""other""}, {""word"": ""main"", ""langid"": ""other""}, {""word"": ""beberapa"", ""langid"": ""other""}, {""word"": ""lagu"", ""langid"": ""other""}, {""word"": ""atau"", ""langid"": ""other""}, {""word"": ""disebut"", ""langid"": ""other""}, {""word"": ""nama"", ""langid"": ""other""}, {""word"": ""lagunya"", ""langid"": ""other""}, {""word"": ""itu"", ""langid"": ""other""}, {""word"": ""gending,"", ""langid"": ""other""}, {""word"": ""gending"", ""langid"": ""other""}, {""word"": ""Jawa"", ""langid"": ""other""}, {""word"": ""gitu"", ""langid"": ""other""}, {""word"": ""ya."", ""langid"": ""other""}]","{""other"": 34}","[""indonesian_dev:206""]",34,18.680,False,
processed_indonesia/wav2vec2_300/02_vad/jember_002_0176.wav,Bioskop wae sik baru mbangun wingi.,indonesian_data/Jember Javanese Spontaneous Speech Corpus/mp3 audio/2.mp3,552000,554000,unknown,"[{""word"": ""Bioskop"", ""langid"": ""other""}, {""word"": ""wae"", ""langid"": ""other""}, {""word"": ""sik"", ""langid"": ""other""}, {""word"": ""baru"", ""langid"": ""other""}, {""word"": ""mbangun"", ""langid"": ""other""}, {""word"": ""wingi."", ""langid"": ""other""}]","{""other"": 6}","[""jember:2:176""]",6,2.000,False,
processed_indonesia/wav2vec2_300/02_vad/jember_125_0006.wav,"Iku online ngono, nggawe zoom.",indonesian_data/Jember Javanese Spontaneous Speech Corpus/mp3 audio/125.mp3,28000,31000,unknown,"[{""word"": ""Iku"", ""langid"": ""other""}, {""word"": ""online"", ""langid"": ""other""}, {""word"": ""ngono,"", ""langid"": ""other""}, {""word"": ""nggawe"", ""langid"": ""other""}, {""word"": ""zoom."", ""langid"": ""other""}]","{""other"": 5}","[""jember:125:6""]",5,3.000,False,
processed_indonesia/wav2vec2_300/02_vad/jember_151_0003.wav,"Ning meskipun begitu ya, kaya pertukaran ngono lah.",indonesian_data/Jember Javanese Spontaneous Speech Corpus/mp3 audio/151.mp3,10000,14000,unknown,"[{""word"": ""Ning"", ""langid"": ""other""}, {""word"": ""meskipun"", ""langid"": ""other""}, {""word"": ""begitu"", ""langid"": ""other""}, {""word"": ""ya,"", ""langid"": ""other""}, {""word"": ""kaya"", ""langid"": ""other""}, {""word"": ""pertukaran"", ""langid"": ""other""}, {""word"": ""ngono"", ""langid"": ""other""}, {""word"": ""lah."", ""langid"": ""other""}]","{""other"": 8}","[""jember:151:3""]",8,4.000,False,
processed_indonesia/wav2vec2_300/02_vad/indonesian_dev_8633ba5147a84fbf8d2a70ed371b191c.wav,"Pengalaman liburan bersama keluarga bisa dibilang agak-agak jarang ya. Jadi 'kan keluargaku itu biasanya kalau liburan panjang kayak Idul Fitri, kemudian liburan yang lainnya, biasanya itu kita menghabiskan waktu ndek rumahnya simbah, yang mana 'kan semua saudara-saudara juga lebaran di sana.",indonesian_data/indonesian_dev/clips/8633ba5147a84fbf8d2a70ed371b191c.mp3,0,29098,1,"[{""word"": ""Pengalaman"", ""langid"": ""other""}, {""word"": ""liburan"", ""langid"": ""other""}, {""word"": ""bersama"", ""langid"": ""other""}, {""word"": ""keluarga"", ""langid"": ""other""}, {""word"": ""bisa"", ""langid"": ""other""}, {""word"": ""dibilang"", ""langid"": ""other""}, {""word"": ""agak-agak"", ""langid"": ""other""}, {""word"": ""jarang"", ""langid"": ""other""}, {""word"": ""ya."", ""langid"": ""other""}, {""word"": ""Jadi"", ""langid"": ""other""}, {""word"": ""'kan"", ""langid"": ""other""}, {""word"": ""keluargaku"", ""langid"": ""other""}, {""word"": ""itu"", ""langid"": ""other""}, {""word"": ""biasanya"", ""langid"": ""other""}, {""word"": ""kalau"", ""langid"": ""other""}, {""word"": ""liburan"", ""langid"": ""other""}, {""word"": ""panjang"", ""langid"": ""other""}, {""word"": ""kayak"", ""langid"": ""other""}, {""word"": ""Idul"", ""langid"": ""other""}, {""word"": ""Fitri,"", ""langid"": ""other""}, {""word"": ""kemudian"", ""langid"": ""other""}, {""word"": ""liburan"", ""langid"": ""other""}, {""word"": ""yang"", ""langid"": ""other""}, {""word"": ""lainnya,"", ""langid"": ""other""}, {""word"": ""biasanya"", ""langid"": ""other""}, {""word"": ""itu"", ""langid"": ""other""}, {""word"": ""kita"", ""langid"": ""other""}, {""word"": ""menghabiskan"", ""langid"": ""other""}, {""word"": ""waktu"", ""langid"": ""other""}, {""word"": ""ndek"", ""langid"": ""other""}, {""word"": ""rumahnya"", ""langid"": ""other""}, {""word"": ""simbah,"", ""langid"": ""other""}, {""word"": ""yang"", ""langid"": ""other""}, {""word"": ""mana"", ""langid"": ""other""}, {""word"": ""'kan"", ""langid"": ""other""}, {""word"": ""semua"", ""langid"": ""other""}, {""word"": ""saudara-saudara"", ""langid"": ""other""}, {""word"": ""juga"", ""langid"": ""other""}, {""word"": ""lebaran"", ""langid"": ""other""}, {""word"": ""di"", ""langid"": ""other""}, {""word"": ""sana."", ""langid"": ""other""}]","{""other"": 41}","[""indonesian_dev:117""]",41,29.098,False,
processed_indonesia/wav2vec2_300/02_vad/jember_106_0032.wav,"Těrus, apa, e..., berat têlêse akar, těrus berat garinge akar ngono ya.",indonesian_data/Jember Javanese Spontaneous Speech Corpus/mp3 audio/106.mp3,190000,200000,unknown,"[{""word"": ""Těrus,"", ""langid"": ""other""}, {""word"": ""apa,"", ""langid"": ""other""}, {""word"": ""e...,"", ""langid"": ""other""}, {""word"": ""berat"", ""langid"": ""other""}, {""word"": ""têlêse"", ""langid"": ""other""}, {""word"": ""akar,"", ""langid"": ""other""}, {""word"": ""těrus"", ""langid"": ""other""}, {""word"": ""berat"", ""langid"": ""other""}, {""word"": ""garinge"", ""langid"": ""other""}, {""word"": ""akar"", ""langid"": ""other""}, {""word"": ""ngono"", ""langid"": ""other""}, {""word"": ""ya."", ""langid"": ""other""}]","{""other"": 12}","[""jember:106:32""]",12,10.000,False,
processed_indonesia/wav2vec2_300/02_vad/jember_208_0010.wav,"Judule ""Because This Is My First Life"", artine iku krana iki urip pertamaku.",indonesian_data/Jember Javanese Spontaneous Speech Corpus/mp3 audio/208.mp3,64000,74000,unknown,"[{""word"": ""Judule"", ""langid"": ""other""}, {""word"": ""\""Because"", ""langid"": ""other""}, {""word"": ""This"", ""langid"": ""other""}, {""word"": ""Is"", ""langid"": ""other""}, {""word"": ""My"", ""langid"": ""other""}, {""word"": ""First"", ""langid"": ""other""}, {""word"": ""Life\"","", ""langid"": ""other""}, {""word"": ""artine"", ""langid"": ""other""}, {""word"": ""iku"", ""langid"": ""other""}, {""word"": ""krana"", ""langid"": ""other""}, {""word"": ""iki"", ""langid"": ""other""}, {""word"": ""urip"", ""langid"": ""other""}, {""word"": ""pertamaku."", ""langid"": ""other""}]","{""other"": 13}","[""jember:208:10""]",13,10.000,False,
processed_indonesia/wav2vec2_300/02_vad/jember_208_0021.wav,"Nah, e, tapi, selain crita-crita romantis iku, luwih akèh crita sing nguwehi nilai-nilai kehidupan.",indonesian_data/Jember Javanese Spontaneous Speech Corpus/mp3 audio/208.mp3,129000,143000,unknown,"[{""word"": ""Nah,"", ""langid"": ""other""}, {""word"": ""e,"", ""langid"": ""other""}, {""word"": ""tapi,"", ""langid"": ""other""}, {""word"": ""selain"", ""langid"": ""other""}, {""word"": ""crita-crita"", ""langid"": ""other""}, {""word"": ""romantis"", ""langid"": ""other""}, {""word"": ""iku,"", ""langid"": ""other""}, {""word"": ""luwih"", ""langid"": ""other""}, {""word"": ""akèh"", ""langid"": ""other""}, {""word"": ""crita"", ""langid"": ""other""}, {""word"": ""sing"", ""langid"": ""other""}, {""word"": ""nguwehi"", ""langid"": ""other""}, {""word"": ""nilai-nilai"", ""langid"": ""other""}, {""word"": ""kehidupan."", ""langid"": ""other""}]","{""other"": 14}","[""jember:208:21""]",14,14.000,False,
processed_indonesia/wav2vec2_300/02_vad/jember_086_0001.wav,Sebut lan jêlasne kegiatan apa sing tak sênêngi?,indonesian_data/Jember Javanese Spontaneous Speech Corpus/mp3 audio/86.mp3,1000,5000,unknown,"[{""word"": ""Sebut"", ""langid"": ""other""}, {""word"": ""lan"", ""langid"": ""other""}, {""word"": ""jêlasne"", ""langid"": ""other""}, {""word"": ""kegiatan"", ""langid"": ""other""}, {""word"": ""apa"", ""langid"": ""other""}, {""word"": ""sing"", ""langid"": ""other""}, {""word"": ""tak"", ""langid"": ""other""}, {""word"": ""sênêngi?"", ""langid"": ""other""}]","{""other"": 8}","[""jember:86:1""]",8,4.000,False,
processed_indonesia/wav2vec2_300/02_vad/jember_171_0033.wav,"Kebutuhan iki, e..., apa, e..., arêpe mlêbu S2 kan kudu maca.",indonesian_data/Jember Javanese Spontaneous Speech Corpus/mp3 audio/171.mp3,111000,117000,unknown,"[{""word"": ""Kebutuhan"", ""langid"": ""other""}, {""word"": ""iki,"", ""langid"": ""other""}, {""word"": ""e...,"", ""langid"": ""other""}, {""word"": ""apa,"", ""langid"": ""other""}, {""word"": ""e...,"", ""langid"": ""other""}, {""word"": ""arêpe"", ""langid"": ""other""}, {""word"": ""mlêbu"", ""langid"": ""other""}, {""word"": ""S2"", ""langid"": ""other""}, {""word"": ""kan"", ""langid"": ""other""}, {""word"": ""kudu"", ""langid"": ""other""}, {""word"": ""maca."", ""langid"": ""other""}]","{""other"": 11}","[""jember:171:33""]",11,6.000,False,
processed_indonesia/wav2vec2_300/02_vad/jember_141_0012.wav,"Dadi, ya wis upgrade PC.",indonesian_data/Jember Javanese Spontaneous Speech Corpus/mp3 audio/141.mp3,80000,82000,unknown,"[{""word"": ""Dadi,"", ""langid"": ""other""}, {""word"": ""ya"", ""langid"": ""other""}, {""word"": ""wis"", ""langid"": ""other""}, {""word"": ""upgrade"", ""langid"": ""other""}, {""word"": ""PC."", ""langid"": ""other""}]","{""other"": 5}","[""jember:141:12""]",5,2.000,False,
processed_indonesia/wav2vec2_300/02_vad/jember_097_0037.wav,Perjalanan liburan sing paling berkesan?,indonesian_data/Jember Javanese Spontaneous Speech Corpus/mp3 audio/97.mp3,376000,381000,unknown,"[{""word"": ""Perjalanan"", ""langid"": ""other""}, {""word"": ""liburan"", ""langid"": ""other""}, {""word"": ""sing"", ""langid"": ""other""}, {""word"": ""paling"", ""langid"": ""other""}, {""word"": ""berkesan?"", ""langid"": ""other""}]","{""other"": 5}","[""jember:97:37""]",5,5.000,False,
processed_indonesia/wav2vec2_300/02_vad/jember_034_0027.wav,Carane bên manungsa ambe kewan ki isa urip bêbarêngan ngono menurute sampeyan piye?,indonesian_data/Jember Javanese Spontaneous Speech Corpus/mp3 audio/34.mp3,193000,202000,unknown,"[{""word"": ""Carane"", ""langid"": ""other""}, {""word"": ""bên"", ""langid"": ""other""}, {""word"": ""manungsa"", ""langid"": ""other""}, {""word"": ""ambe"", ""langid"": ""other""}, {""word"": ""kewan"", ""langid"": ""other""}, {""word"": ""ki"", ""langid"": ""other""}, {""word"": ""isa"", ""langid"": ""other""}, {""word"": ""urip"", ""langid"": ""other""}, {""word"": ""bêbarêngan"", ""langid"": ""other""}, {""word"": ""ngono"", ""langid"": ""other""}, {""word"": ""menurute"", ""langid"": ""other""}, {""word"": ""sampeyan"", ""langid"": ""other""}, {""word"": ""piye?"", ""langid"": ""other""}]","{""other"": 13}","[""jember:34:27""]",13,9.000,False,
processed_indonesia/wav2vec2_300/02_vad/jember_036_0016.wav,Pancêt nèng warung mênèh.,indonesian_data/Jember Javanese Spontaneous Speech Corpus/mp3 audio/36.mp3,87000,91000,unknown,"[{""word"": ""Pancêt"", ""langid"": ""other""}, {""word"": ""nèng"", ""langid"": ""other""}, {""word"": ""warung"", ""langid"": ""other""}, {""word"": ""mênèh."", ""langid"": ""other""}]","{""other"": 4}","[""jember:36:16""]",4,4.000,False,
processed_indonesia/wav2vec2_300/02_vad/jember_205_0008.wav,Karena ya iku keterbatasan kan ya berhubungan mbèk kondisi ekonomi.,indonesian_data/Jember Javanese Spontaneous Speech Corpus/mp3 audio/205.mp3,44000,50000,unknown,"[{""word"": ""Karena"", ""langid"": ""other""}, {""word"": ""ya"", ""langid"": ""other""}, {""word"": ""iku"", ""langid"": ""other""}, {""word"": ""keterbatasan"", ""langid"": ""other""}, {""word"": ""kan"", ""langid"": ""other""}, {""word"": ""ya"", ""langid"": ""other""}, {""word"": ""berhubungan"", ""langid"": ""other""}, {""word"": ""mbèk"", ""langid"": ""other""}, {""word"": ""kondisi"", ""langid"": ""other""}, {""word"": ""ekonomi."", ""langid"": ""other""}]","{""other"": 10}","[""jember:205:8""]",10,6.000,False,
processed_indonesia/wav2vec2_300/02_vad/jember_124_0013.wav,"Mêrga nèk Pak Gedhe iku kan pendèkatane ora pati formal lah, gampange ngono.",indonesian_data/Jember Javanese Spontaneous Speech Corpus/mp3 audio/124.mp3,72000,77000,unknown,"[{""word"": ""Mêrga"", ""langid"": ""other""}, {""word"": ""nèk"", ""langid"": ""other""}, {""word"": ""Pak"", ""langid"": ""other""}, {""word"": ""Gedhe"", ""langid"": ""other""}, {""word"": ""iku"", ""langid"": ""other""}, {""word"": ""kan"", ""langid"": ""other""}, {""word"": ""pendèkatane"", ""langid"": ""other""}, {""word"": ""ora"", ""langid"": ""other""}, {""word"": ""pati"", ""langid"": ""other""}, {""word"": ""formal"", ""langid"": ""other""}, {""word"": ""lah,"", ""langid"": ""other""}, {""word"": ""gampange"", ""langid"": ""other""}, {""word"": ""ngono."", ""langid"": ""other""}]","{""other"": 13}","[""jember:124:13""]",13,5.000,False,
processed_indonesia/wav2vec2_300/02_vad/jember_031_0018.wav,"Pendhidhikan ndèk sêkolah iku lèk jarèku ya pênting, mêrga karakter, moral.",indonesian_data/Jember Javanese Spontaneous Speech Corpus/mp3 audio/31.mp3,137000,160000,unknown,"[{""word"": ""Pendhidhikan"", ""langid"": ""other""}, {""word"": ""ndèk"", ""langid"": ""other""}, {""word"": ""sêkolah"", ""langid"": ""other""}, {""word"": ""iku"", ""langid"": ""other""}, {""word"": ""lèk"", ""langid"": ""other""}, {""word"": ""jarèku"", ""langid"": ""other""}, {""word"": ""ya"", ""langid"": ""other""}, {""word"": ""pênting,"", ""langid"": ""other""}, {""word"": ""mêrga"", ""langid"": ""other""}, {""word"": ""karakter,"", ""langid"": ""other""}, {""word"": ""moral."", ""langid"": ""other""}]","{""other"": 11}","[""jember:31:18""]",11,23.000,False,
processed_indonesia/wav2vec2_300/02_vad/jember_118_0012.wav,Lèk aku pengin nèng kutha-kutha iku.,indonesian_data/Jember Javanese Spontaneous Speech Corpus/mp3 audio/118.mp3,64000,66000,unknown,"[{""word"": ""Lèk"", ""langid"": ""other""}, {""word"": ""aku"", ""langid"": ""other""}, {""word"": ""pengin"", ""langid"": ""other""}, {""word"": ""nèng"", ""langid"": ""other""}, {""word"": ""kutha-kutha"", ""langid"": ""other""}, {""word"": ""iku."", ""langid"": ""other""}]","{""other"": 6}","[""jember:118:12""]",6,2.000,False,
processed_indonesia/wav2vec2_300/02_vad/jember_096_0005.wav,"Tempate apik, dalane ya apik. ndèk kono iku akèh spot foto sing e gawe foto-foto ngono iku.",indonesian_data/Jember Javanese Spontaneous Speech Corpus/mp3 audio/96.mp3,22000,31000,unknown,"[{""word"": ""Tempate"", ""langid"": ""other""}, {""word"": ""apik,"", ""langid"": ""other""}, {""word"": ""dalane"", ""langid"": ""other""}, {""word"": ""ya"", ""langid"": ""other""}, {""word"": ""apik."", ""langid"": ""other""}, {""word"": ""ndèk"", ""langid"": ""other""}, {""word"": ""kono"", ""langid"": ""other""}, {""word"": ""iku"", ""langid"": ""other""}, {""word"": ""akèh"", ""langid"": ""other""}, {""word"": ""spot"", ""langid"": ""other""}, {""word"": ""foto"", ""langid"": ""other""}, {""word"": ""sing"", ""langid"": ""other""}, {""word"": ""e"", ""langid"": ""other""}, {""word"": ""gawe"", ""langid"": ""other""}, {""word"": ""foto-foto"", ""langid"": ""other""}, {""word"": ""ngono"", ""langid"": ""other""}, {""word"": ""iku."", ""langid"": ""other""}]","{""other"": 17}","[""jember:96:5""]",17,9.000,False,
processed_indonesia/wav2vec2_300/02_vad/jember_030_0025.wav,"Sarapanku gak adoh-adoh, mêsthi mangane  sêga pecel.",indonesian_data/Jember Javanese Spontaneous Speech Corpus/mp3 audio/30.mp3,91000,95000,unknown,"[{""word"": ""Sarapanku"", ""langid"": ""other""}, {""word"": ""gak"", ""langid"": ""other""}, {""word"": ""adoh-adoh,"", ""langid"": ""other""}, {""word"": ""mêsthi"", ""langid"": ""other""}, {""word"": ""mangane"", ""langid"": ""other""}, {""word"": ""sêga"", ""langid"": ""other""}, {""word"": ""pecel."", ""langid"": ""other""}]","{""other"": 7}","[""jember:30:25""]",7,4.000,False,
processed_indonesia/wav2vec2_300/02_vad/jember_199_0017.wav,"Misale têka jagung, těrus, e, wong-wong sing, e, ngolah-ngolah iku nyêlèpne jagung, nyêlèpne pari, ngono sing olèh.",indonesian_data/Jember Javanese Spontaneous Speech Corpus/mp3 audio/199.mp3,91000,101000,unknown,"[{""word"": ""Misale"", ""langid"": ""other""}, {""word"": ""têka"", ""langid"": ""other""}, {""word"": ""jagung,"", ""langid"": ""other""}, {""word"": ""těrus,"", ""langid"": ""other""}, {""word"": ""e,"", ""langid"": ""other""}, {""word"": ""wong-wong"", ""langid"": ""other""}, {""word"": ""sing,"", ""langid"": ""other""}, {""word"": ""e,"", ""langid"": ""other""}, {""word"": ""ngolah-ngolah"", ""langid"": ""other""}, {""word"": ""iku"", ""langid"": ""other""}, {""word"": ""nyêlèpne"", ""langid"": ""other""}, {""word"": ""jagung,"", ""langid"": ""other""}, {""word"": ""nyêlèpne"", ""langid"": ""other""}, {""word"": ""pari,"", ""langid"": ""other""}, {""word"": ""ngono"", ""langid"": ""other""}, {""word"": ""sing"", ""langid"": ""other""}, {""word"": ""olèh."", ""langid"": ""other""}]","{""other"": 17}","[""jember:199:17""]",17,10.000,False,
processed_indonesia/wav2vec2_300/02_vad/jember_168_0001.wav,"Aku nggak ngêrti ya, tapi nèk misal ana maling de'e lewat kuwi mêsthi digebuki sih.",indonesian_data/Jember Javanese Spontaneous Speech Corpus/mp3 audio/168.mp3,0,6000,unknown,"[{""word"": ""Aku"", ""langid"": ""other""}, {""word"": ""nggak"", ""langid"": ""other""}, {""word"": ""ngêrti"", ""langid"": ""other""}, {""word"": ""ya,"", ""langid"": ""other""}, {""word"": ""tapi"", ""langid"": ""other""}, {""word"": ""nèk"", ""langid"": ""other""}, {""word"": ""misal"", ""langid"": ""other""}, {""word"": ""ana"", ""langid"": ""other""}, {""word"": ""maling"", ""langid"": ""other""}, {""word"": ""de'e"", ""langid"": ""other""}, {""word"": ""lewat"", ""langid"": ""other""}, {""word"": ""kuwi"", ""langid"": ""other""}, {""word"": ""mêsthi"", ""langid"": ""other""}, {""word"": ""digebuki"", ""langid"": ""other""}, {""word"": ""sih."", ""langid"": ""other""}]","{""other"": 15}","[""jember:168:1""]",15,6.000,False,
processed_indonesia/wav2vec2_300/02_vad/jember_002_0198.wav,Rata-rata wong kene iku nggae Shopee.,indonesian_data/Jember Javanese Spontaneous Speech Corpus/mp3 audio/2.mp3,606000,610000,unknown,"[{""word"": ""Rata-rata"", ""langid"": ""other""}, {""word"": ""wong"", ""langid"": ""other""}, {""word"": ""kene"", ""langid"": ""other""}, {""word"": ""iku"", ""langid"": ""other""}, {""word"": ""nggae"", ""langid"": ""other""}, {""word"": ""Shopee."", ""langid"": ""other""}]","{""other"": 6}","[""jember:2:198""]",6,4.000,False,
processed_indonesia/wav2vec2_300/02_vad/jember_048_0022.wav,"Dadi, aku ki nggak, nggak, nggak sênêng KKN wêktu iku karna, e..",indonesian_data/Jember Javanese Spontaneous Speech Corpus/mp3 audio/48.mp3,113000,121000,unknown,"[{""word"": ""Dadi,"", ""langid"": ""other""}, {""word"": ""aku"", ""langid"": ""other""}, {""word"": ""ki"", ""langid"": ""other""}, {""word"": ""nggak,"", ""langid"": ""other""}, {""word"": ""nggak,"", ""langid"": ""other""}, {""word"": ""nggak"", ""langid"": ""other""}, {""word"": ""sênêng"", ""langid"": ""other""}, {""word"": ""KKN"", ""langid"": ""other""}, {""word"": ""wêktu"", ""langid"": ""other""}, {""word"": ""iku"", ""langid"": ""other""}, {""word"": ""karna,"", ""langid"": ""other""}, {""word"": ""e.."", ""langid"": ""other""}]","{""other"": 12}","[""jember:48:22""]",12,8.000,False,
processed_indonesia/wav2vec2_300/02_vad/jember_043_0072.wav,"Dadi de'e iku pas ndèk pondok nggak dadi pengurus, ngono.",indonesian_data/Jember Javanese Spontaneous Speech Corpus/mp3 audio/43.mp3,368000,374000,unknown,"[{""word"": ""Dadi"", ""langid"": ""other""}, {""word"": ""de'e"", ""langid"": ""other""}, {""word"": ""iku"", ""langid"": ""other""}, {""word"": ""pas"", ""langid"": ""other""}, {""word"": ""ndèk"", ""langid"": ""other""}, {""word"": ""pondok"", ""langid"": ""other""}, {""word"": ""nggak"", ""langid"": ""other""}, {""word"": ""dadi"", ""langid"": ""other""}, {""word"": ""pengurus,"", ""langid"": ""other""}, {""word"": ""ngono."", ""langid"": ""other""}]","{""other"": 10}","[""jember:43:72""]",10,6.000,False,
processed_indonesia/wav2vec2_300/02_vad/jember_202_0026.wav,Sak pira pêntinge agama gae njalani kehidupan sabên dinane?,indonesian_data/Jember Javanese Spontaneous Speech Corpus/mp3 audio/202.mp3,144000,150000,unknown,"[{""word"": ""Sak"", ""langid"": ""other""}, {""word"": ""pira"", ""langid"": ""other""}, {""word"": ""pêntinge"", ""langid"": ""other""}, {""word"": ""agama"", ""langid"": ""other""}, {""word"": ""gae"", ""langid"": ""other""}, {""word"": ""njalani"", ""langid"": ""other""}, {""word"": ""kehidupan"", ""langid"": ""other""}, {""word"": ""sabên"", ""langid"": ""other""}, {""word"": ""dinane?"", ""langid"": ""other""}]","{""other"": 9}","[""jember:202:26""]",9,6.000,False,
processed_indonesia/wav2vec2_300/02_vad/jember_112_0018.wav,"Boro-boro isa sêkolah, isa urip ae alhamdulillah wis.",indonesian_data/Jember Javanese Spontaneous Speech Corpus/mp3 audio/112.mp3,98000,102000,unknown,"[{""word"": ""Boro-boro"", ""langid"": ""other""}, {""word"": ""isa"", ""langid"": ""other""}, {""word"": ""sêkolah,"", ""langid"": ""other""}, {""word"": ""isa"", ""langid"": ""other""}, {""word"": ""urip"", ""langid"": ""other""}, {""word"": ""ae"", ""langid"": ""other""}, {""word"": ""alhamdulillah"", ""langid"": ""other""}, {""word"": ""wis."", ""langid"": ""other""}]","{""other"": 8}","[""jember:112:18""]",8,4.000,False,
processed_indonesia/wav2vec2_300/02_vad/jember_024_0075.wav,Menurutku ndak masuk akal sih.,indonesian_data/Jember Javanese Spontaneous Speech Corpus/mp3 audio/24.mp3,285000,288000,unknown,"[{""word"": ""Menurutku"", ""langid"": ""other""}, {""word"": ""ndak"", ""langid"": ""other""}, {""word"": ""masuk"", ""langid"": ""other""}, {""word"": ""akal"", ""langid"": ""other""}, {""word"": ""sih."", ""langid"": ""other""}]","{""other"": 5}","[""jember:24:75""]",5,3.000,False,
processed_indonesia/wav2vec2_300/02_vad/jember_128_0021.wav,"Iku seh awal-awal aku nduwe HP sing, sing Android ya.",indonesian_data/Jember Javanese Spontaneous Speech Corpus/mp3 audio/128.mp3,97000,102000,unknown,"[{""word"": ""Iku"", ""langid"": ""other""}, {""word"": ""seh"", ""langid"": ""other""}, {""word"": ""awal-awal"", ""langid"": ""other""}, {""word"": ""aku"", ""langid"": ""other""}, {""word"": ""nduwe"", ""langid"": ""other""}, {""word"": ""HP"", ""langid"": ""other""}, {""word"": ""sing,"", ""langid"": ""other""}, {""word"": ""sing"", ""langid"": ""other""}, {""word"": ""Android"", ""langid"": ""other""}, {""word"": ""ya."", ""langid"": ""other""}]","{""other"": 10}","[""jember:128:21""]",10,5.000,False,
processed_indonesia/wav2vec2_300/02_vad/jember_111_0007.wav,"Těrus, ngambil hikmah iku apa, têka peristiwa sejarah iku.",indonesian_data/Jember Javanese Spontaneous Speech Corpus/mp3 audio/111.mp3,42000,48000,unknown,"[{""word"": ""Těrus,"", ""langid"": ""other""}, {""word"": ""ngambil"", ""langid"": ""other""}, {""word"": ""hikmah"", ""langid"": ""other""}, {""word"": ""iku"", ""langid"": ""other""}, {""word"": ""apa,"", ""langid"": ""other""}, {""word"": ""têka"", ""langid"": ""other""}, {""word"": ""peristiwa"", ""langid"": ""other""}, {""word"": ""sejarah"", ""langid"": ""other""}, {""word"": ""iku."", ""langid"": ""other""}]","{""other"": 9}","[""jember:111:7""]",9,6.000,False,
processed_indonesia/wav2vec2_300/02_vad/jember_188_0037.wav,"Iku kaya, kadang lèk, lèk panas iku panase panas nêmên.",indonesian_data/Jember Javanese Spontaneous Speech Corpus/mp3 audio/188.mp3,153000,158000,unknown,"[{""word"": ""Iku"", ""langid"": ""other""}, {""word"": ""kaya,"", ""langid"": ""other""}, {""word"": ""kadang"", ""langid"": ""other""}, {""word"": ""lèk,"", ""langid"": ""other""}, {""word"": ""lèk"", ""langid"": ""other""}, {""word"": ""panas"", ""langid"": ""other""}, {""word"": ""iku"", ""langid"": ""other""}, {""word"": ""panase"", ""langid"": ""other""}, {""word"": ""panas"", ""langid"": ""other""}, {""word"": ""nêmên."", ""langid"": ""other""}]","{""other"": 10}","[""jember:188:37""]",10,5.000,False,
processed_indonesia/wav2vec2_300/02_vad/jember_088_0007.wav,Dadi pênting rutinitas iku.,indonesian_data/Jember Javanese Spontaneous Speech Corpus/mp3 audio/88.mp3,31000,34000,unknown,"[{""word"": ""Dadi"", ""langid"": ""other""}, {""word"": ""pênting"", ""langid"": ""other""}, {""word"": ""rutinitas"", ""langid"": ""other""}, {""word"": ""iku."", ""langid"": ""other""}]","{""other"": 4}","[""jember:88:7""]",4,3.000,False,
processed_indonesia/wav2vec2_300/02_vad/jember_042_0026.wav,"Nggak bangêt sih, ya lima puluh persen bedane.",indonesian_data/Jember Javanese Spontaneous Speech Corpus/mp3 audio/42.mp3,135000,138000,unknown,"[{""word"": ""Nggak"", ""langid"": ""other""}, {""word"": ""bangêt"", ""langid"": ""other""}, {""word"": ""sih,"", ""langid"": ""other""}, {""word"": ""ya"", ""langid"": ""other""}, {""word"": ""lima"", ""langid"": ""other""}, {""word"": ""puluh"", ""langid"": ""other""}, {""word"": ""persen"", ""langid"": ""other""}, {""word"": ""bedane."", ""langid"": ""other""}]","{""other"": 8}","[""jember:42:26""]",8,3.000,False,
processed_indonesia/wav2vec2_300/02_vad/jember_160_0003.wav,"Nah, pas aku main catur iki mbiyèn aku ya ora dong kan iki mlakune piye, piye-piye.",indonesian_data/Jember Javanese Spontaneous Speech Corpus/mp3 audio/160.mp3,9000,16000,unknown,"[{""word"": ""Nah,"", ""langid"": ""other""}, {""word"": ""pas"", ""langid"": ""other""}, {""word"": ""aku"", ""langid"": ""other""}, {""word"": ""main"", ""langid"": ""other""}, {""word"": ""catur"", ""langid"": ""other""}, {""word"": ""iki"", ""langid"": ""other""}, {""word"": ""mbiyèn"", ""langid"": ""other""}, {""word"": ""aku"", ""langid"": ""other""}, {""word"": ""ya"", ""langid"": ""other""}, {""word"": ""ora"", ""langid"": ""other""}, {""word"": ""dong"", ""langid"": ""other""}, {""word"": ""kan"", ""langid"": ""other""}, {""word"": ""iki"", ""langid"": ""other""}, {""word"": ""mlakune"", ""langid"": ""other""}, {""word"": ""piye,"", ""langid"": ""other""}, {""word"": ""piye-piye."", ""langid"": ""other""}]","{""other"": 16}","[""jember:160:3""]",16,7.000,False,
processed_indonesia/wav2vec2_300/02_vad/jember_162_0012.wav,"Aku melakukan itu, tapi aku tidak lemu-lemu mbuh ngapa ya.",indonesian_data/Jember Javanese Spontaneous Speech Corpus/mp3 audio/162.mp3,66000,69000,unknown,"[{""word"": ""Aku"", ""langid"": ""other""}, {""word"": ""melakukan"", ""langid"": ""other""}, {""word"": ""itu,"", ""langid"": ""other""}, {""word"": ""tapi"", ""langid"": ""other""}, {""word"": ""aku"", ""langid"": ""other""}, {""word"": ""tidak"", ""langid"": ""other""}, {""word"": ""lemu-lemu"", ""langid"": ""other""}, {""word"": ""mbuh"", ""langid"": ""other""}, {""word"": ""ngapa"", ""langid"": ""other""}, {""word"": ""ya."", ""langid"": ""other""}]","{""other"": 10}","[""jember:162:12""]",10,3.000,False,
processed_indonesia/wav2vec2_300/02_vad/jember_048_0070.wav,"Tapi de'e iku, karna kalem iku de'e nggak, nggak apa ya, apa ya bahasae biasane lanang iku kan sênêng sing ngene, ngene, ngene, ngene, ngene, ngono.",indonesian_data/Jember Javanese Spontaneous Speech Corpus/mp3 audio/48.mp3,404000,414000,unknown,"[{""word"": ""Tapi"", ""langid"": ""other""}, {""word"": ""de'e"", ""langid"": ""other""}, {""word"": ""iku,"", ""langid"": ""other""}, {""word"": ""karna"", ""langid"": ""other""}, {""word"": ""kalem"", ""langid"": ""other""}, {""word"": ""iku"", ""langid"": ""other""}, {""word"": ""de'e"", ""langid"": ""other""}, {""word"": ""nggak,"", ""langid"": ""other""}, {""word"": ""nggak"", ""langid"": ""other""}, {""word"": ""apa"", ""langid"": ""other""}, {""word"": ""ya,"", ""langid"": ""other""}, {""word"": ""apa"", ""langid"": ""other""}, {""word"": ""ya"", ""langid"": ""other""}, {""word"": ""bahasae"", ""langid"": ""other""}, {""word"": ""biasane"", ""langid"": ""other""}, {""word"": ""lanang"", ""langid"": ""other""}, {""word"": ""iku"", ""langid"": ""other""}, {""word"": ""kan"", ""langid"": ""other""}, {""word"": ""sênêng"", ""langid"": ""other""}, {""word"": ""sing"", ""langid"": ""other""}, {""word"": ""ngene,"", ""langid"": ""other""}, {""word"": ""ngene,"", ""langid"": ""other""}, {""word"": ""ngene,"", ""langid"": ""other""}, {""word"": ""ngene,"", ""langid"": ""other""}, {""word"": ""ngene,"", ""langid"": ""other""}, {""word"": ""ngono."", ""langid"": ""other""}]","{""other"": 26}","[""jember:48:70""]",26,10.000,False,
processed_indonesia/wav2vec2_300/02_vad/jember_045_0027.wav,"Dadi nggak ngêrti, nggak ngêrti sing lèk wong nèng omah ya nonton piala, piala dunia atau kepiye.",indonesian_data/Jember Javanese Spontaneous Speech Corpus/mp3 audio/45.mp3,99000,106000,unknown,"[{""word"": ""Dadi"", ""langid"": ""other""}, {""word"": ""nggak"", ""langid"": ""other""}, {""word"": ""ngêrti,"", ""langid"": ""other""}, {""word"": ""nggak"", ""langid"": ""other""}, {""word"": ""ngêrti"", ""langid"": ""other""}, {""word"": ""sing"", ""langid"": ""other""}, {""word"": ""lèk"", ""langid"": ""other""}, {""word"": ""wong"", ""langid"": ""other""}, {""word"": ""nèng"", ""langid"": ""other""}, {""word"": ""omah"", ""langid"": ""other""}, {""word"": ""ya"", ""langid"": ""other""}, {""word"": ""nonton"", ""langid"": ""other""}, {""word"": ""piala,"", ""langid"": ""other""}, {""word"": ""piala"", ""langid"": ""other""}, {""word"": ""dunia"", ""langid"": ""other""}, {""word"": ""atau"", ""langid"": ""other""}, {""word"": ""kepiye."", ""langid"": ""other""}]","{""other"": 17}","[""jember:45:27""]",17,7.000,False,
processed_indonesia/wav2vec2_300/02_vad/jember_046_0015.wav,"Sifate awake dhewe iki, karaktere awak dhewe iku ana karna lingkungan dan diri sêndiri.",indonesian_data/Jember Javanese Spontaneous Speech Corpus/mp3 audio/46.mp3,84000,91000,unknown,"[{""word"": ""Sifate"", ""langid"": ""other""}, {""word"": ""awake"", ""langid"": ""other""}, {""word"": ""dhewe"", ""langid"": ""other""}, {""word"": ""iki,"", ""langid"": ""other""}, {""word"": ""karaktere"", ""langid"": ""other""}, {""word"": ""awak"", ""langid"": ""other""}, {""word"": ""dhewe"", ""langid"": ""other""}, {""word"": ""iku"", ""langid"": ""other""}, {""word"": ""ana"", ""langid"": ""other""}, {""word"": ""karna"", ""langid"": ""other""}, {""word"": ""lingkungan"", ""langid"": ""other""}, {""word"": ""dan"", ""langid"": ""other""}, {""word"": ""diri"", ""langid"": ""other""}, {""word"": ""sêndiri."", ""langid"": ""other""}]","{""other"": 14}","[""jember:46:15""]",14,7.000,False,
processed_indonesia/wav2vec2_300/02_vad/jember_203_0028.wav,"Soale ya, e..., pertimbanganku ki secara psikologis.",indonesian_data/Jember Javanese Spontaneous Speech Corpus/mp3 audio/203.mp3,201000,207000,unknown,"[{""word"": ""Soale"", ""langid"": ""other""}, {""word"": ""ya,"", ""langid"": ""other""}, {""word"": ""e...,"", ""langid"": ""other""}, {""word"": ""pertimbanganku"", ""langid"": ""other""}, {""word"": ""ki"", ""langid"": ""other""}, {""word"": ""secara"", ""langid"": ""other""}, {""word"": ""psikologis."", ""langid"": ""other""}]","{""other"": 7}","[""jember:203:28""]",7,6.000,False,
processed_indonesia/wav2vec2_300/02_vad/jember_206_0056.wav,"Maksude, e..., paling pênting ki keluargane sing isa memberi perhatian ning arèk-arèk meler ngono kuwi.",indonesian_data/Jember Javanese Spontaneous Speech Corpus/mp3 audio/206.mp3,341000,351000,unknown,"[{""word"": ""Maksude,"", ""langid"": ""other""}, {""word"": ""e...,"", ""langid"": ""other""}, {""word"": ""paling"", ""langid"": ""other""}, {""word"": ""pênting"", ""langid"": ""other""}, {""word"": ""ki"", ""langid"": ""other""}, {""word"": ""keluargane"", ""langid"": ""other""}, {""word"": ""sing"", ""langid"": ""other""}, {""word"": ""isa"", ""langid"": ""other""}, {""word"": ""memberi"", ""langid"": ""other""}, {""word"": ""perhatian"", ""langid"": ""other""}, {""word"": ""ning"", ""langid"": ""other""}, {""word"": ""arèk-arèk"", ""langid"": ""other""}, {""word"": ""meler"", ""langid"": ""other""}, {""word"": ""ngono"", ""langid"": ""other""}, {""word"": ""kuwi."", ""langid"": ""other""}]","{""other"": 15}","[""jember:206:56""]",15,10.000,False,
processed_indonesia/wav2vec2_300/02_vad/jember_185_0082.wav,"Těrus, akhire ambèk mase iku kaya diajari ngono Mbak.",indonesian_data/Jember Javanese Spontaneous Speech Corpus/mp3 audio/185.mp3,399000,402000,unknown,"[{""word"": ""Těrus,"", ""langid"": ""other""}, {""word"": ""akhire"", ""langid"": ""other""}, {""word"": ""ambèk"", ""langid"": ""other""}, {""word"": ""mase"", ""langid"": ""other""}, {""word"": ""iku"", ""langid"": ""other""}, {""word"": ""kaya"", ""langid"": ""other""}, {""word"": ""diajari"", ""langid"": ""other""}, {""word"": ""ngono"", ""langid"": ""other""}, {""word"": ""Mbak."", ""langid"": ""other""}]","{""other"": 9}","[""jember:185:82""]",9,3.000,False,
processed_indonesia/wav2vec2_300/02_vad/jember_124_0017.wav,Tak gawa dadi formal.,indonesian_data/Jember Javanese Spontaneous Speech Corpus/mp3 audio/124.mp3,94000,96000,unknown,"[{""word"": ""Tak"", ""langid"": ""other""}, {""word"": ""gawa"", ""langid"": ""other""}, {""word"": ""dadi"", ""langid"": ""other""}, {""word"": ""formal."", ""langid"": ""other""}]","{""other"": 4}","[""jember:124:17""]",4,2.000,False,
processed_indonesia/wav2vec2_300/02_vad/jember_112_0044.wav,"Bandingna jaman mbiyèn mbek jaman saiki, plus minuse ki piye.",indonesian_data/Jember Javanese Spontaneous Speech Corpus/mp3 audio/112.mp3,257000,263000,unknown,"[{""word"": ""Bandingna"", ""langid"": ""other""}, {""word"": ""jaman"", ""langid"": ""other""}, {""word"": ""mbiyèn"", ""langid"": ""other""}, {""word"": ""mbek"", ""langid"": ""other""}, {""word"": ""jaman"", ""langid"": ""other""}, {""word"": ""saiki,"", ""langid"": ""other""}, {""word"": ""plus"", ""langid"": ""other""}, {""word"": ""minuse"", ""langid"": ""other""}, {""word"": ""ki"", ""langid"": ""other""}, {""word"": ""piye."", ""langid"": ""other""}]","{""other"": 10}","[""jember:112:44""]",10,6.000,False,
processed_indonesia/wav2vec2_300/02_vad/jember_175_0028.wav,"Mèk..., contoe kaya ning Semeru ya. Ning Semeru aku gak ning Semeru ne, mèk ning Ranupanine thok.",indonesian_data/Jember Javanese Spontaneous Speech Corpus/mp3 audio/175.mp3,140000,146000,unknown,"[{""word"": ""Mèk...,"", ""langid"": ""other""}, {""word"": ""contoe"", ""langid"": ""other""}, {""word"": ""kaya"", ""langid"": ""other""}, {""word"": ""ning"", ""langid"": ""other""}, {""word"": ""Semeru"", ""langid"": ""other""}, {""word"": ""ya."", ""langid"": ""other""}, {""word"": ""Ning"", ""langid"": ""other""}, {""word"": ""Semeru"", ""langid"": ""other""}, {""word"": ""aku"", ""langid"": ""other""}, {""word"": ""gak"", ""langid"": ""other""}, {""word"": ""ning"", ""langid"": ""other""}, {""word"": ""Semeru"", ""langid"": ""other""}, {""word"": ""ne,"", ""langid"": ""other""}, {""word"": ""mèk"", ""langid"": ""other""}, {""word"": ""ning"", ""langid"": ""other""}, {""word"": ""Ranupanine"", ""langid"": ""other""}, {""word"": ""thok."", ""langid"": ""other""}]","{""other"": 17}","[""jember:175:28""]",17,6.000,False,
processed_indonesia/wav2vec2_300/02_vad/jember_185_0006.wav,"Soale ya lèk awake dhewe apa jênênge, kaya nyiapna barang-barange kan, nyiapna perlengkapane, kaya tendha, těrustas-tas kaya carrier contoe, matras ngono iku kan.",indonesian_data/Jember Javanese Spontaneous Speech Corpus/mp3 audio/185.mp3,27000,42000,unknown,"[{""word"": ""Soale"", ""langid"": ""other""}, {""word"": ""ya"", ""langid"": ""other""}, {""word"": ""lèk"", ""langid"": ""other""}, {""word"": ""awake"", ""langid"": ""other""}, {""word"": ""dhewe"", ""langid"": ""other""}, {""word"": ""apa"", ""langid"": ""other""}, {""word"": ""jênênge,"", ""langid"": ""other""}, {""word"": ""kaya"", ""langid"": ""other""}, {""word"": ""nyiapna"", ""langid"": ""other""}, {""word"": ""barang-barange"", ""langid"": ""other""}, {""word"": ""kan,"", ""langid"": ""other""}, {""word"": ""nyiapna"", ""langid"": ""other""}, {""word"": ""perlengkapane,"", ""langid"": ""other""}, {""word"": ""kaya"", ""langid"": ""other""}, {""word"": ""tendha,"", ""langid"": ""other""}, {""word"": ""těrustas-tas"", ""langid"": ""other""}, {""word"": ""kaya"", ""langid"": ""other""}, {""word"": ""carrier"", ""langid"": ""other""}, {""word"": ""contoe,"", ""langid"": ""other""}, {""word"": ""matras"", ""langid"": ""other""}, {""word"": ""ngono"", ""langid"": ""other""}, {""word"": ""iku"", ""langid"": ""other""}, {""word"": ""kan."", ""langid"": ""other""}]","{""other"": 23}","[""jember:185:6""]",23,15.000,False,
processed_indonesia/wav2vec2_300/02_vad/jember_199_0026.wav,"Těrus, selain iku ya, e..., karena hasil tani utawa residu apa ya, kaya sisa-sisa hasil pertanian iku kan akèh ya.",indonesian_data/Jember Javanese Spontaneous Speech Corpus/mp3 audio/199.mp3,158000,171000,unknown,"[{""word"": ""Těrus,"", ""langid"": ""other""}, {""word"": ""selain"", ""langid"": ""other""}, {""word"": ""iku"", ""langid"": ""other""}, {""word"": ""ya,"", ""langid"": ""other""}, {""word"": ""e...,"", ""langid"": ""other""}, {""word"": ""karena"", ""langid"": ""other""}, {""word"": ""hasil"", ""langid"": ""other""}, {""word"": ""tani"", ""langid"": ""other""}, {""word"": ""utawa"", ""langid"": ""other""}, {""word"": ""residu"", ""langid"": ""other""}, {""word"": ""apa"", ""langid"": ""other""}, {""word"": ""ya,"", ""langid"": ""other""}, {""word"": ""kaya"", ""langid"": ""other""}, {""word"": ""sisa-sisa"", ""langid"": ""other""}, {""word"": ""hasil"", ""langid"": ""other""}, {""word"": ""pertanian"", ""langid"": ""other""}, {""word"": ""iku"", ""langid"": ""other""}, {""word"": ""kan"", ""langid"": ""other""}, {""word"": ""akèh"", ""langid"": ""other""}, {""word"": ""ya."", ""langid"": ""other""}]","{""other"": 20}","[""jember:199:26""]",20,13.000,False,
processed_indonesia/wav2vec2_300/02_vad/jember_042_0071.wav,"Istilahe iku mungkin ngapusi lah, ngono.",indonesian_data/Jember Javanese Spontaneous Speech Corpus/mp3 audio/42.mp3,367000,370000,unknown,"[{""word"": ""Istilahe"", ""langid"": ""other""}, {""word"": ""iku"", ""langid"": ""other""}, {""word"": ""mungkin"", ""langid"": ""other""}, {""word"": ""ngapusi"", ""langid"": ""other""}, {""word"": ""lah,"", ""langid"": ""other""}, {""word"": ""ngono."", ""langid"": ""other""}]","{""other"": 6}","[""jember:42:71""]",6,3.000,False,
processed_indonesia/wav2vec2_300/02_vad/jember_196_0024.wav,"Dadi mlaku sak menit, mandhêg.",indonesian_data/Jember Javanese Spontaneous Speech Corpus/mp3 audio/196.mp3,116000,119000,unknown,"[{""word"": ""Dadi"", ""langid"": ""other""}, {""word"": ""mlaku"", ""langid"": ""other""}, {""word"": ""sak"", ""langid"": ""other""}, {""word"": ""menit,"", ""langid"": ""other""}, {""word"": ""mandhêg."", ""langid"": ""other""}]","{""other"": 5}","[""jember:196:24""]",5,3.000,False,
processed_indonesia/wav2vec2_300/02_vad/jember_043_0016.wav,"Mereka kuwi ya têtêp dicampur karo kanca-kancane, tapi de'e nduwe guru dhewe.",indonesian_data/Jember Javanese Spontaneous Speech Corpus/mp3 audio/43.mp3,82000,87000,unknown,"[{""word"": ""Mereka"", ""langid"": ""other""}, {""word"": ""kuwi"", ""langid"": ""other""}, {""word"": ""ya"", ""langid"": ""other""}, {""word"": ""têtêp"", ""langid"": ""other""}, {""word"": ""dicampur"", ""langid"": ""other""}, {""word"": ""karo"", ""langid"": ""other""}, {""word"": ""kanca-kancane,"", ""langid"": ""other""}, {""word"": ""tapi"", ""langid"": ""other""}, {""word"": ""de'e"", ""langid"": ""other""}, {""word"": ""nduwe"", ""langid"": ""other""}, {""word"": ""guru"", ""langid"": ""other""}, {""word"": ""dhewe."", ""langid"": ""other""}]","{""other"": 12}","[""jember:43:16""]",12,5.000,False,
processed_indonesia/wav2vec2_300/02_vad/jember_032_0002.wav,"Contohe anggrek, těrus, e..., aglonema, těrus, em, lidah buaya.",indonesian_data/Jember Javanese Spontaneous Speech Corpus/mp3 audio/32.mp3,5000,15000,unknown,"[{""word"": ""Contohe"", ""langid"": ""other""}, {""word"": ""anggrek,"", ""langid"": ""other""}, {""word"": ""těrus,"", ""langid"": ""other""}, {""word"": ""e...,"", ""langid"": ""other""}, {""word"": ""aglonema,"", ""langid"": ""other""}, {""word"": ""těrus,"", ""langid"": ""other""}, {""word"": ""em,"", ""langid"": ""other""}, {""word"": ""lidah"", ""langid"": ""other""}, {""word"": ""buaya."", ""langid"": ""other""}]","{""other"": 9}","[""jember:32:2""]",9,10.000,False,
processed_indonesia/wav2vec2_300/02_vad/jember_171_0003.wav,Aku apa mulih nang Banyuwangi.,indonesian_data/Jember Javanese Spontaneous Speech Corpus/mp3 audio/171.mp3,6000,8000,unknown,"[{""word"": ""Aku"", ""langid"": ""other""}, {""word"": ""apa"", ""langid"": ""other""}, {""word"": ""mulih"", ""langid"": ""other""}, {""word"": ""nang"", ""langid"": ""other""}, {""word"": ""Banyuwangi."", ""langid"": ""other""}]","{""other"": 5}","[""jember:171:3""]",5,2.000,False,
processed_indonesia/wav2vec2_300/02_vad/indonesian_dev_031234872a734351bf6f80fddeca2418.wav,"Nah, jadi, dua itu pengalaman menyenangkan gitu ya, pas aku makan soto. Ya, ada juga yang lain sih tapi yang paling berkesan itu. Cuma pernah juga sekali, aku makan soto yang kurang cocok di lidahku dan kayaknya, emang aku kurang cocok sama rasa soto di daerah Kebumen, gitu ya, Jawa Tengah sek sisi barat.",indonesian_data/indonesian_dev/clips/031234872a734351bf6f80fddeca2418.mp3,0,25500,6,"[{""word"": ""Nah,"", ""langid"": ""other""}, {""word"": ""jadi,"", ""langid"": ""other""}, {""word"": ""dua"", ""langid"": ""other""}, {""word"": ""itu"", ""langid"": ""other""}, {""word"": ""pengalaman"", ""langid"": ""other""}, {""word"": ""menyenangkan"", ""langid"": ""other""}, {""word"": ""gitu"", ""langid"": ""other""}, {""word"": ""ya,"", ""langid"": ""other""}, {""word"": ""pas"", ""langid"": ""other""}, {""word"": ""aku"", ""langid"": ""other""}, {""word"": ""makan"", ""langid"": ""other""}, {""word"": ""soto."", ""langid"": ""other""}, {""word"": ""Ya,"", ""langid"": ""other""}, {""word"": ""ada"", ""langid"": ""other""}, {""word"": ""juga"", ""langid"": ""other""}, {""word"": ""yang"", ""langid"": ""other""}, {""word"": ""lain"", ""langid"": ""other""}, {""word"": ""sih"", ""langid"": ""other""}, {""word"": ""tapi"", ""langid"": ""other""}, {""word"": ""yang"", ""langid"": ""other""}, {""word"": ""paling"", ""langid"": ""other""}, {""word"": ""berkesan"", ""langid"": ""other""}, {""word"": ""itu."", ""langid"": ""other""}, {""word"": ""Cuma"", ""langid"": ""other""}, {""word"": ""pernah"", ""langid"": ""other""}, {""word"": ""juga"", ""langid"": ""other""}, {""word"": ""sekali,"", ""langid"": ""other""}, {""word"": ""aku"", ""langid"": ""other""}, {""word"": ""makan"", ""langid"": ""other""}, {""word"": ""soto"", ""langid"": ""other""}, {""word"": ""yang"", ""langid"": ""other""}, {""word"": ""kurang"", ""langid"": ""other""}, {""word"": ""cocok"", ""langid"": ""other""}, {""word"": ""di"", ""langid"": ""other""}, {""word"": ""lidahku"", ""langid"": ""other""}, {""word"": ""dan"", ""langid"": ""other""}, {""word"": ""kayaknya,"", ""langid"": ""other""}, {""word"": ""emang"", ""langid"": ""other""}, {""word"": ""aku"", ""langid"": ""other""}, {""word"": ""kurang"", ""langid"": ""other""}, {""word"": ""cocok"", ""langid"": ""other""}, {""word"": ""sama"", ""langid"": ""other""}, {""word"": ""rasa"", ""langid"": ""other""}, {""word"": ""soto"", ""langid"": ""other""}, {""word"": ""di"", ""langid"": ""other""}, {""word"": ""daerah"", ""langid"": ""other""}, {""word"": ""Kebumen,"", ""langid"": ""other""}, {""word"": ""gitu"", ""langid"": ""other""}, {""word"": ""ya,"", ""langid"": ""other""}, {""word"": ""Jawa"", ""langid"": ""other""}, {""word"": ""Tengah"", ""langid"": ""other""}, {""word"": ""sek"", ""langid"": ""other""}, {""word"": ""sisi"", ""langid"": ""other""}, {""word"": ""barat."", ""langid"": ""other""}]","{""other"": 54}","[""indonesian_dev:195""]",54,25.500,False,
processed_indonesia/wav2vec2_300/02_vad/jember_024_0095.wav,"Ya, kaya aku misale.",indonesian_data/Jember Javanese Spontaneous Speech Corpus/mp3 audio/24.mp3,356000,358000,unknown,"[{""word"": ""Ya,"", ""langid"": ""other""}, {""word"": ""kaya"", ""langid"": ""other""}, {""word"": ""aku"", ""langid"": ""other""}, {""word"": ""misale."", ""langid"": ""other""}]","{""other"": 4}","[""jember:24:95""]",4,2.000,False,
processed_indonesia/wav2vec2_300/02_vad/jember_048_0113.wav,"Aku, masa depanku piye, ngono iku nggak.",indonesian_data/Jember Javanese Spontaneous Speech Corpus/mp3 audio/48.mp3,635000,638000,unknown,"[{""word"": ""Aku,"", ""langid"": ""other""}, {""word"": ""masa"", ""langid"": ""other""}, {""word"": ""depanku"", ""langid"": ""other""}, {""word"": ""piye,"", ""langid"": ""other""}, {""word"": ""ngono"", ""langid"": ""other""}, {""word"": ""iku"", ""langid"": ""other""}, {""word"": ""nggak."", ""langid"": ""other""}]","{""other"": 7}","[""jember:48:113""]",7,3.000,False,
processed_indonesia/wav2vec2_300/02_vad/jember_047_0028.wav,Dirine dhewe ya nèk jarèku.,indonesian_data/Jember Javanese Spontaneous Speech Corpus/mp3 audio/47.mp3,131000,133000,unknown,"[{""word"": ""Dirine"", ""langid"": ""other""}, {""word"": ""dhewe"", ""langid"": ""other""}, {""word"": ""ya"", ""langid"": ""other""}, {""word"": ""nèk"", ""langid"": ""other""}, {""word"": ""jarèku."", ""langid"": ""other""}]","{""other"": 5}","[""jember:47:28""]",5,2.000,False,
processed_indonesia/wav2vec2_300/02_vad/indonesian_dev_0597ba1d7560420591226138fd5e0879.wav,"Nah, HP yang tak pakai di kelas dua SMP itu bertahan sampai aku SMA. Jadi masih aku pakai terus tahun-tahun kemudian sampai SMA. Cuma alhamdulillah pas SMA itu aku ada laptop buat internetan. Jadi meskipun HP nggak bisa buat internetan, masih bisa ngerjain tugas masih bisa komunikasi pakai internet lewat laptop itu.",indonesian_data/indonesian_dev/clips/0597ba1d7560420591226138fd5e0879.mp3,0,27040,6,"[{""word"": ""Nah,"", ""langid"": ""other""}, {""word"": ""HP"", ""langid"": ""other""}, {""word"": ""yang"", ""langid"": ""other""}, {""word"": ""tak"", ""langid"": ""other""}, {""word"": ""pakai"", ""langid"": ""other""}, {""word"": ""di"", ""langid"": ""other""}, {""word"": ""kelas"", ""langid"": ""other""}, {""word"": ""dua"", ""langid"": ""other""}, {""word"": ""SMP"", ""langid"": ""other""}, {""word"": ""itu"", ""langid"": ""other""}, {""word"": ""bertahan"", ""langid"": ""other""}, {""word"": ""sampai"", ""langid"": ""other""}, {""word"": ""aku"", ""langid"": ""other""}, {""word"": ""SMA."", ""langid"": ""other""}, {""word"": ""Jadi"", ""langid"": ""other""}, {""word"": ""masih"", ""langid"": ""other""}, {""word"": ""aku"", ""langid"": ""other""}, {""word"": ""pakai"", ""langid"": ""other""}, {""word"": ""terus"", ""langid"": ""other""}, {""word"": ""tahun-tahun"", ""langid"": ""other""}, {""word"": ""kemudian"", ""langid"": ""other""}, {""word"": ""sampai"", ""langid"": ""other""}, {""word"": ""SMA."", ""langid"": ""other""}, {""word"": ""Cuma"", ""langid"": ""other""}, {""word"": ""alhamdulillah"", ""langid"": ""other""}, {""word"": ""pas"", ""langid"": ""other""}, {""word"": ""SMA"", ""langid"": ""other""}, {""word"": ""itu"", ""langid"": ""other""}, {""word"": ""aku"", ""langid"": ""other""}, {""word"": ""ada"", ""langid"": ""other""}, {""word"": ""laptop"", ""langid"": ""other""}, {""word"": ""buat"", ""langid"": ""other""}, {""word"": ""internetan."", ""langid"": ""other""}, {""word"": ""Jadi"", ""langid"": ""other""}, {""word"": ""meskipun"", ""langid"": ""other""}, {""word"": ""HP"", ""langid"": ""other""}, {""word"": ""nggak"", ""langid"": ""other""}, {""word"": ""bisa"", ""langid"": ""other""}, {""word"": ""buat"", ""langid"": ""other""}, {""word"": ""internetan,"", ""langid"": ""other""}, {""word"": ""masih"", ""langid"": ""other""}, {""word"": ""bisa"", ""langid"": ""other""}, {""word"": ""ngerjain"", ""langid"": ""other""}, {""word"": ""tugas"", ""langid"": ""other""}, {""word"": ""masih"", ""langid"": ""other""}, {""word"": ""bisa"", ""langid"": ""other""}, {""word"": ""komunikasi"", ""langid"": ""other""}, {""word"": ""pakai"", ""langid"": ""other""}, {""word"": ""internet"", ""langid"": ""other""}, {""word"": ""lewat"", ""langid"": ""other""}, {""word"": ""laptop"", ""langid"": ""other""}, {""word"": ""itu."", ""langid"": ""other""}]","{""other"": 52}","[""indonesian_dev:222""]",52,27.040,False,
processed_indonesia/wav2vec2_300/02_vad/jember_205_0031.wav,"Ngono kan ya, e..., ya piye ya nèk kaya ngono.",indonesian_data/Jember Javanese Spontaneous Speech Corpus/mp3 audio/205.mp3,175000,179000,unknown,"[{""word"": ""Ngono"", ""langid"": ""other""}, {""word"": ""kan"", ""langid"": ""other""}, {""word"": ""ya,"", ""langid"": ""other""}, {""word"": ""e...,"", ""langid"": ""other""}, {""word"": ""ya"", ""langid"": ""other""}, {""word"": ""piye"", ""langid"": ""other""}, {""word"": ""ya"", ""langid"": ""other""}, {""word"": ""nèk"", ""langid"": ""other""}, {""word"": ""kaya"", ""langid"": ""other""}, {""word"": ""ngono."", ""langid"": ""other""}]","{""other"": 10}","[""jember:205:31""]",10,4.000,False,
processed_indonesia/wav2vec2_300/02_vad/jember_093_0014.wav,"Têka jam papat sampèk jam 5 iku aku mblayu, ngono.",indonesian_data/Jember Javanese Spontaneous Speech Corpus/mp3 audio/93.mp3,54000,58000,unknown,"[{""word"": ""Têka"", ""langid"": ""other""}, {""word"": ""jam"", ""langid"": ""other""}, {""word"": ""papat"", ""langid"": ""other""}, {""word"": ""sampèk"", ""langid"": ""other""}, {""word"": ""jam"", ""langid"": ""other""}, {""word"": ""5"", ""langid"": ""other""}, {""word"": ""iku"", ""langid"": ""other""}, {""word"": ""aku"", ""langid"": ""other""}, {""word"": ""mblayu,"", ""langid"": ""other""}, {""word"": ""ngono."", ""langid"": ""other""}]","{""other"": 10}","[""jember:93:14""]",10,4.000,False,
processed_indonesia/wav2vec2_300/02_vad/jember_092_0056.wav,"Lèk kuliah, ya ênggak.",indonesian_data/Jember Javanese Spontaneous Speech Corpus/mp3 audio/92.mp3,306000,310000,unknown,"[{""word"": ""Lèk"", ""langid"": ""other""}, {""word"": ""kuliah,"", ""langid"": ""other""}, {""word"": ""ya"", ""langid"": ""other""}, {""word"": ""ênggak."", ""langid"": ""other""}]","{""other"": 4}","[""jember:92:56""]",4,4.000,False,
processed_indonesia/wav2vec2_300/02_vad/jember_181_0022.wav,Tapi kan lèk wong Indonesia kan biasane ndêlok iki pisan kan Mbak.,indonesian_data/Jember Javanese Spontaneous Speech Corpus/mp3 audio/181.mp3,165000,168000,unknown,"[{""word"": ""Tapi"", ""langid"": ""other""}, {""word"": ""kan"", ""langid"": ""other""}, {""word"": ""lèk"", ""langid"": ""other""}, {""word"": ""wong"", ""langid"": ""other""}, {""word"": ""Indonesia"", ""langid"": ""other""}, {""word"": ""kan"", ""langid"": ""other""}, {""word"": ""biasane"", ""langid"": ""other""}, {""word"": ""ndêlok"", ""langid"": ""other""}, {""word"": ""iki"", ""langid"": ""other""}, {""word"": ""pisan"", ""langid"": ""other""}, {""word"": ""kan"", ""langid"": ""other""}, {""word"": ""Mbak."", ""langid"": ""other""}]","{""other"": 12}","[""jember:181:22""]",12,3.000,False,
processed_indonesia/wav2vec2_300/02_vad/jember_049_0059.wav,"Aku nèk isuk i paling tak sênêngi pas bajau repot-repote ngono kae, anak aku sing nyêkêl, Mbak.",indonesian_data/Jember Javanese Spontaneous Speech Corpus/mp3 audio/49.mp3,288000,296000,unknown,"[{""word"": ""Aku"", ""langid"": ""other""}, {""word"": ""nèk"", ""langid"": ""other""}, {""word"": ""isuk"", ""langid"": ""other""}, {""word"": ""i"", ""langid"": ""other""}, {""word"": ""paling"", ""langid"": ""other""}, {""word"": ""tak"", ""langid"": ""other""}, {""word"": ""sênêngi"", ""langid"": ""other""}, {""word"": ""pas"", ""langid"": ""other""}, {""word"": ""bajau"", ""langid"": ""other""}, {""word"": ""repot-repote"", ""langid"": ""other""}, {""word"": ""ngono"", ""langid"": ""other""}, {""word"": ""kae,"", ""langid"": ""other""}, {""word"": ""anak"", ""langid"": ""other""}, {""word"": ""aku"", ""langid"": ""other""}, {""word"": ""sing"", ""langid"": ""other""}, {""word"": ""nyêkêl,"", ""langid"": ""other""}, {""word"": ""Mbak."", ""langid"": ""other""}]","{""other"": 17}","[""jember:49:59""]",17,8.000,False,
processed_indonesia/wav2vec2_300/02_vad/jember_181_0009.wav,"Karna mereka iku omahe dempèt-dempètan juga, těrus musim panas iku kaya gampang anu, lèk ngomong iku masio omahe dempèt-dempètan kaya bêngok bêngokan-ngono lho Mbak.",indonesian_data/Jember Javanese Spontaneous Speech Corpus/mp3 audio/181.mp3,62000,73000,unknown,"[{""word"": ""Karna"", ""langid"": ""other""}, {""word"": ""mereka"", ""langid"": ""other""}, {""word"": ""iku"", ""langid"": ""other""}, {""word"": ""omahe"", ""langid"": ""other""}, {""word"": ""dempèt-dempètan"", ""langid"": ""other""}, {""word"": ""juga,"", ""langid"": ""other""}, {""word"": ""těrus"", ""langid"": ""other""}, {""word"": ""musim"", ""langid"": ""other""}, {""word"": ""panas"", ""langid"": ""other""}, {""word"": ""iku"", ""langid"": ""other""}, {""word"": ""kaya"", ""langid"": ""other""}, {""word"": ""gampang"", ""langid"": ""other""}, {""word"": ""anu,"", ""langid"": ""other""}, {""word"": ""lèk"", ""langid"": ""other""}, {""word"": ""ngomong"", ""langid"": ""other""}, {""word"": ""iku"", ""langid"": ""other""}, {""word"": ""masio"", ""langid"": ""other""}, {""word"": ""omahe"", ""langid"": ""other""}, {""word"": ""dempèt-dempètan"", ""langid"": ""other""}, {""word"": ""kaya"", ""langid"": ""other""}, {""word"": ""bêngok"", ""langid"": ""other""}, {""word"": ""bêngokan-ngono"", ""langid"": ""other""}, {""word"": ""lho"", ""langid"": ""other""}, {""word"": ""Mbak."", ""langid"": ""other""}]","{""other"": 24}","[""jember:181:9""]",24,11.000,False,
processed_indonesia/wav2vec2_300/02_vad/indonesian_dev_3727039a1f074ce682f8ec01e6ef7e4f.wav,"Jadi, lima kucing ini beda-beda asalnya. Ada yang datang sendiri, nggak tahu dari mana, gitulah. Tiba-tiba, ya, ada di teras opo ada di halaman gitu. Terus, ada juga yang lahirnya di sini. Soalnya induknya yang dulu, kayak gitu, dateng tiba-tiba. Tapi, terus, sekarang induknya udah mati.",indonesian_data/indonesian_dev/clips/3727039a1f074ce682f8ec01e6ef7e4f.mp3,0,23400,6,"[{""word"": ""Jadi,"", ""langid"": ""other""}, {""word"": ""lima"", ""langid"": ""other""}, {""word"": ""kucing"", ""langid"": ""other""}, {""word"": ""ini"", ""langid"": ""other""}, {""word"": ""beda-beda"", ""langid"": ""other""}, {""word"": ""asalnya."", ""langid"": ""other""}, {""word"": ""Ada"", ""langid"": ""other""}, {""word"": ""yang"", ""langid"": ""other""}, {""word"": ""datang"", ""langid"": ""other""}, {""word"": ""sendiri,"", ""langid"": ""other""}, {""word"": ""nggak"", ""langid"": ""other""}, {""word"": ""tahu"", ""langid"": ""other""}, {""word"": ""dari"", ""langid"": ""other""}, {""word"": ""mana,"", ""langid"": ""other""}, {""word"": ""gitulah."", ""langid"": ""other""}, {""word"": ""Tiba-tiba,"", ""langid"": ""other""}, {""word"": ""ya,"", ""langid"": ""other""}, {""word"": ""ada"", ""langid"": ""other""}, {""word"": ""di"", ""langid"": ""other""}, {""word"": ""teras"", ""langid"": ""other""}, {""word"": ""opo"", ""langid"": ""other""}, {""word"": ""ada"", ""langid"": ""other""}, {""word"": ""di"", ""langid"": ""other""}, {""word"": ""halaman"", ""langid"": ""other""}, {""word"": ""gitu."", ""langid"": ""other""}, {""word"": ""Terus,"", ""langid"": ""other""}, {""word"": ""ada"", ""langid"": ""other""}, {""word"": ""juga"", ""langid"": ""other""}, {""word"": ""yang"", ""langid"": ""other""}, {""word"": ""lahirnya"", ""langid"": ""other""}, {""word"": ""di"", ""langid"": ""other""}, {""word"": ""sini."", ""langid"": ""other""}, {""word"": ""Soalnya"", ""langid"": ""other""}, {""word"": ""induknya"", ""langid"": ""other""}, {""word"": ""yang"", ""langid"": ""other""}, {""word"": ""dulu,"", ""langid"": ""other""}, {""word"": ""kayak"", ""langid"": ""other""}, {""word"": ""gitu,"", ""langid"": ""other""}, {""word"": ""dateng"", ""langid"": ""other""}, {""word"": ""tiba-tiba."", ""langid"": ""other""}, {""word"": ""Tapi,"", ""langid"": ""other""}, {""word"": ""terus,"", ""langid"": ""other""}, {""word"": ""sekarang"", ""langid"": ""other""}, {""word"": ""induknya"", ""langid"": ""other""}, {""word"": ""udah"", ""langid"": ""other""}, {""word"": ""mati."", ""langid"": ""other""}]","{""other"": 46}","[""indonesian_dev:86""]",46,23.400,False,
processed_indonesia/wav2vec2_300/02_vad/jember_180_0039.wav,"Nah, iku kira-kira apa'a, kayae ya karna iku mau seh.",indonesian_data/Jember Javanese Spontaneous Speech Corpus/mp3 audio/180.mp3,238000,243000,unknown,"[{""word"": ""Nah,"", ""langid"": ""other""}, {""word"": ""iku"", ""langid"": ""other""}, {""word"": ""kira-kira"", ""langid"": ""other""}, {""word"": ""apa'a,"", ""langid"": ""other""}, {""word"": ""kayae"", ""langid"": ""other""}, {""word"": ""ya"", ""langid"": ""other""}, {""word"": ""karna"", ""langid"": ""other""}, {""word"": ""iku"", ""langid"": ""other""}, {""word"": ""mau"", ""langid"": ""other""}, {""word"": ""seh."", ""langid"": ""other""}]","{""other"": 10}","[""jember:180:39""]",10,5.000,False,
processed_indonesia/wav2vec2_300/02_vad/jember_091_0003.wav,"Tanggul iku, e..., kecamatan.",indonesian_data/Jember Javanese Spontaneous Speech Corpus/mp3 audio/91.mp3,11000,14000,unknown,"[{""word"": ""Tanggul"", ""langid"": ""other""}, {""word"": ""iku,"", ""langid"": ""other""}, {""word"": ""e...,"", ""langid"": ""other""}, {""word"": ""kecamatan."", ""langid"": ""other""}]","{""other"": 4}","[""jember:91:3""]",4,3.000,False,
processed_indonesia/wav2vec2_300/02_vad/jember_040_0025.wav,"Iku ae maksimal jam sanga yoan, jam sêtêngah sêpuluh.",indonesian_data/Jember Javanese Spontaneous Speech Corpus/mp3 audio/40.mp3,161000,166000,unknown,"[{""word"": ""Iku"", ""langid"": ""other""}, {""word"": ""ae"", ""langid"": ""other""}, {""word"": ""maksimal"", ""langid"": ""other""}, {""word"": ""jam"", ""langid"": ""other""}, {""word"": ""sanga"", ""langid"": ""other""}, {""word"": ""yoan,"", ""langid"": ""other""}, {""word"": ""jam"", ""langid"": ""other""}, {""word"": ""sêtêngah"", ""langid"": ""other""}, {""word"": ""sêpuluh."", ""langid"": ""other""}]","{""other"": 9}","[""jember:40:25""]",9,5.000,False,
processed_indonesia/wav2vec2_300/02_vad/jember_065_0011.wav,"Nèk godhong ki ana ae Mbak nèk urip ndesa, ya kaya godhong gêdhang iku biasane kan gawe lèmèk ya, lèmèke, lèmèke apa, lèmèke tape ngono ya. Těrus lèmèke tempe.",indonesian_data/Jember Javanese Spontaneous Speech Corpus/mp3 audio/65.mp3,83000,103000,unknown,"[{""word"": ""Nèk"", ""langid"": ""other""}, {""word"": ""godhong"", ""langid"": ""other""}, {""word"": ""ki"", ""langid"": ""other""}, {""word"": ""ana"", ""langid"": ""other""}, {""word"": ""ae"", ""langid"": ""other""}, {""word"": ""Mbak"", ""langid"": ""other""}, {""word"": ""nèk"", ""langid"": ""other""}, {""word"": ""urip"", ""langid"": ""other""}, {""word"": ""ndesa,"", ""langid"": ""other""}, {""word"": ""ya"", ""langid"": ""other""}, {""word"": ""kaya"", ""langid"": ""other""}, {""word"": ""godhong"", ""langid"": ""other""}, {""word"": ""gêdhang"", ""langid"": ""other""}, {""word"": ""iku"", ""langid"": ""other""}, {""word"": ""biasane"", ""langid"": ""other""}, {""word"": ""kan"", ""langid"": ""other""}, {""word"": ""gawe"", ""langid"": ""other""}, {""word"": ""lèmèk"", ""langid"": ""other""}, {""word"": ""ya,"", ""langid"": ""other""}, {""word"": ""lèmèke,"", ""langid"": ""other""}, {""word"": ""lèmèke"", ""langid"": ""other""}, {""word"": ""apa,"", ""langid"": ""other""}, {""word"": ""lèmèke"", ""langid"": ""other""}, {""word"": ""tape"", ""langid"": ""other""}, {""word"": ""ngono"", ""langid"": ""other""}, {""word"": ""ya."", ""langid"": ""other""}, {""word"": ""Těrus"", ""langid"": ""other""}, {""word"": ""lèmèke"", ""langid"": ""other""}, {""word"": ""tempe."", ""langid"": ""other""}]","{""other"": 29}","[""jember:65:11""]",29,20.000,False,
processed_indonesia/wav2vec2_300/02_vad/jember_042_0029.wav,"Těrus, baru pas wêktu dadi karyawan tetap, e, ana libure seminggu pisan, tapi nggak isa milih hari ngono.",indonesian_data/Jember Javanese Spontaneous Speech Corpus/mp3 audio/42.mp3,152000,158000,unknown,"[{""word"": ""Těrus,"", ""langid"": ""other""}, {""word"": ""baru"", ""langid"": ""other""}, {""word"": ""pas"", ""langid"": ""other""}, {""word"": ""wêktu"", ""langid"": ""other""}, {""word"": ""dadi"", ""langid"": ""other""}, {""word"": ""karyawan"", ""langid"": ""other""}, {""word"": ""tetap,"", ""langid"": ""other""}, {""word"": ""e,"", ""langid"": ""other""}, {""word"": ""ana"", ""langid"": ""other""}, {""word"": ""libure"", ""langid"": ""other""}, {""word"": ""seminggu"", ""langid"": ""other""}, {""word"": ""pisan,"", ""langid"": ""other""}, {""word"": ""tapi"", ""langid"": ""other""}, {""word"": ""nggak"", ""langid"": ""other""}, {""word"": ""isa"", ""langid"": ""other""}, {""word"": ""milih"", ""langid"": ""other""}, {""word"": ""hari"", ""langid"": ""other""}, {""word"": ""ngono."", ""langid"": ""other""}]","{""other"": 18}","[""jember:42:29""]",18,6.000,False,
processed_indonesia/wav2vec2_300/02_vad/jember_001_0002.wav,"Langsung ae ya, aja suwi-suwi.",indonesian_data/Jember Javanese Spontaneous Speech Corpus/mp3 audio/1.mp3,3000,5000,unknown,"[{""word"": ""Langsung"", ""langid"": ""other""}, {""word"": ""ae"", ""langid"": ""other""}, {""word"": ""ya,"", ""langid"": ""other""}, {""word"": ""aja"", ""langid"": ""other""}, {""word"": ""suwi-suwi."", ""langid"": ""other""}]","{""other"": 5}","[""jember:1:2""]",5,2.000,False,
processed_indonesia/wav2vec2_300/02_vad/jember_012_0008.wav,"Banyu iku ya pisan lèk gak digawe, ya patèni.",indonesian_data/Jember Javanese Spontaneous Speech Corpus/mp3 audio/12.mp3,27000,30000,unknown,"[{""word"": ""Banyu"", ""langid"": ""other""}, {""word"": ""iku"", ""langid"": ""other""}, {""word"": ""ya"", ""langid"": ""other""}, {""word"": ""pisan"", ""langid"": ""other""}, {""word"": ""lèk"", ""langid"": ""other""}, {""word"": ""gak"", ""langid"": ""other""}, {""word"": ""digawe,"", ""langid"": ""other""}, {""word"": ""ya"", ""langid"": ""other""}, {""word"": ""patèni."", ""langid"": ""other""}]","{""other"": 9}","[""jember:12:8""]",9,3.000,False,
processed_indonesia/wav2vec2_300/02_vad/jember_090_0028.wav,"Nyapu-nyapu kadang lèk sore, korah-korah.",indonesian_data/Jember Javanese Spontaneous Speech Corpus/mp3 audio/90.mp3,111000,115000,unknown,"[{""word"": ""Nyapu-nyapu"", ""langid"": ""other""}, {""word"": ""kadang"", ""langid"": ""other""}, {""word"": ""lèk"", ""langid"": ""other""}, {""word"": ""sore,"", ""langid"": ""other""}, {""word"": ""korah-korah."", ""langid"": ""other""}]","{""other"": 5}","[""jember:90:28""]",5,4.000,False,
processed_indonesia/wav2vec2_300/02_vad/jember_116_0002.wav,"Nèng mbiyèn iku, e, tau bangêt pengin budhal, e, menyang apa, nggunung-nggunung.",indonesian_data/Jember Javanese Spontaneous Speech Corpus/mp3 audio/116.mp3,3000,9000,unknown,"[{""word"": ""Nèng"", ""langid"": ""other""}, {""word"": ""mbiyèn"", ""langid"": ""other""}, {""word"": ""iku,"", ""langid"": ""other""}, {""word"": ""e,"", ""langid"": ""other""}, {""word"": ""tau"", ""langid"": ""other""}, {""word"": ""bangêt"", ""langid"": ""other""}, {""word"": ""pengin"", ""langid"": ""other""}, {""word"": ""budhal,"", ""langid"": ""other""}, {""word"": ""e,"", ""langid"": ""other""}, {""word"": ""menyang"", ""langid"": ""other""}, {""word"": ""apa,"", ""langid"": ""other""}, {""word"": ""nggunung-nggunung."", ""langid"": ""other""}]","{""other"": 12}","[""jember:116:2""]",12,6.000,False,
processed_indonesia/wav2vec2_300/02_vad/jember_040_0009.wav,"Těrus saiki sing terakhir iku bapak-bapak lagi gotong-royong mbangun TK, TK-e digêdhi'na manèh.",indonesian_data/Jember Javanese Spontaneous Speech Corpus/mp3 audio/40.mp3,33000,45000,unknown,"[{""word"": ""Těrus"", ""langid"": ""other""}, {""word"": ""saiki"", ""langid"": ""other""}, {""word"": ""sing"", ""langid"": ""other""}, {""word"": ""terakhir"", ""langid"": ""other""}, {""word"": ""iku"", ""langid"": ""other""}, {""word"": ""bapak-bapak"", ""langid"": ""other""}, {""word"": ""lagi"", ""langid"": ""other""}, {""word"": ""gotong-royong"", ""langid"": ""other""}, {""word"": ""mbangun"", ""langid"": ""other""}, {""word"": ""TK,"", ""langid"": ""other""}, {""word"": ""TK-e"", ""langid"": ""other""}, {""word"": ""digêdhi'na"", ""langid"": ""other""}, {""word"": ""manèh."", ""langid"": ""other""}]","{""other"": 13}","[""jember:40:9""]",13,12.000,False,
processed_indonesia/wav2vec2_300/02_vad/indonesian_dev_512f60dc7bfc48718bfb78884435deb1.wav,"Jadi, lariku i gur iso mungkin seminggu dua kali, tiga kali wes bagus banget. Lha kuwi masing-masing lima kilo, dadi mungkin seminggu cuma sepuluh kilo, terus kali, berarti empat puluh kilo meter per bulan. Sangat beda jauh to daripada yang tahun kemarin, aku bisa sampai seratus km per minggu, eh sorry per bulan. Dan aku sedang berusaha sih untuk mengintensifkan lagi dan mengkonsistenkan lagi olahraga lariku ini.",indonesian_data/indonesian_dev/clips/512f60dc7bfc48718bfb78884435deb1.mp3,0,28234,1,"[{""word"": ""Jadi,"", ""langid"": ""other""}, {""word"": ""lariku"", ""langid"": ""other""}, {""word"": ""i"", ""langid"": ""other""}, {""word"": ""gur"", ""langid"": ""other""}, {""word"": ""iso"", ""langid"": ""other""}, {""word"": ""mungkin"", ""langid"": ""other""}, {""word"": ""seminggu"", ""langid"": ""other""}, {""word"": ""dua"", ""langid"": ""other""}, {""word"": ""kali,"", ""langid"": ""other""}, {""word"": ""tiga"", ""langid"": ""other""}, {""word"": ""kali"", ""langid"": ""other""}, {""word"": ""wes"", ""langid"": ""other""}, {""word"": ""bagus"", ""langid"": ""other""}, {""word"": ""banget."", ""langid"": ""other""}, {""word"": ""Lha"", ""langid"": ""other""}, {""word"": ""kuwi"", ""langid"": ""other""}, {""word"": ""masing-masing"", ""langid"": ""other""}, {""word"": ""lima"", ""langid"": ""other""}, {""word"": ""kilo,"", ""langid"": ""other""}, {""word"": ""dadi"", ""langid"": ""other""}, {""word"": ""mungkin"", ""langid"": ""other""}, {""word"": ""seminggu"", ""langid"": ""other""}, {""word"": ""cuma"", ""langid"": ""other""}, {""word"": ""sepuluh"", ""langid"": ""other""}, {""word"": ""kilo,"", ""langid"": ""other""}, {""word"": ""terus"", ""langid"": ""other""}, {""word"": ""kali,"", ""langid"": ""other""}, {""word"": ""berarti"", ""langid"": ""other""}, {""word"": ""empat"", ""langid"": ""other""}, {""word"": ""puluh"", ""langid"": ""other""}, {""word"": ""kilo"", ""langid"": ""other""}, {""word"": ""meter"", ""langid"": ""other""}, {""word"": ""per"", ""langid"": ""other""}, {""word"": ""bulan."", ""langid"": ""other""}, {""word"": ""Sangat"", ""langid"": ""other""}, {""word"": ""beda"", ""langid"": ""other""}, {""word"": ""jauh"", ""langid"": ""other""}, {""word"": ""to"", ""langid"": ""other""}, {""word"": ""daripada"", ""langid"": ""other""}, {""word"": ""yang"", ""langid"": ""other""}, {""word"": ""tahun"", ""langid"": ""other""}, {""word"": ""kemarin,"", ""langid"": ""other""}, {""word"": ""aku"", ""langid"": ""other""}, {""word"": ""bisa"", ""langid"": ""other""}, {""word"": ""sampai"", ""langid"": ""other""}, {""word"": ""seratus"", ""langid"": ""other""}, {""word"": ""km"", ""langid"": ""other""}, {""word"": ""per"", ""langid"": ""other""}, {""word"": ""minggu,"", ""langid"": ""other""}, {""word"": ""eh"", ""langid"": ""other""}, {""word"": ""sorry"", ""langid"": ""other""}, {""word"": ""per"", ""langid"": ""other""}, {""word"": ""bulan."", ""langid"": ""other""}, {""word"": ""Dan"", ""langid"": ""other""}, {""word"": ""aku"", ""langid"": ""other""}, {""word"": ""sedang"", ""langid"": ""other""}, {""word"": ""berusaha"", ""langid"": ""other""}, {""word"": ""sih"", ""langid"": ""other""}, {""word"": ""untuk"", ""langid"": ""other""}, {""word"": ""mengintensifkan"", ""langid"": ""other""}, {""word"": ""lagi"", ""langid"": ""other""}, {""word"": ""dan"", ""langid"": ""other""}, {""word"": ""mengkonsistenkan"", ""langid"": ""other""}, {""word"": ""lagi"", ""langid"": ""other""}, {""word"": ""olahraga"", ""langid"": ""other""}, {""word"": ""lariku"", ""langid"": ""other""}, {""word"": ""ini."", ""langid"": ""other""}]","{""other"": 67}","[""indonesian_dev:163""]",67,28.233,False,
processed_indonesia/wav2vec2_300/02_vad/jember_107_0044.wav,"Nèk, nèk pabrikan kaya sintesis pestisida sintesis iku kan ngêrti lah kaya, ya dosise, těruskonsentrasine pira.",indonesian_data/Jember Javanese Spontaneous Speech Corpus/mp3 audio/107.mp3,284000,292000,unknown,"[{""word"": ""Nèk,"", ""langid"": ""other""}, {""word"": ""nèk"", ""langid"": ""other""}, {""word"": ""pabrikan"", ""langid"": ""other""}, {""word"": ""kaya"", ""langid"": ""other""}, {""word"": ""sintesis"", ""langid"": ""other""}, {""word"": ""pestisida"", ""langid"": ""other""}, {""word"": ""sintesis"", ""langid"": ""other""}, {""word"": ""iku"", ""langid"": ""other""}, {""word"": ""kan"", ""langid"": ""other""}, {""word"": ""ngêrti"", ""langid"": ""other""}, {""word"": ""lah"", ""langid"": ""other""}, {""word"": ""kaya,"", ""langid"": ""other""}, {""word"": ""ya"", ""langid"": ""other""}, {""word"": ""dosise,"", ""langid"": ""other""}, {""word"": ""těruskonsentrasine"", ""langid"": ""other""}, {""word"": ""pira."", ""langid"": ""other""}]","{""other"": 16}","[""jember:107:44""]",16,8.000,False,
processed_indonesia/wav2vec2_300/02_vad/jember_040_0019.wav,"Lèk nang omahku iki kebetulan jarang ènèk kegiatan, pun kegiatan maksimal mek pengajian tok.",indonesian_data/Jember Javanese Spontaneous Speech Corpus/mp3 audio/40.mp3,118000,125000,unknown,"[{""word"": ""Lèk"", ""langid"": ""other""}, {""word"": ""nang"", ""langid"": ""other""}, {""word"": ""omahku"", ""langid"": ""other""}, {""word"": ""iki"", ""langid"": ""other""}, {""word"": ""kebetulan"", ""langid"": ""other""}, {""word"": ""jarang"", ""langid"": ""other""}, {""word"": ""ènèk"", ""langid"": ""other""}, {""word"": ""kegiatan,"", ""langid"": ""other""}, {""word"": ""pun"", ""langid"": ""other""}, {""word"": ""kegiatan"", ""langid"": ""other""}, {""word"": ""maksimal"", ""langid"": ""other""}, {""word"": ""mek"", ""langid"": ""other""}, {""word"": ""pengajian"", ""langid"": ""other""}, {""word"": ""tok."", ""langid"": ""other""}]","{""other"": 14}","[""jember:40:19""]",14,7.000,False,
processed_indonesia/wav2vec2_300/02_vad/jember_102_0020.wav,"La sakwise iku, apa ya.",indonesian_data/Jember Javanese Spontaneous Speech Corpus/mp3 audio/102.mp3,79000,82000,unknown,"[{""word"": ""La"", ""langid"": ""other""}, {""word"": ""sakwise"", ""langid"": ""other""}, {""word"": ""iku,"", ""langid"": ""other""}, {""word"": ""apa"", ""langid"": ""other""}, {""word"": ""ya."", ""langid"": ""other""}]","{""other"": 5}","[""jember:102:20""]",5,3.000,False,
processed_indonesia/wav2vec2_300/02_vad/jember_058_0005.wav,"Dadi, e, lingkungan sekitare dhewe iku isa lebih asri, lebih banyak oksigen.",indonesian_data/Jember Javanese Spontaneous Speech Corpus/mp3 audio/58.mp3,23000,29000,unknown,"[{""word"": ""Dadi,"", ""langid"": ""other""}, {""word"": ""e,"", ""langid"": ""other""}, {""word"": ""lingkungan"", ""langid"": ""other""}, {""word"": ""sekitare"", ""langid"": ""other""}, {""word"": ""dhewe"", ""langid"": ""other""}, {""word"": ""iku"", ""langid"": ""other""}, {""word"": ""isa"", ""langid"": ""other""}, {""word"": ""lebih"", ""langid"": ""other""}, {""word"": ""asri,"", ""langid"": ""other""}, {""word"": ""lebih"", ""langid"": ""other""}, {""word"": ""banyak"", ""langid"": ""other""}, {""word"": ""oksigen."", ""langid"": ""other""}]","{""other"": 12}","[""jember:58:5""]",12,6.000,False,
processed_indonesia/wav2vec2_300/02_vad/indonesian_dev_3c746fbafaf342da8443c0f6f28841af.wav,"Oke, sekarang cerita pengalamanku waktu SMA. Di SMA tuh, aku jadi lebih sering belajar bareng teman Padahal pas SD sama SMP dulu gak suka belajar bareng, tuh. Biasanya lebih suka sendiri kan, lebih enak sendiri aja. Terus ... ya pokokmen belajar mandiri itu selama SD SMP lebih enak. Kecuali kalau ada tugas kelompok",indonesian_data/indonesian_dev/clips/3c746fbafaf342da8443c0f6f28841af.mp3,0,27980,6,"[{""word"": ""Oke,"", ""langid"": ""other""}, {""word"": ""sekarang"", ""langid"": ""other""}, {""word"": ""cerita"", ""langid"": ""other""}, {""word"": ""pengalamanku"", ""langid"": ""other""}, {""word"": ""waktu"", ""langid"": ""other""}, {""word"": ""SMA."", ""langid"": ""other""}, {""word"": ""Di"", ""langid"": ""other""}, {""word"": ""SMA"", ""langid"": ""other""}, {""word"": ""tuh,"", ""langid"": ""other""}, {""word"": ""aku"", ""langid"": ""other""}, {""word"": ""jadi"", ""langid"": ""other""}, {""word"": ""lebih"", ""langid"": ""other""}, {""word"": ""sering"", ""langid"": ""other""}, {""word"": ""belajar"", ""langid"": ""other""}, {""word"": ""bareng"", ""langid"": ""other""}, {""word"": ""teman"", ""langid"": ""other""}, {""word"": ""Padahal"", ""langid"": ""other""}, {""word"": ""pas"", ""langid"": ""other""}, {""word"": ""SD"", ""langid"": ""other""}, {""word"": ""sama"", ""langid"": ""other""}, {""word"": ""SMP"", ""langid"": ""other""}, {""word"": ""dulu"", ""langid"": ""other""}, {""word"": ""gak"", ""langid"": ""other""}, {""word"": ""suka"", ""langid"": ""other""}, {""word"": ""belajar"", ""langid"": ""other""}, {""word"": ""bareng,"", ""langid"": ""other""}, {""word"": ""tuh."", ""langid"": ""other""}, {""word"": ""Biasanya"", ""langid"": ""other""}, {""word"": ""lebih"", ""langid"": ""other""}, {""word"": ""suka"", ""langid"": ""other""}, {""word"": ""sendiri"", ""langid"": ""other""}, {""word"": ""kan,"", ""langid"": ""other""}, {""word"": ""lebih"", ""langid"": ""other""}, {""word"": ""enak"", ""langid"": ""other""}, {""word"": ""sendiri"", ""langid"": ""other""}, {""word"": ""aja."", ""langid"": ""other""}, {""word"": ""Terus"", ""langid"": ""other""}, {""word"": ""..."", ""langid"": ""other""}, {""word"": ""ya"", ""langid"": ""other""}, {""word"": ""pokokmen"", ""langid"": ""other""}, {""word"": ""belajar"", ""langid"": ""other""}, {""word"": ""mandiri"", ""langid"": ""other""}, {""word"": ""itu"", ""langid"": ""other""}, {""word"": ""selama"", ""langid"": ""other""}, {""word"": ""SD"", ""langid"": ""other""}, {""word"": ""SMP"", ""langid"": ""other""}, {""word"": ""lebih"", ""langid"": ""other""}, {""word"": ""enak."", ""langid"": ""other""}, {""word"": ""Kecuali"", ""langid"": ""other""}, {""word"": ""kalau"", ""langid"": ""other""}, {""word"": ""ada"", ""langid"": ""other""}, {""word"": ""tugas"", ""langid"": ""other""}, {""word"": ""kelompok"", ""langid"": ""other""}]","{""other"": 53}","[""indonesian_dev:306""]",53,27.980,False,
processed_indonesia/wav2vec2_300/02_vad/jember_180_0044.wav,"Lèk cuma gae kepêntingane mênungsa thok suwi-suwi, eh, suwi-suwi êntèk.",indonesian_data/Jember Javanese Spontaneous Speech Corpus/mp3 audio/180.mp3,266000,270000,unknown,"[{""word"": ""Lèk"", ""langid"": ""other""}, {""word"": ""cuma"", ""langid"": ""other""}, {""word"": ""gae"", ""langid"": ""other""}, {""word"": ""kepêntingane"", ""langid"": ""other""}, {""word"": ""mênungsa"", ""langid"": ""other""}, {""word"": ""thok"", ""langid"": ""other""}, {""word"": ""suwi-suwi,"", ""langid"": ""other""}, {""word"": ""eh,"", ""langid"": ""other""}, {""word"": ""suwi-suwi"", ""langid"": ""other""}, {""word"": ""êntèk."", ""langid"": ""other""}]","{""other"": 10}","[""jember:180:44""]",10,4.000,False,
processed_indonesia/wav2vec2_300/02_vad/jember_034_0015.wav,Kewan liar sing paling sêring sampeyan temu ndèk lingkungane sampeyan apa?,indonesian_data/Jember Javanese Spontaneous Speech Corpus/mp3 audio/34.mp3,108000,114000,unknown,"[{""word"": ""Kewan"", ""langid"": ""other""}, {""word"": ""liar"", ""langid"": ""other""}, {""word"": ""sing"", ""langid"": ""other""}, {""word"": ""paling"", ""langid"": ""other""}, {""word"": ""sêring"", ""langid"": ""other""}, {""word"": ""sampeyan"", ""langid"": ""other""}, {""word"": ""temu"", ""langid"": ""other""}, {""word"": ""ndèk"", ""langid"": ""other""}, {""word"": ""lingkungane"", ""langid"": ""other""}, {""word"": ""sampeyan"", ""langid"": ""other""}, {""word"": ""apa?"", ""langid"": ""other""}]","{""other"": 11}","[""jember:34:15""]",11,6.000,False,
processed_indonesia/wav2vec2_300/02_vad/jember_044_0043.wav,"Dadi, těrus, e..., sayure ki ntèk, sayure ki êntèk.",indonesian_data/Jember Javanese Spontaneous Speech Corpus/mp3 audio/44.mp3,201000,205000,unknown,"[{""word"": ""Dadi,"", ""langid"": ""other""}, {""word"": ""těrus,"", ""langid"": ""other""}, {""word"": ""e...,"", ""langid"": ""other""}, {""word"": ""sayure"", ""langid"": ""other""}, {""word"": ""ki"", ""langid"": ""other""}, {""word"": ""ntèk,"", ""langid"": ""other""}, {""word"": ""sayure"", ""langid"": ""other""}, {""word"": ""ki"", ""langid"": ""other""}, {""word"": ""êntèk."", ""langid"": ""other""}]","{""other"": 9}","[""jember:44:43""]",9,4.000,False,
processed_indonesia/wav2vec2_300/02_vad/jember_196_0025.wav,"Istirahat, mlaku mênèh, sak menit, rong menit mandhêg manèh.",indonesian_data/Jember Javanese Spontaneous Speech Corpus/mp3 audio/196.mp3,119000,124000,unknown,"[{""word"": ""Istirahat,"", ""langid"": ""other""}, {""word"": ""mlaku"", ""langid"": ""other""}, {""word"": ""mênèh,"", ""langid"": ""other""}, {""word"": ""sak"", ""langid"": ""other""}, {""word"": ""menit,"", ""langid"": ""other""}, {""word"": ""rong"", ""langid"": ""other""}, {""word"": ""menit"", ""langid"": ""other""}, {""word"": ""mandhêg"", ""langid"": ""other""}, {""word"": ""manèh."", ""langid"": ""other""}]","{""other"": 9}","[""jember:196:25""]",9,5.000,False,
processed_indonesia/wav2vec2_300/02_vad/jember_049_0001.wav,"Aku nèk esuk biasane tangi jam lima utawa setengah lima, Mbak.",indonesian_data/Jember Javanese Spontaneous Speech Corpus/mp3 audio/49.mp3,0,6000,unknown,"[{""word"": ""Aku"", ""langid"": ""other""}, {""word"": ""nèk"", ""langid"": ""other""}, {""word"": ""esuk"", ""langid"": ""other""}, {""word"": ""biasane"", ""langid"": ""other""}, {""word"": ""tangi"", ""langid"": ""other""}, {""word"": ""jam"", ""langid"": ""other""}, {""word"": ""lima"", ""langid"": ""other""}, {""word"": ""utawa"", ""langid"": ""other""}, {""word"": ""setengah"", ""langid"": ""other""}, {""word"": ""lima,"", ""langid"": ""other""}, {""word"": ""Mbak."", ""langid"": ""other""}]","{""other"": 11}","[""jember:49:1""]",11,6.000,False,
processed_indonesia/wav2vec2_300/02_vad/jember_106_0066.wav,"E, prosese iku ya simpel sih.",indonesian_data/Jember Javanese Spontaneous Speech Corpus/mp3 audio/106.mp3,401000,403000,unknown,"[{""word"": ""E,"", ""langid"": ""other""}, {""word"": ""prosese"", ""langid"": ""other""}, {""word"": ""iku"", ""langid"": ""other""}, {""word"": ""ya"", ""langid"": ""other""}, {""word"": ""simpel"", ""langid"": ""other""}, {""word"": ""sih."", ""langid"": ""other""}]","{""other"": 6}","[""jember:106:66""]",6,2.000,False,
processed_indonesia/wav2vec2_300/02_vad/jember_110_0024.wav,"Tiibake iku angka tahun dibuat nya prasasti iku, 1010 saka utawa 1088 masehi.",indonesian_data/Jember Javanese Spontaneous Speech Corpus/mp3 audio/110.mp3,150000,161000,unknown,"[{""word"": ""Tiibake"", ""langid"": ""other""}, {""word"": ""iku"", ""langid"": ""other""}, {""word"": ""angka"", ""langid"": ""other""}, {""word"": ""tahun"", ""langid"": ""other""}, {""word"": ""dibuat"", ""langid"": ""other""}, {""word"": ""nya"", ""langid"": ""other""}, {""word"": ""prasasti"", ""langid"": ""other""}, {""word"": ""iku,"", ""langid"": ""other""}, {""word"": ""1010"", ""langid"": ""other""}, {""word"": ""saka"", ""langid"": ""other""}, {""word"": ""utawa"", ""langid"": ""other""}, {""word"": ""1088"", ""langid"": ""other""}, {""word"": ""masehi."", ""langid"": ""other""}]","{""other"": 13}","[""jember:110:24""]",13,11.000,False,
processed_indonesia/wav2vec2_300/02_vad/jember_002_0007.wav,"Untuk menjawab, untuk ngejawab pertanyaan-pertanyaan dengan tema teknologi dan modernisasi.",indonesian_data/Jember Javanese Spontaneous Speech Corpus/mp3 audio/2.mp3,20000,31000,unknown,"[{""word"": ""Untuk"", ""langid"": ""other""}, {""word"": ""menjawab,"", ""langid"": ""other""}, {""word"": ""untuk"", ""langid"": ""other""}, {""word"": ""ngejawab"", ""langid"": ""other""}, {""word"": ""pertanyaan-pertanyaan"", ""langid"": ""other""}, {""word"": ""dengan"", ""langid"": ""other""}, {""word"": ""tema"", ""langid"": ""other""}, {""word"": ""teknologi"", ""langid"": ""other""}, {""word"": ""dan"", ""langid"": ""other""}, {""word"": ""modernisasi."", ""langid"": ""other""}]","{""other"": 10}","[""jember:2:7""]",10,11.000,False,
processed_indonesia/wav2vec2_300/02_vad/jember_024_0124.wav,Těrus lèk ngêwasi wingi kan sêênggake aku nggarap ngono lho.,indonesian_data/Jember Javanese Spontaneous Speech Corpus/mp3 audio/24.mp3,467000,470000,unknown,"[{""word"": ""Těrus"", ""langid"": ""other""}, {""word"": ""lèk"", ""langid"": ""other""}, {""word"": ""ngêwasi"", ""langid"": ""other""}, {""word"": ""wingi"", ""langid"": ""other""}, {""word"": ""kan"", ""langid"": ""other""}, {""word"": ""sêênggake"", ""langid"": ""other""}, {""word"": ""aku"", ""langid"": ""other""}, {""word"": ""nggarap"", ""langid"": ""other""}, {""word"": ""ngono"", ""langid"": ""other""}, {""word"": ""lho."", ""langid"": ""other""}]","{""other"": 10}","[""jember:24:124""]",10,3.000,False,
processed_indonesia/wav2vec2_300/02_vad/jember_023_0027.wav,"Dadi, ngêpèle kadang minggu.",indonesian_data/Jember Javanese Spontaneous Speech Corpus/mp3 audio/23.mp3,123000,126000,unknown,"[{""word"": ""Dadi,"", ""langid"": ""other""}, {""word"": ""ngêpèle"", ""langid"": ""other""}, {""word"": ""kadang"", ""langid"": ""other""}, {""word"": ""minggu."", ""langid"": ""other""}]","{""other"": 4}","[""jember:23:27""]",4,3.000,False,
processed_indonesia/wav2vec2_300/02_vad/jember_178_0020.wav,"Isa, e..., mengancam keberadaane uwong dhewe.",indonesian_data/Jember Javanese Spontaneous Speech Corpus/mp3 audio/178.mp3,83000,89000,unknown,"[{""word"": ""Isa,"", ""langid"": ""other""}, {""word"": ""e...,"", ""langid"": ""other""}, {""word"": ""mengancam"", ""langid"": ""other""}, {""word"": ""keberadaane"", ""langid"": ""other""}, {""word"": ""uwong"", ""langid"": ""other""}, {""word"": ""dhewe."", ""langid"": ""other""}]","{""other"": 6}","[""jember:178:20""]",6,6.000,False,
processed_indonesia/wav2vec2_300/02_vad/jember_110_0012.wav,"Nah, iki aku gak êruh, soale gak ana sumber sing valid ndèk catetan Balai Desa iku gak ana.",indonesian_data/Jember Javanese Spontaneous Speech Corpus/mp3 audio/110.mp3,74000,82000,unknown,"[{""word"": ""Nah,"", ""langid"": ""other""}, {""word"": ""iki"", ""langid"": ""other""}, {""word"": ""aku"", ""langid"": ""other""}, {""word"": ""gak"", ""langid"": ""other""}, {""word"": ""êruh,"", ""langid"": ""other""}, {""word"": ""soale"", ""langid"": ""other""}, {""word"": ""gak"", ""langid"": ""other""}, {""word"": ""ana"", ""langid"": ""other""}, {""word"": ""sumber"", ""langid"": ""other""}, {""word"": ""sing"", ""langid"": ""other""}, {""word"": ""valid"", ""langid"": ""other""}, {""word"": ""ndèk"", ""langid"": ""other""}, {""word"": ""catetan"", ""langid"": ""other""}, {""word"": ""Balai"", ""langid"": ""other""}, {""word"": ""Desa"", ""langid"": ""other""}, {""word"": ""iku"", ""langid"": ""other""}, {""word"": ""gak"", ""langid"": ""other""}, {""word"": ""ana."", ""langid"": ""other""}]","{""other"": 18}","[""jember:110:12""]",18,8.000,False,
processed_indonesia/wav2vec2_300/02_vad/jember_042_0096.wav,"Lèk jawab iki, ""Ya Allah, nggak kaya iku admin sih CS, nggak kaya CS CS sing tak êruh.""",indonesian_data/Jember Javanese Spontaneous Speech Corpus/mp3 audio/42.mp3,467000,473000,unknown,"[{""word"": ""Lèk"", ""langid"": ""other""}, {""word"": ""jawab"", ""langid"": ""other""}, {""word"": ""iki,"", ""langid"": ""other""}, {""word"": ""\""Ya"", ""langid"": ""other""}, {""word"": ""Allah,"", ""langid"": ""other""}, {""word"": ""nggak"", ""langid"": ""other""}, {""word"": ""kaya"", ""langid"": ""other""}, {""word"": ""iku"", ""langid"": ""other""}, {""word"": ""admin"", ""langid"": ""other""}, {""word"": ""sih"", ""langid"": ""other""}, {""word"": ""CS,"", ""langid"": ""other""}, {""word"": ""nggak"", ""langid"": ""other""}, {""word"": ""kaya"", ""langid"": ""other""}, {""word"": ""CS"", ""langid"": ""other""}, {""word"": ""CS"", ""langid"": ""other""}, {""word"": ""sing"", ""langid"": ""other""}, {""word"": ""tak"", ""langid"": ""other""}, {""word"": ""êruh.\"""", ""langid"": ""other""}]","{""other"": 18}","[""jember:42:96""]",18,6.000,False,
processed_indonesia/wav2vec2_300/02_vad/jember_058_0004.wav,"Těrus, kaya tanduran dhewe kan menghasilkan oksigen.",indonesian_data/Jember Javanese Spontaneous Speech Corpus/mp3 audio/58.mp3,18000,23000,unknown,"[{""word"": ""Těrus,"", ""langid"": ""other""}, {""word"": ""kaya"", ""langid"": ""other""}, {""word"": ""tanduran"", ""langid"": ""other""}, {""word"": ""dhewe"", ""langid"": ""other""}, {""word"": ""kan"", ""langid"": ""other""}, {""word"": ""menghasilkan"", ""langid"": ""other""}, {""word"": ""oksigen."", ""langid"": ""other""}]","{""other"": 7}","[""jember:58:4""]",7,5.000,False,
processed_indonesia/wav2vec2_300/02_vad/jember_044_0063.wav,"Bapakku ki gak tau, Bapakku ki kaya dadi manusia pendiam ndèk omah, gak tau, gak tau komen.",indonesian_data/Jember Javanese Spontaneous Speech Corpus/mp3 audio/44.mp3,294000,301000,unknown,"[{""word"": ""Bapakku"", ""langid"": ""other""}, {""word"": ""ki"", ""langid"": ""other""}, {""word"": ""gak"", ""langid"": ""other""}, {""word"": ""tau,"", ""langid"": ""other""}, {""word"": ""Bapakku"", ""langid"": ""other""}, {""word"": ""ki"", ""langid"": ""other""}, {""word"": ""kaya"", ""langid"": ""other""}, {""word"": ""dadi"", ""langid"": ""other""}, {""word"": ""manusia"", ""langid"": ""other""}, {""word"": ""pendiam"", ""langid"": ""other""}, {""word"": ""ndèk"", ""langid"": ""other""}, {""word"": ""omah,"", ""langid"": ""other""}, {""word"": ""gak"", ""langid"": ""other""}, {""word"": ""tau,"", ""langid"": ""other""}, {""word"": ""gak"", ""langid"": ""other""}, {""word"": ""tau"", ""langid"": ""other""}, {""word"": ""komen."", ""langid"": ""other""}]","{""other"": 17}","[""jember:44:63""]",17,7.000,False,
processed_indonesia/wav2vec2_300/02_vad/jember_196_0016.wav,"Woh, pokoke iku full nanjak pol.",indonesian_data/Jember Javanese Spontaneous Speech Corpus/mp3 audio/196.mp3,83000,87000,unknown,"[{""word"": ""Woh,"", ""langid"": ""other""}, {""word"": ""pokoke"", ""langid"": ""other""}, {""word"": ""iku"", ""langid"": ""other""}, {""word"": ""full"", ""langid"": ""other""}, {""word"": ""nanjak"", ""langid"": ""other""}, {""word"": ""pol."", ""langid"": ""other""}]","{""other"": 6}","[""jember:196:16""]",6,4.000,False,
processed_indonesia/wav2vec2_300/02_vad/jember_065_0138.wav,"Těrus, e..., opo mênèh?",indonesian_data/Jember Javanese Spontaneous Speech Corpus/mp3 audio/65.mp3,982000,986000,unknown,"[{""word"": ""Těrus,"", ""langid"": ""other""}, {""word"": ""e...,"", ""langid"": ""other""}, {""word"": ""opo"", ""langid"": ""other""}, {""word"": ""mênèh?"", ""langid"": ""other""}]","{""other"": 4}","[""jember:65:138""]",4,4.000,False,
processed_indonesia/wav2vec2_300/02_vad/jember_144_0009.wav,Selagi kowe nduwe skill sing memadai nggo ngedit atau motret.,indonesian_data/Jember Javanese Spontaneous Speech Corpus/mp3 audio/144.mp3,44000,51000,unknown,"[{""word"": ""Selagi"", ""langid"": ""other""}, {""word"": ""kowe"", ""langid"": ""other""}, {""word"": ""nduwe"", ""langid"": ""other""}, {""word"": ""skill"", ""langid"": ""other""}, {""word"": ""sing"", ""langid"": ""other""}, {""word"": ""memadai"", ""langid"": ""other""}, {""word"": ""nggo"", ""langid"": ""other""}, {""word"": ""ngedit"", ""langid"": ""other""}, {""word"": ""atau"", ""langid"": ""other""}, {""word"": ""motret."", ""langid"": ""other""}]","{""other"": 10}","[""jember:144:9""]",10,7.000,False,
processed_indonesia/wav2vec2_300/02_vad/jember_067_0001.wav,Biasane ènèk kewan ternak apa ndèk daerahe sampeyan?,indonesian_data/Jember Javanese Spontaneous Speech Corpus/mp3 audio/67.mp3,0,5000,unknown,"[{""word"": ""Biasane"", ""langid"": ""other""}, {""word"": ""ènèk"", ""langid"": ""other""}, {""word"": ""kewan"", ""langid"": ""other""}, {""word"": ""ternak"", ""langid"": ""other""}, {""word"": ""apa"", ""langid"": ""other""}, {""word"": ""ndèk"", ""langid"": ""other""}, {""word"": ""daerahe"", ""langid"": ""other""}, {""word"": ""sampeyan?"", ""langid"": ""other""}]","{""other"": 8}","[""jember:67:1""]",8,5.000,False,
processed_indonesia/wav2vec2_300/02_vad/jember_063_0036.wav,"Berartikan sampeyan backgrounde kan bênêran pertanian ngono ya, mulai têka sêkolah SMK sampèk saiki?",indonesian_data/Jember Javanese Spontaneous Speech Corpus/mp3 audio/63.mp3,234000,242000,unknown,"[{""word"": ""Berartikan"", ""langid"": ""other""}, {""word"": ""sampeyan"", ""langid"": ""other""}, {""word"": ""backgrounde"", ""langid"": ""other""}, {""word"": ""kan"", ""langid"": ""other""}, {""word"": ""bênêran"", ""langid"": ""other""}, {""word"": ""pertanian"", ""langid"": ""other""}, {""word"": ""ngono"", ""langid"": ""other""}, {""word"": ""ya,"", ""langid"": ""other""}, {""word"": ""mulai"", ""langid"": ""other""}, {""word"": ""têka"", ""langid"": ""other""}, {""word"": ""sêkolah"", ""langid"": ""other""}, {""word"": ""SMK"", ""langid"": ""other""}, {""word"": ""sampèk"", ""langid"": ""other""}, {""word"": ""saiki?"", ""langid"": ""other""}]","{""other"": 14}","[""jember:63:36""]",14,8.000,False,
processed_indonesia/wav2vec2_300/02_vad/indonesian_dev_19aaa91db8284fd181bf4c5dc835fc94.wav,"Maka pengen tuh rasanya kita melihat bagaimana sih first world country, they work, how that, bagaimana cara mereka bisa menjadi negara-negara adidaya?Nah mungkin, aku pengen sih lihatnya bagaimana mereka bisa menggapai itu dari catatan masyarakatnya.",indonesian_data/indonesian_dev/clips/19aaa91db8284fd181bf4c5dc835fc94.mp3,0,17278,1,"[{""word"": ""Maka"", ""langid"": ""other""}, {""word"": ""pengen"", ""langid"": ""other""}, {""word"": ""tuh"", ""langid"": ""other""}, {""word"": ""rasanya"", ""langid"": ""other""}, {""word"": ""kita"", ""langid"": ""other""}, {""word"": ""melihat"", ""langid"": ""other""}, {""word"": ""bagaimana"", ""langid"": ""other""}, {""word"": ""sih"", ""langid"": ""other""}, {""word"": ""first"", ""langid"": ""other""}, {""word"": ""world"", ""langid"": ""other""}, {""word"": ""country,"", ""langid"": ""other""}, {""word"": ""they"", ""langid"": ""other""}, {""word"": ""work,"", ""langid"": ""other""}, {""word"": ""how"", ""langid"": ""other""}, {""word"": ""that,"", ""langid"": ""other""}, {""word"": ""bagaimana"", ""langid"": ""other""}, {""word"": ""cara"", ""langid"": ""other""}, {""word"": ""mereka"", ""langid"": ""other""}, {""word"": ""bisa"", ""langid"": ""other""}, {""word"": ""menjadi"", ""langid"": ""other""}, {""word"": ""negara-negara"", ""langid"": ""other""}, {""word"": ""adidaya?Nah"", ""langid"": ""other""}, {""word"": ""mungkin,"", ""langid"": ""other""}, {""word"": ""aku"", ""langid"": ""other""}, {""word"": ""pengen"", ""langid"": ""other""}, {""word"": ""sih"", ""langid"": ""other""}, {""word"": ""lihatnya"", ""langid"": ""other""}, {""word"": ""bagaimana"", ""langid"": ""other""}, {""word"": ""mereka"", ""langid"": ""other""}, {""word"": ""bisa"", ""langid"": ""other""}, {""word"": ""menggapai"", ""langid"": ""other""}, {""word"": ""itu"", ""langid"": ""other""}, {""word"": ""dari"", ""langid"": ""other""}, {""word"": ""catatan"", ""langid"": ""other""}, {""word"": ""masyarakatnya."", ""langid"": ""other""}]","{""other"": 35}","[""indonesian_dev:217""]",35,17.278,False,
processed_indonesia/wav2vec2_300/02_vad/jember_161_0021.wav,"Dan, iku titik di mana mentalitasku jatuh.",indonesian_data/Jember Javanese Spontaneous Speech Corpus/mp3 audio/161.mp3,111000,115000,unknown,"[{""word"": ""Dan,"", ""langid"": ""other""}, {""word"": ""iku"", ""langid"": ""other""}, {""word"": ""titik"", ""langid"": ""other""}, {""word"": ""di"", ""langid"": ""other""}, {""word"": ""mana"", ""langid"": ""other""}, {""word"": ""mentalitasku"", ""langid"": ""other""}, {""word"": ""jatuh."", ""langid"": ""other""}]","{""other"": 7}","[""jember:161:21""]",7,4.000,False,
processed_indonesia/wav2vec2_300/02_vad/jember_029_0050.wav,Dadi ben ngêrti pisan kehidupan ning njaba iku piye sih.,indonesian_data/Jember Javanese Spontaneous Speech Corpus/mp3 audio/29.mp3,223000,236000,unknown,"[{""word"": ""Dadi"", ""langid"": ""other""}, {""word"": ""ben"", ""langid"": ""other""}, {""word"": ""ngêrti"", ""langid"": ""other""}, {""word"": ""pisan"", ""langid"": ""other""}, {""word"": ""kehidupan"", ""langid"": ""other""}, {""word"": ""ning"", ""langid"": ""other""}, {""word"": ""njaba"", ""langid"": ""other""}, {""word"": ""iku"", ""langid"": ""other""}, {""word"": ""piye"", ""langid"": ""other""}, {""word"": ""sih."", ""langid"": ""other""}]","{""other"": 10}","[""jember:29:50""]",10,13.000,False,
processed_indonesia/wav2vec2_300/02_vad/jember_036_0032.wav,Biasane jagongan iku wis.,indonesian_data/Jember Javanese Spontaneous Speech Corpus/mp3 audio/36.mp3,171000,173000,unknown,"[{""word"": ""Biasane"", ""langid"": ""other""}, {""word"": ""jagongan"", ""langid"": ""other""}, {""word"": ""iku"", ""langid"": ""other""}, {""word"": ""wis."", ""langid"": ""other""}]","{""other"": 4}","[""jember:36:32""]",4,2.000,False,
processed_indonesia/wav2vec2_300/02_vad/jember_125_0014.wav,"Tapi, ya bar ngono turu, ngono.",indonesian_data/Jember Javanese Spontaneous Speech Corpus/mp3 audio/125.mp3,63000,65000,unknown,"[{""word"": ""Tapi,"", ""langid"": ""other""}, {""word"": ""ya"", ""langid"": ""other""}, {""word"": ""bar"", ""langid"": ""other""}, {""word"": ""ngono"", ""langid"": ""other""}, {""word"": ""turu,"", ""langid"": ""other""}, {""word"": ""ngono."", ""langid"": ""other""}]","{""other"": 6}","[""jember:125:14""]",6,2.000,False,
processed_indonesia/wav2vec2_300/02_vad/jember_114_0012.wav,"Enak jawabane, soale jare sembako murah, těrus aman ndak ana,",indonesian_data/Jember Javanese Spontaneous Speech Corpus/mp3 audio/114.mp3,72000,78000,unknown,"[{""word"": ""Enak"", ""langid"": ""other""}, {""word"": ""jawabane,"", ""langid"": ""other""}, {""word"": ""soale"", ""langid"": ""other""}, {""word"": ""jare"", ""langid"": ""other""}, {""word"": ""sembako"", ""langid"": ""other""}, {""word"": ""murah,"", ""langid"": ""other""}, {""word"": ""těrus"", ""langid"": ""other""}, {""word"": ""aman"", ""langid"": ""other""}, {""word"": ""ndak"", ""langid"": ""other""}, {""word"": ""ana,"", ""langid"": ""other""}]","{""other"": 10}","[""jember:114:12""]",10,6.000,False,
processed_indonesia/wav2vec2_300/02_vad/jember_063_0043.wav,"Dadi, nèk SMK pertanian iki, apa ya, gak, nèng kelasku gak ènèk, ya SMK Pertanian iki cuma aku.",indonesian_data/Jember Javanese Spontaneous Speech Corpus/mp3 audio/63.mp3,282000,290000,unknown,"[{""word"": ""Dadi,"", ""langid"": ""other""}, {""word"": ""nèk"", ""langid"": ""other""}, {""word"": ""SMK"", ""langid"": ""other""}, {""word"": ""pertanian"", ""langid"": ""other""}, {""word"": ""iki,"", ""langid"": ""other""}, {""word"": ""apa"", ""langid"": ""other""}, {""word"": ""ya,"", ""langid"": ""other""}, {""word"": ""gak,"", ""langid"": ""other""}, {""word"": ""nèng"", ""langid"": ""other""}, {""word"": ""kelasku"", ""langid"": ""other""}, {""word"": ""gak"", ""langid"": ""other""}, {""word"": ""ènèk,"", ""langid"": ""other""}, {""word"": ""ya"", ""langid"": ""other""}, {""word"": ""SMK"", ""langid"": ""other""}, {""word"": ""Pertanian"", ""langid"": ""other""}, {""word"": ""iki"", ""langid"": ""other""}, {""word"": ""cuma"", ""langid"": ""other""}, {""word"": ""aku."", ""langid"": ""other""}]","{""other"": 18}","[""jember:63:43""]",18,8.000,False,
processed_indonesia/wav2vec2_300/02_vad/jember_049_0078.wav,"Ha, iki saiki gak isa dioprak-oprak aku Mbak, sakmarine rabi.",indonesian_data/Jember Javanese Spontaneous Speech Corpus/mp3 audio/49.mp3,377000,381000,unknown,"[{""word"": ""Ha,"", ""langid"": ""other""}, {""word"": ""iki"", ""langid"": ""other""}, {""word"": ""saiki"", ""langid"": ""other""}, {""word"": ""gak"", ""langid"": ""other""}, {""word"": ""isa"", ""langid"": ""other""}, {""word"": ""dioprak-oprak"", ""langid"": ""other""}, {""word"": ""aku"", ""langid"": ""other""}, {""word"": ""Mbak,"", ""langid"": ""other""}, {""word"": ""sakmarine"", ""langid"": ""other""}, {""word"": ""rabi."", ""langid"": ""other""}]","{""other"": 10}","[""jember:49:78""]",10,4.000,False,
processed_indonesia/wav2vec2_300/02_vad/jember_107_0049.wav,Aku ndêlok data têka Direktorat Jendral Perkebunan iki nèng Jawa Timur ki sing paling uwakèh ki nèng daerah Banyuwangi.,indonesian_data/Jember Javanese Spontaneous Speech Corpus/mp3 audio/107.mp3,322000,333000,unknown,"[{""word"": ""Aku"", ""langid"": ""other""}, {""word"": ""ndêlok"", ""langid"": ""other""}, {""word"": ""data"", ""langid"": ""other""}, {""word"": ""têka"", ""langid"": ""other""}, {""word"": ""Direktorat"", ""langid"": ""other""}, {""word"": ""Jendral"", ""langid"": ""other""}, {""word"": ""Perkebunan"", ""langid"": ""other""}, {""word"": ""iki"", ""langid"": ""other""}, {""word"": ""nèng"", ""langid"": ""other""}, {""word"": ""Jawa"", ""langid"": ""other""}, {""word"": ""Timur"", ""langid"": ""other""}, {""word"": ""ki"", ""langid"": ""other""}, {""word"": ""sing"", ""langid"": ""other""}, {""word"": ""paling"", ""langid"": ""other""}, {""word"": ""uwakèh"", ""langid"": ""other""}, {""word"": ""ki"", ""langid"": ""other""}, {""word"": ""nèng"", ""langid"": ""other""}, {""word"": ""daerah"", ""langid"": ""other""}, {""word"": ""Banyuwangi."", ""langid"": ""other""}]","{""other"": 19}","[""jember:107:49""]",19,11.000,False,
processed_indonesia/wav2vec2_300/02_vad/jember_023_0121.wav,"Em..., pokok gak gur ning omah ngene wis.",indonesian_data/Jember Javanese Spontaneous Speech Corpus/mp3 audio/23.mp3,631000,634000,unknown,"[{""word"": ""Em...,"", ""langid"": ""other""}, {""word"": ""pokok"", ""langid"": ""other""}, {""word"": ""gak"", ""langid"": ""other""}, {""word"": ""gur"", ""langid"": ""other""}, {""word"": ""ning"", ""langid"": ""other""}, {""word"": ""omah"", ""langid"": ""other""}, {""word"": ""ngene"", ""langid"": ""other""}, {""word"": ""wis."", ""langid"": ""other""}]","{""other"": 8}","[""jember:23:121""]",8,3.000,False,
processed_indonesia/wav2vec2_300/02_vad/jember_206_0066.wav,"Misale, apa ya, ya apa lah ngono.",indonesian_data/Jember Javanese Spontaneous Speech Corpus/mp3 audio/206.mp3,427000,430000,unknown,"[{""word"": ""Misale,"", ""langid"": ""other""}, {""word"": ""apa"", ""langid"": ""other""}, {""word"": ""ya,"", ""langid"": ""other""}, {""word"": ""ya"", ""langid"": ""other""}, {""word"": ""apa"", ""langid"": ""other""}, {""word"": ""lah"", ""langid"": ""other""}, {""word"": ""ngono."", ""langid"": ""other""}]","{""other"": 7}","[""jember:206:66""]",7,3.000,False,
processed_indonesia/wav2vec2_300/02_vad/jember_112_0006.wav,"Ya, 50:50 lah ana sing sênêng sejarah, ana sing gak sênêng.",indonesian_data/Jember Javanese Spontaneous Speech Corpus/mp3 audio/112.mp3,29000,36000,unknown,"[{""word"": ""Ya,"", ""langid"": ""other""}, {""word"": ""50:50"", ""langid"": ""other""}, {""word"": ""lah"", ""langid"": ""other""}, {""word"": ""ana"", ""langid"": ""other""}, {""word"": ""sing"", ""langid"": ""other""}, {""word"": ""sênêng"", ""langid"": ""other""}, {""word"": ""sejarah,"", ""langid"": ""other""}, {""word"": ""ana"", ""langid"": ""other""}, {""word"": ""sing"", ""langid"": ""other""}, {""word"": ""gak"", ""langid"": ""other""}, {""word"": ""sênêng."", ""langid"": ""other""}]","{""other"": 11}","[""jember:112:6""]",11,7.000,False,
processed_indonesia/wav2vec2_300/02_vad/indonesian_dev_f0bb2ecdee824efbaca5be19441023ab.wav,"Sayangnya setelah beberapa tahun, mungkin ada kayaknya deh lima belasan tahun itu, aku nggak pernah lagi mengunjungi Museum Sangiran. Yah, semoga suatu saat ada kesempatan untuk mengunjungi museum tersebut.",indonesian_data/indonesian_dev/clips/f0bb2ecdee824efbaca5be19441023ab.mp3,0,17018,1,"[{""word"": ""Sayangnya"", ""langid"": ""other""}, {""word"": ""setelah"", ""langid"": ""other""}, {""word"": ""beberapa"", ""langid"": ""other""}, {""word"": ""tahun,"", ""langid"": ""other""}, {""word"": ""mungkin"", ""langid"": ""other""}, {""word"": ""ada"", ""langid"": ""other""}, {""word"": ""kayaknya"", ""langid"": ""other""}, {""word"": ""deh"", ""langid"": ""other""}, {""word"": ""lima"", ""langid"": ""other""}, {""word"": ""belasan"", ""langid"": ""other""}, {""word"": ""tahun"", ""langid"": ""other""}, {""word"": ""itu,"", ""langid"": ""other""}, {""word"": ""aku"", ""langid"": ""other""}, {""word"": ""nggak"", ""langid"": ""other""}, {""word"": ""pernah"", ""langid"": ""other""}, {""word"": ""lagi"", ""langid"": ""other""}, {""word"": ""mengunjungi"", ""langid"": ""other""}, {""word"": ""Museum"", ""langid"": ""other""}, {""word"": ""Sangiran."", ""langid"": ""other""}, {""word"": ""Yah,"", ""langid"": ""other""}, {""word"": ""semoga"", ""langid"": ""other""}, {""word"": ""suatu"", ""langid"": ""other""}, {""word"": ""saat"", ""langid"": ""other""}, {""word"": ""ada"", ""langid"": ""other""}, {""word"": ""kesempatan"", ""langid"": ""other""}, {""word"": ""untuk"", ""langid"": ""other""}, {""word"": ""mengunjungi"", ""langid"": ""other""}, {""word"": ""museum"", ""langid"": ""other""}, {""word"": ""tersebut."", ""langid"": ""other""}]","{""other"": 29}","[""indonesian_dev:46""]",29,17.018,False,
processed_indonesia/wav2vec2_300/02_vad/indonesian_dev_2dc03d473d1d44deb3e6c80ab6a11399.wav,"Gak memancing dan mungkin, iki ya apa jenengé... rodo.. rodo memprotes kebijakannya beliau. Nah bar kui pas waktu kene entok anu... entok apa namané... untuk gawe mading, gawelah yang hal-hal yang protes, terus kemudian slogan-slogan.",indonesian_data/indonesian_dev/clips/2dc03d473d1d44deb3e6c80ab6a11399.mp3,0,24498,1,"[{""word"": ""Gak"", ""langid"": ""other""}, {""word"": ""memancing"", ""langid"": ""other""}, {""word"": ""dan"", ""langid"": ""other""}, {""word"": ""mungkin,"", ""langid"": ""other""}, {""word"": ""iki"", ""langid"": ""other""}, {""word"": ""ya"", ""langid"": ""other""}, {""word"": ""apa"", ""langid"": ""other""}, {""word"": ""jenengé..."", ""langid"": ""other""}, {""word"": ""rodo.."", ""langid"": ""other""}, {""word"": ""rodo"", ""langid"": ""other""}, {""word"": ""memprotes"", ""langid"": ""other""}, {""word"": ""kebijakannya"", ""langid"": ""other""}, {""word"": ""beliau."", ""langid"": ""other""}, {""word"": ""Nah"", ""langid"": ""other""}, {""word"": ""bar"", ""langid"": ""other""}, {""word"": ""kui"", ""langid"": ""other""}, {""word"": ""pas"", ""langid"": ""other""}, {""word"": ""waktu"", ""langid"": ""other""}, {""word"": ""kene"", ""langid"": ""other""}, {""word"": ""entok"", ""langid"": ""other""}, {""word"": ""anu..."", ""langid"": ""other""}, {""word"": ""entok"", ""langid"": ""other""}, {""word"": ""apa"", ""langid"": ""other""}, {""word"": ""namané..."", ""langid"": ""other""}, {""word"": ""untuk"", ""langid"": ""other""}, {""word"": ""gawe"", ""langid"": ""other""}, {""word"": ""mading,"", ""langid"": ""other""}, {""word"": ""gawelah"", ""langid"": ""other""}, {""word"": ""yang"", ""langid"": ""other""}, {""word"": ""hal-hal"", ""langid"": ""other""}, {""word"": ""yang"", ""langid"": ""other""}, {""word"": ""protes,"", ""langid"": ""other""}, {""word"": ""terus"", ""langid"": ""other""}, {""word"": ""kemudian"", ""langid"": ""other""}, {""word"": ""slogan-slogan."", ""langid"": ""other""}]","{""other"": 35}","[""indonesian_dev:107""]",35,24.498,False,
processed_indonesia/wav2vec2_300/02_vad/jember_068_0002.wav,"Nèk aku pribadi kan aku kuliah karo ya ngopèn-ngopèn lah, ngopèn-ngopèn kambing korban, těrus nandur-nandur, ngolah lahan ya.",indonesian_data/Jember Javanese Spontaneous Speech Corpus/mp3 audio/68.mp3,8000,18000,unknown,"[{""word"": ""Nèk"", ""langid"": ""other""}, {""word"": ""aku"", ""langid"": ""other""}, {""word"": ""pribadi"", ""langid"": ""other""}, {""word"": ""kan"", ""langid"": ""other""}, {""word"": ""aku"", ""langid"": ""other""}, {""word"": ""kuliah"", ""langid"": ""other""}, {""word"": ""karo"", ""langid"": ""other""}, {""word"": ""ya"", ""langid"": ""other""}, {""word"": ""ngopèn-ngopèn"", ""langid"": ""other""}, {""word"": ""lah,"", ""langid"": ""other""}, {""word"": ""ngopèn-ngopèn"", ""langid"": ""other""}, {""word"": ""kambing"", ""langid"": ""other""}, {""word"": ""korban,"", ""langid"": ""other""}, {""word"": ""těrus"", ""langid"": ""other""}, {""word"": ""nandur-nandur,"", ""langid"": ""other""}, {""word"": ""ngolah"", ""langid"": ""other""}, {""word"": ""lahan"", ""langid"": ""other""}, {""word"": ""ya."", ""langid"": ""other""}]","{""other"": 18}","[""jember:68:2""]",18,10.000,False,
processed_indonesia/wav2vec2_300/02_vad/jember_031_0015.wav,Lèk ngisore kuwi ya wis akèh sing lulusan SMA.,indonesian_data/Jember Javanese Spontaneous Speech Corpus/mp3 audio/31.mp3,107000,122000,unknown,"[{""word"": ""Lèk"", ""langid"": ""other""}, {""word"": ""ngisore"", ""langid"": ""other""}, {""word"": ""kuwi"", ""langid"": ""other""}, {""word"": ""ya"", ""langid"": ""other""}, {""word"": ""wis"", ""langid"": ""other""}, {""word"": ""akèh"", ""langid"": ""other""}, {""word"": ""sing"", ""langid"": ""other""}, {""word"": ""lulusan"", ""langid"": ""other""}, {""word"": ""SMA."", ""langid"": ""other""}]","{""other"": 9}","[""jember:31:15""]",9,15.000,False,
processed_indonesia/wav2vec2_300/02_vad/jember_142_0006.wav,"E..., nah, nèk pas nèng omah iki aku kadang mamaku, apa jênênge?",indonesian_data/Jember Javanese Spontaneous Speech Corpus/mp3 audio/142.mp3,29000,35000,unknown,"[{""word"": ""E...,"", ""langid"": ""other""}, {""word"": ""nah,"", ""langid"": ""other""}, {""word"": ""nèk"", ""langid"": ""other""}, {""word"": ""pas"", ""langid"": ""other""}, {""word"": ""nèng"", ""langid"": ""other""}, {""word"": ""omah"", ""langid"": ""other""}, {""word"": ""iki"", ""langid"": ""other""}, {""word"": ""aku"", ""langid"": ""other""}, {""word"": ""kadang"", ""langid"": ""other""}, {""word"": ""mamaku,"", ""langid"": ""other""}, {""word"": ""apa"", ""langid"": ""other""}, {""word"": ""jênênge?"", ""langid"": ""other""}]","{""other"": 12}","[""jember:142:6""]",12,6.000,False,
processed_indonesia/wav2vec2_300/02_vad/jember_065_0019.wav,"Apa ya, ndèk sêkitar daerah aku magang, soale kan aku magang nèng kêbon kelapa sawit nèng Kalimantan têngah.",indonesian_data/Jember Javanese Spontaneous Speech Corpus/mp3 audio/65.mp3,151000,162000,unknown,"[{""word"": ""Apa"", ""langid"": ""other""}, {""word"": ""ya,"", ""langid"": ""other""}, {""word"": ""ndèk"", ""langid"": ""other""}, {""word"": ""sêkitar"", ""langid"": ""other""}, {""word"": ""daerah"", ""langid"": ""other""}, {""word"": ""aku"", ""langid"": ""other""}, {""word"": ""magang,"", ""langid"": ""other""}, {""word"": ""soale"", ""langid"": ""other""}, {""word"": ""kan"", ""langid"": ""other""}, {""word"": ""aku"", ""langid"": ""other""}, {""word"": ""magang"", ""langid"": ""other""}, {""word"": ""nèng"", ""langid"": ""other""}, {""word"": ""kêbon"", ""langid"": ""other""}, {""word"": ""kelapa"", ""langid"": ""other""}, {""word"": ""sawit"", ""langid"": ""other""}, {""word"": ""nèng"", ""langid"": ""other""}, {""word"": ""Kalimantan"", ""langid"": ""other""}, {""word"": ""têngah."", ""langid"": ""other""}]","{""other"": 18}","[""jember:65:19""]",18,11.000,False,
processed_indonesia/wav2vec2_300/02_vad/jember_085_0015.wav,"Dadi, nèng mripat ya têtêp seger, masio rada ngantuk sak ithik lèk rada suwi macane.",indonesian_data/Jember Javanese Spontaneous Speech Corpus/mp3 audio/85.mp3,70000,78000,unknown,"[{""word"": ""Dadi,"", ""langid"": ""other""}, {""word"": ""nèng"", ""langid"": ""other""}, {""word"": ""mripat"", ""langid"": ""other""}, {""word"": ""ya"", ""langid"": ""other""}, {""word"": ""têtêp"", ""langid"": ""other""}, {""word"": ""seger,"", ""langid"": ""other""}, {""word"": ""masio"", ""langid"": ""other""}, {""word"": ""rada"", ""langid"": ""other""}, {""word"": ""ngantuk"", ""langid"": ""other""}, {""word"": ""sak"", ""langid"": ""other""}, {""word"": ""ithik"", ""langid"": ""other""}, {""word"": ""lèk"", ""langid"": ""other""}, {""word"": ""rada"", ""langid"": ""other""}, {""word"": ""suwi"", ""langid"": ""other""}, {""word"": ""macane."", ""langid"": ""other""}]","{""other"": 15}","[""jember:85:15""]",15,8.000,False,
processed_indonesia/wav2vec2_300/02_vad/jember_186_0005.wav,"Tapi lèk misale liburane awak dhewe mek liburan a mbêk kanca-kanca utawa liburan dhewean iku, e, nggak usah nggawa olèh-olèh pisan nggak papa.",indonesian_data/Jember Javanese Spontaneous Speech Corpus/mp3 audio/186.mp3,18000,26000,unknown,"[{""word"": ""Tapi"", ""langid"": ""other""}, {""word"": ""lèk"", ""langid"": ""other""}, {""word"": ""misale"", ""langid"": ""other""}, {""word"": ""liburane"", ""langid"": ""other""}, {""word"": ""awak"", ""langid"": ""other""}, {""word"": ""dhewe"", ""langid"": ""other""}, {""word"": ""mek"", ""langid"": ""other""}, {""word"": ""liburan"", ""langid"": ""other""}, {""word"": ""a"", ""langid"": ""other""}, {""word"": ""mbêk"", ""langid"": ""other""}, {""word"": ""kanca-kanca"", ""langid"": ""other""}, {""word"": ""utawa"", ""langid"": ""other""}, {""word"": ""liburan"", ""langid"": ""other""}, {""word"": ""dhewean"", ""langid"": ""other""}, {""word"": ""iku,"", ""langid"": ""other""}, {""word"": ""e,"", ""langid"": ""other""}, {""word"": ""nggak"", ""langid"": ""other""}, {""word"": ""usah"", ""langid"": ""other""}, {""word"": ""nggawa"", ""langid"": ""other""}, {""word"": ""olèh-olèh"", ""langid"": ""other""}, {""word"": ""pisan"", ""langid"": ""other""}, {""word"": ""nggak"", ""langid"": ""other""}, {""word"": ""papa."", ""langid"": ""other""}]","{""other"": 23}","[""jember:186:5""]",23,8.000,False,
processed_indonesia/wav2vec2_300/02_vad/jember_195_0013.wav,"Dadi, woh, iku keren sih, sumpah keren.",indonesian_data/Jember Javanese Spontaneous Speech Corpus/mp3 audio/195.mp3,56000,60000,unknown,"[{""word"": ""Dadi,"", ""langid"": ""other""}, {""word"": ""woh,"", ""langid"": ""other""}, {""word"": ""iku"", ""langid"": ""other""}, {""word"": ""keren"", ""langid"": ""other""}, {""word"": ""sih,"", ""langid"": ""other""}, {""word"": ""sumpah"", ""langid"": ""other""}, {""word"": ""keren."", ""langid"": ""other""}]","{""other"": 7}","[""jember:195:13""]",7,4.000,False,
processed_indonesia/wav2vec2_300/02_vad/jember_024_0076.wav,"Menurut Anda, apa saja kegiatan sehari-hari yang pênting dan bermanfaat agar kualitas hidup Anda tetap terjaga? Dan, kenapa?",indonesian_data/Jember Javanese Spontaneous Speech Corpus/mp3 audio/24.mp3,288000,296000,unknown,"[{""word"": ""Menurut"", ""langid"": ""other""}, {""word"": ""Anda,"", ""langid"": ""other""}, {""word"": ""apa"", ""langid"": ""other""}, {""word"": ""saja"", ""langid"": ""other""}, {""word"": ""kegiatan"", ""langid"": ""other""}, {""word"": ""sehari-hari"", ""langid"": ""other""}, {""word"": ""yang"", ""langid"": ""other""}, {""word"": ""pênting"", ""langid"": ""other""}, {""word"": ""dan"", ""langid"": ""other""}, {""word"": ""bermanfaat"", ""langid"": ""other""}, {""word"": ""agar"", ""langid"": ""other""}, {""word"": ""kualitas"", ""langid"": ""other""}, {""word"": ""hidup"", ""langid"": ""other""}, {""word"": ""Anda"", ""langid"": ""other""}, {""word"": ""tetap"", ""langid"": ""other""}, {""word"": ""terjaga?"", ""langid"": ""other""}, {""word"": ""Dan,"", ""langid"": ""other""}, {""word"": ""kenapa?"", ""langid"": ""other""}]","{""other"": 18}","[""jember:24:76""]",18,8.000,False,
processed_indonesia/wav2vec2_300/02_vad/jember_044_0093.wav,"Eh, Bapakmu nggak sayang. Hoh, ngono ngomonge.",indonesian_data/Jember Javanese Spontaneous Speech Corpus/mp3 audio/44.mp3,420000,424000,unknown,"[{""word"": ""Eh,"", ""langid"": ""other""}, {""word"": ""Bapakmu"", ""langid"": ""other""}, {""word"": ""nggak"", ""langid"": ""other""}, {""word"": ""sayang."", ""langid"": ""other""}, {""word"": ""Hoh,"", ""langid"": ""other""}, {""word"": ""ngono"", ""langid"": ""other""}, {""word"": ""ngomonge."", ""langid"": ""other""}]","{""other"": 7}","[""jember:44:93""]",7,4.000,False,
processed_indonesia/wav2vec2_300/02_vad/jember_124_0016.wav,"Dadi ngono, dadi, o, Pak Gedhe wis nggarap sing model ngene iki, piye nèk misale iki model sing digarap Pak Gedhe iki tak gawa mrene? ngono.",indonesian_data/Jember Javanese Spontaneous Speech Corpus/mp3 audio/124.mp3,85000,94000,unknown,"[{""word"": ""Dadi"", ""langid"": ""other""}, {""word"": ""ngono,"", ""langid"": ""other""}, {""word"": ""dadi,"", ""langid"": ""other""}, {""word"": ""o,"", ""langid"": ""other""}, {""word"": ""Pak"", ""langid"": ""other""}, {""word"": ""Gedhe"", ""langid"": ""other""}, {""word"": ""wis"", ""langid"": ""other""}, {""word"": ""nggarap"", ""langid"": ""other""}, {""word"": ""sing"", ""langid"": ""other""}, {""word"": ""model"", ""langid"": ""other""}, {""word"": ""ngene"", ""langid"": ""other""}, {""word"": ""iki,"", ""langid"": ""other""}, {""word"": ""piye"", ""langid"": ""other""}, {""word"": ""nèk"", ""langid"": ""other""}, {""word"": ""misale"", ""langid"": ""other""}, {""word"": ""iki"", ""langid"": ""other""}, {""word"": ""model"", ""langid"": ""other""}, {""word"": ""sing"", ""langid"": ""other""}, {""word"": ""digarap"", ""langid"": ""other""}, {""word"": ""Pak"", ""langid"": ""other""}, {""word"": ""Gedhe"", ""langid"": ""other""}, {""word"": ""iki"", ""langid"": ""other""}, {""word"": ""tak"", ""langid"": ""other""}, {""word"": ""gawa"", ""langid"": ""other""}, {""word"": ""mrene?"", ""langid"": ""other""}, {""word"": ""ngono."", ""langid"": ""other""}]","{""other"": 26}","[""jember:124:16""]",26,9.000,False,
processed_indonesia/wav2vec2_300/02_vad/jember_066_0006.wav,"Aku njawab durung, pancèn aku durung duwe ngono lho.",indonesian_data/Jember Javanese Spontaneous Speech Corpus/mp3 audio/66.mp3,47000,50000,unknown,"[{""word"": ""Aku"", ""langid"": ""other""}, {""word"": ""njawab"", ""langid"": ""other""}, {""word"": ""durung,"", ""langid"": ""other""}, {""word"": ""pancèn"", ""langid"": ""other""}, {""word"": ""aku"", ""langid"": ""other""}, {""word"": ""durung"", ""langid"": ""other""}, {""word"": ""duwe"", ""langid"": ""other""}, {""word"": ""ngono"", ""langid"": ""other""}, {""word"": ""lho."", ""langid"": ""other""}]","{""other"": 9}","[""jember:66:6""]",9,3.000,False,
processed_indonesia/wav2vec2_300/02_vad/jember_178_0032.wav,"Kaya mereka nggak, nggak isa sebebas iku.",indonesian_data/Jember Javanese Spontaneous Speech Corpus/mp3 audio/178.mp3,148000,150000,unknown,"[{""word"": ""Kaya"", ""langid"": ""other""}, {""word"": ""mereka"", ""langid"": ""other""}, {""word"": ""nggak,"", ""langid"": ""other""}, {""word"": ""nggak"", ""langid"": ""other""}, {""word"": ""isa"", ""langid"": ""other""}, {""word"": ""sebebas"", ""langid"": ""other""}, {""word"": ""iku."", ""langid"": ""other""}]","{""other"": 7}","[""jember:178:32""]",7,2.000,False,
processed_indonesia/wav2vec2_300/02_vad/indonesian_dev_9b72c1cb337b46f8a2fe0ea09c316472.wav,"Nah ternyata e... rasa penasaranku ki cukup tinggi waktu SD, jadi aku mulai belajar materi-materi sejarah yang dia itu ya enggak.. enggak.. enggak untuk anak SD, bahkan di perpustakaan ada ini ya, aku ingat ada satu buku, itu buku pelajaran sejarah atau IPS dari SMP sama SMA kelas satu,dua,tiga... ya kelas satu,dua,tiga.",indonesian_data/indonesian_dev/clips/9b72c1cb337b46f8a2fe0ea09c316472.mp3,0,30018,1,"[{""word"": ""Nah"", ""langid"": ""other""}, {""word"": ""ternyata"", ""langid"": ""other""}, {""word"": ""e..."", ""langid"": ""other""}, {""word"": ""rasa"", ""langid"": ""other""}, {""word"": ""penasaranku"", ""langid"": ""other""}, {""word"": ""ki"", ""langid"": ""other""}, {""word"": ""cukup"", ""langid"": ""other""}, {""word"": ""tinggi"", ""langid"": ""other""}, {""word"": ""waktu"", ""langid"": ""other""}, {""word"": ""SD,"", ""langid"": ""other""}, {""word"": ""jadi"", ""langid"": ""other""}, {""word"": ""aku"", ""langid"": ""other""}, {""word"": ""mulai"", ""langid"": ""other""}, {""word"": ""belajar"", ""langid"": ""other""}, {""word"": ""materi-materi"", ""langid"": ""other""}, {""word"": ""sejarah"", ""langid"": ""other""}, {""word"": ""yang"", ""langid"": ""other""}, {""word"": ""dia"", ""langid"": ""other""}, {""word"": ""itu"", ""langid"": ""other""}, {""word"": ""ya"", ""langid"": ""other""}, {""word"": ""enggak.."", ""langid"": ""other""}, {""word"": ""enggak.."", ""langid"": ""other""}, {""word"": ""enggak"", ""langid"": ""other""}, {""word"": ""untuk"", ""langid"": ""other""}, {""word"": ""anak"", ""langid"": ""other""}, {""word"": ""SD,"", ""langid"": ""other""}, {""word"": ""bahkan"", ""langid"": ""other""}, {""word"": ""di"", ""langid"": ""other""}, {""word"": ""perpustakaan"", ""langid"": ""other""}, {""word"": ""ada"", ""langid"": ""other""}, {""word"": ""ini"", ""langid"": ""other""}, {""word"": ""ya,"", ""langid"": ""other""}, {""word"": ""aku"", ""langid"": ""other""}, {""word"": ""ingat"", ""langid"": ""other""}, {""word"": ""ada"", ""langid"": ""other""}, {""word"": ""satu"", ""langid"": ""other""}, {""word"": ""buku,"", ""langid"": ""other""}, {""word"": ""itu"", ""langid"": ""other""}, {""word"": ""buku"", ""langid"": ""other""}, {""word"": ""pelajaran"", ""langid"": ""other""}, {""word"": ""sejarah"", ""langid"": ""other""}, {""word"": ""atau"", ""langid"": ""other""}, {""word"": ""IPS"", ""langid"": ""other""}, {""word"": ""dari"", ""langid"": ""other""}, {""word"": ""SMP"", ""langid"": ""other""}, {""word"": ""sama"", ""langid"": ""other""}, {""word"": ""SMA"", ""langid"": ""other""}, {""word"": ""kelas"", ""langid"": ""other""}, {""word"": ""satu,dua,tiga..."", ""langid"": ""other""}, {""word"": ""ya"", ""langid"": ""other""}, {""word"": ""kelas"", ""langid"": ""other""}, {""word"": ""satu,dua,tiga."", ""langid"": ""other""}]","{""other"": 52}","[""indonesian_dev:159""]",52,30.018,False,
processed_indonesia/wav2vec2_300/02_vad/jember_204_0029.wav,"Misale dadi guru ngono, nyebutne jênêng pekêrjaan guru iku pekêrjaan sing apik ngono, ora.",indonesian_data/Jember Javanese Spontaneous Speech Corpus/mp3 audio/204.mp3,184000,191000,unknown,"[{""word"": ""Misale"", ""langid"": ""other""}, {""word"": ""dadi"", ""langid"": ""other""}, {""word"": ""guru"", ""langid"": ""other""}, {""word"": ""ngono,"", ""langid"": ""other""}, {""word"": ""nyebutne"", ""langid"": ""other""}, {""word"": ""jênêng"", ""langid"": ""other""}, {""word"": ""pekêrjaan"", ""langid"": ""other""}, {""word"": ""guru"", ""langid"": ""other""}, {""word"": ""iku"", ""langid"": ""other""}, {""word"": ""pekêrjaan"", ""langid"": ""other""}, {""word"": ""sing"", ""langid"": ""other""}, {""word"": ""apik"", ""langid"": ""other""}, {""word"": ""ngono,"", ""langid"": ""other""}, {""word"": ""ora."", ""langid"": ""other""}]","{""other"": 14}","[""jember:204:29""]",14,7.000,False,
processed_indonesia/wav2vec2_300/02_vad/jember_204_0052.wav,Rata-rata ya gak sêkolah sih sakjane.,indonesian_data/Jember Javanese Spontaneous Speech Corpus/mp3 audio/204.mp3,342000,348000,unknown,"[{""word"": ""Rata-rata"", ""langid"": ""other""}, {""word"": ""ya"", ""langid"": ""other""}, {""word"": ""gak"", ""langid"": ""other""}, {""word"": ""sêkolah"", ""langid"": ""other""}, {""word"": ""sih"", ""langid"": ""other""}, {""word"": ""sakjane."", ""langid"": ""other""}]","{""other"": 6}","[""jember:204:52""]",6,6.000,False,
processed_indonesia/wav2vec2_300/02_vad/jember_065_0029.wav,"Ya, baik sêka kepala divisi, mandor perawatan, mandor panèn, pengawas perawatan, ya krani panèn, ya kabèh lah kumpul karo, e, kuli-kuli sawit, kuli panèn, ya kuwi perawatan lah.",indonesian_data/Jember Javanese Spontaneous Speech Corpus/mp3 audio/65.mp3,207000,223000,unknown,"[{""word"": ""Ya,"", ""langid"": ""other""}, {""word"": ""baik"", ""langid"": ""other""}, {""word"": ""sêka"", ""langid"": ""other""}, {""word"": ""kepala"", ""langid"": ""other""}, {""word"": ""divisi,"", ""langid"": ""other""}, {""word"": ""mandor"", ""langid"": ""other""}, {""word"": ""perawatan,"", ""langid"": ""other""}, {""word"": ""mandor"", ""langid"": ""other""}, {""word"": ""panèn,"", ""langid"": ""other""}, {""word"": ""pengawas"", ""langid"": ""other""}, {""word"": ""perawatan,"", ""langid"": ""other""}, {""word"": ""ya"", ""langid"": ""other""}, {""word"": ""krani"", ""langid"": ""other""}, {""word"": ""panèn,"", ""langid"": ""other""}, {""word"": ""ya"", ""langid"": ""other""}, {""word"": ""kabèh"", ""langid"": ""other""}, {""word"": ""lah"", ""langid"": ""other""}, {""word"": ""kumpul"", ""langid"": ""other""}, {""word"": ""karo,"", ""langid"": ""other""}, {""word"": ""e,"", ""langid"": ""other""}, {""word"": ""kuli-kuli"", ""langid"": ""other""}, {""word"": ""sawit,"", ""langid"": ""other""}, {""word"": ""kuli"", ""langid"": ""other""}, {""word"": ""panèn,"", ""langid"": ""other""}, {""word"": ""ya"", ""langid"": ""other""}, {""word"": ""kuwi"", ""langid"": ""other""}, {""word"": ""perawatan"", ""langid"": ""other""}, {""word"": ""lah."", ""langid"": ""other""}]","{""other"": 28}","[""jember:65:29""]",28,16.000,False,
processed_indonesia/wav2vec2_300/02_vad/indonesian_dev_27ea863b88524b308477b25562d6d0b8.wav,"Kalau buat pertama kali, mungkin sek pengen tak kunjungi, ya, kota Tokyo sama Kyoto, ya. Dua kota ini yang paling terkenal buat wisatawan internasional, terus ya, lebih gampang aksesnya, daripada, daripada kota-kota yang lain.",indonesian_data/indonesian_dev/clips/27ea863b88524b308477b25562d6d0b8.mp3,0,21580,6,"[{""word"": ""Kalau"", ""langid"": ""other""}, {""word"": ""buat"", ""langid"": ""other""}, {""word"": ""pertama"", ""langid"": ""other""}, {""word"": ""kali,"", ""langid"": ""other""}, {""word"": ""mungkin"", ""langid"": ""other""}, {""word"": ""sek"", ""langid"": ""other""}, {""word"": ""pengen"", ""langid"": ""other""}, {""word"": ""tak"", ""langid"": ""other""}, {""word"": ""kunjungi,"", ""langid"": ""other""}, {""word"": ""ya,"", ""langid"": ""other""}, {""word"": ""kota"", ""langid"": ""other""}, {""word"": ""Tokyo"", ""langid"": ""other""}, {""word"": ""sama"", ""langid"": ""other""}, {""word"": ""Kyoto,"", ""langid"": ""other""}, {""word"": ""ya."", ""langid"": ""other""}, {""word"": ""Dua"", ""langid"": ""other""}, {""word"": ""kota"", ""langid"": ""other""}, {""word"": ""ini"", ""langid"": ""other""}, {""word"": ""yang"", ""langid"": ""other""}, {""word"": ""paling"", ""langid"": ""other""}, {""word"": ""terkenal"", ""langid"": ""other""}, {""word"": ""buat"", ""langid"": ""other""}, {""word"": ""wisatawan"", ""langid"": ""other""}, {""word"": ""internasional,"", ""langid"": ""other""}, {""word"": ""terus"", ""langid"": ""other""}, {""word"": ""ya,"", ""langid"": ""other""}, {""word"": ""lebih"", ""langid"": ""other""}, {""word"": ""gampang"", ""langid"": ""other""}, {""word"": ""aksesnya,"", ""langid"": ""other""}, {""word"": ""daripada,"", ""langid"": ""other""}, {""word"": ""daripada"", ""langid"": ""other""}, {""word"": ""kota-kota"", ""langid"": ""other""}, {""word"": ""yang"", ""langid"": ""other""}, {""word"": ""lain."", ""langid"": ""other""}]","{""other"": 34}","[""indonesian_dev:48""]",34,21.580,False,
processed_indonesia/wav2vec2_300/02_vad/jember_048_0057.wav,"Nggak ènèk iku lèk gak ngomong sedina, pokoke lèk arèke warang brati, e, lèk arèke gak ngomong brarti warang.",indonesian_data/Jember Javanese Spontaneous Speech Corpus/mp3 audio/48.mp3,316000,323000,unknown,"[{""word"": ""Nggak"", ""langid"": ""other""}, {""word"": ""ènèk"", ""langid"": ""other""}, {""word"": ""iku"", ""langid"": ""other""}, {""word"": ""lèk"", ""langid"": ""other""}, {""word"": ""gak"", ""langid"": ""other""}, {""word"": ""ngomong"", ""langid"": ""other""}, {""word"": ""sedina,"", ""langid"": ""other""}, {""word"": ""pokoke"", ""langid"": ""other""}, {""word"": ""lèk"", ""langid"": ""other""}, {""word"": ""arèke"", ""langid"": ""other""}, {""word"": ""warang"", ""langid"": ""other""}, {""word"": ""brati,"", ""langid"": ""other""}, {""word"": ""e,"", ""langid"": ""other""}, {""word"": ""lèk"", ""langid"": ""other""}, {""word"": ""arèke"", ""langid"": ""other""}, {""word"": ""gak"", ""langid"": ""other""}, {""word"": ""ngomong"", ""langid"": ""other""}, {""word"": ""brarti"", ""langid"": ""other""}, {""word"": ""warang."", ""langid"": ""other""}]","{""other"": 19}","[""jember:48:57""]",19,7.000,False,
processed_indonesia/wav2vec2_300/02_vad/jember_044_0082.wav,Kira gak ana Bapak kan ana Pakdhe. Těrus.,indonesian_data/Jember Javanese Spontaneous Speech Corpus/mp3 audio/44.mp3,385000,391000,unknown,"[{""word"": ""Kira"", ""langid"": ""other""}, {""word"": ""gak"", ""langid"": ""other""}, {""word"": ""ana"", ""langid"": ""other""}, {""word"": ""Bapak"", ""langid"": ""other""}, {""word"": ""kan"", ""langid"": ""other""}, {""word"": ""ana"", ""langid"": ""other""}, {""word"": ""Pakdhe."", ""langid"": ""other""}, {""word"": ""Těrus."", ""langid"": ""other""}]","{""other"": 8}","[""jember:44:82""]",8,6.000,False,
processed_indonesia/wav2vec2_300/02_vad/jember_180_0036.wav,"Těrus juga, těrus pisan, kaya ndèk daerah-daerah sing sik ijo-ijoane akèh iku kadang kaya wis gak sêpira adhêm ngono lho.",indonesian_data/Jember Javanese Spontaneous Speech Corpus/mp3 audio/180.mp3,223000,233000,unknown,"[{""word"": ""Těrus"", ""langid"": ""other""}, {""word"": ""juga,"", ""langid"": ""other""}, {""word"": ""těrus"", ""langid"": ""other""}, {""word"": ""pisan,"", ""langid"": ""other""}, {""word"": ""kaya"", ""langid"": ""other""}, {""word"": ""ndèk"", ""langid"": ""other""}, {""word"": ""daerah-daerah"", ""langid"": ""other""}, {""word"": ""sing"", ""langid"": ""other""}, {""word"": ""sik"", ""langid"": ""other""}, {""word"": ""ijo-ijoane"", ""langid"": ""other""}, {""word"": ""akèh"", ""langid"": ""other""}, {""word"": ""iku"", ""langid"": ""other""}, {""word"": ""kadang"", ""langid"": ""other""}, {""word"": ""kaya"", ""langid"": ""other""}, {""word"": ""wis"", ""langid"": ""other""}, {""word"": ""gak"", ""langid"": ""other""}, {""word"": ""sêpira"", ""langid"": ""other""}, {""word"": ""adhêm"", ""langid"": ""other""}, {""word"": ""ngono"", ""langid"": ""other""}, {""word"": ""lho."", ""langid"": ""other""}]","{""other"": 20}","[""jember:180:36""]",20,10.000,False,
processed_indonesia/wav2vec2_300/02_vad/jember_002_0021.wav,Ndèk kene ya kadang gawe Jawa lèk kêtêmu arèk-arèk sing Jawa.,indonesian_data/Jember Javanese Spontaneous Speech Corpus/mp3 audio/2.mp3,65000,69000,unknown,"[{""word"": ""Ndèk"", ""langid"": ""other""}, {""word"": ""kene"", ""langid"": ""other""}, {""word"": ""ya"", ""langid"": ""other""}, {""word"": ""kadang"", ""langid"": ""other""}, {""word"": ""gawe"", ""langid"": ""other""}, {""word"": ""Jawa"", ""langid"": ""other""}, {""word"": ""lèk"", ""langid"": ""other""}, {""word"": ""kêtêmu"", ""langid"": ""other""}, {""word"": ""arèk-arèk"", ""langid"": ""other""}, {""word"": ""sing"", ""langid"": ""other""}, {""word"": ""Jawa."", ""langid"": ""other""}]","{""other"": 11}","[""jember:2:21""]",11,4.000,False,
processed_indonesia/wav2vec2_300/02_vad/jember_185_0005.wav,"Na, iku ternyata camping dhewean iku juga seru pisan ngono lho Mbak.",indonesian_data/Jember Javanese Spontaneous Speech Corpus/mp3 audio/185.mp3,22000,27000,unknown,"[{""word"": ""Na,"", ""langid"": ""other""}, {""word"": ""iku"", ""langid"": ""other""}, {""word"": ""ternyata"", ""langid"": ""other""}, {""word"": ""camping"", ""langid"": ""other""}, {""word"": ""dhewean"", ""langid"": ""other""}, {""word"": ""iku"", ""langid"": ""other""}, {""word"": ""juga"", ""langid"": ""other""}, {""word"": ""seru"", ""langid"": ""other""}, {""word"": ""pisan"", ""langid"": ""other""}, {""word"": ""ngono"", ""langid"": ""other""}, {""word"": ""lho"", ""langid"": ""other""}, {""word"": ""Mbak."", ""langid"": ""other""}]","{""other"": 12}","[""jember:185:5""]",12,5.000,False,
processed_indonesia/wav2vec2_300/02_vad/jember_048_0080.wav,Aku kan sebagai perempuan kan nggak pengine kaya ngono ya.,indonesian_data/Jember Javanese Spontaneous Speech Corpus/mp3 audio/48.mp3,464000,466000,unknown,"[{""word"": ""Aku"", ""langid"": ""other""}, {""word"": ""kan"", ""langid"": ""other""}, {""word"": ""sebagai"", ""langid"": ""other""}, {""word"": ""perempuan"", ""langid"": ""other""}, {""word"": ""kan"", ""langid"": ""other""}, {""word"": ""nggak"", ""langid"": ""other""}, {""word"": ""pengine"", ""langid"": ""other""}, {""word"": ""kaya"", ""langid"": ""other""}, {""word"": ""ngono"", ""langid"": ""other""}, {""word"": ""ya."", ""langid"": ""other""}]","{""other"": 10}","[""jember:48:80""]",10,2.000,False,
processed_indonesia/wav2vec2_300/02_vad/jember_065_0063.wav,"Dadi buanyune benèng, bênêr-bênêr, bênêr, apa ya, tampungan banyu udan ngono loh.",indonesian_data/Jember Javanese Spontaneous Speech Corpus/mp3 audio/65.mp3,451000,458000,unknown,"[{""word"": ""Dadi"", ""langid"": ""other""}, {""word"": ""buanyune"", ""langid"": ""other""}, {""word"": ""benèng,"", ""langid"": ""other""}, {""word"": ""bênêr-bênêr,"", ""langid"": ""other""}, {""word"": ""bênêr,"", ""langid"": ""other""}, {""word"": ""apa"", ""langid"": ""other""}, {""word"": ""ya,"", ""langid"": ""other""}, {""word"": ""tampungan"", ""langid"": ""other""}, {""word"": ""banyu"", ""langid"": ""other""}, {""word"": ""udan"", ""langid"": ""other""}, {""word"": ""ngono"", ""langid"": ""other""}, {""word"": ""loh."", ""langid"": ""other""}]","{""other"": 12}","[""jember:65:63""]",12,7.000,False,
processed_indonesia/wav2vec2_300/02_vad/jember_122_0015.wav,"Mêrga nèk awak dhewe ngêrti, oh, apa ya?",indonesian_data/Jember Javanese Spontaneous Speech Corpus/mp3 audio/122.mp3,96000,99000,unknown,"[{""word"": ""Mêrga"", ""langid"": ""other""}, {""word"": ""nèk"", ""langid"": ""other""}, {""word"": ""awak"", ""langid"": ""other""}, {""word"": ""dhewe"", ""langid"": ""other""}, {""word"": ""ngêrti,"", ""langid"": ""other""}, {""word"": ""oh,"", ""langid"": ""other""}, {""word"": ""apa"", ""langid"": ""other""}, {""word"": ""ya?"", ""langid"": ""other""}]","{""other"": 8}","[""jember:122:15""]",8,3.000,False,
processed_indonesia/wav2vec2_300/02_vad/jember_048_0128.wav,"Dan, alhamdulillahe, e..., pacarku sikarang iku, sing saiki, e..., aku sih delhok arèke tepat waktu ae ya.",indonesian_data/Jember Javanese Spontaneous Speech Corpus/mp3 audio/48.mp3,709000,717000,unknown,"[{""word"": ""Dan,"", ""langid"": ""other""}, {""word"": ""alhamdulillahe,"", ""langid"": ""other""}, {""word"": ""e...,"", ""langid"": ""other""}, {""word"": ""pacarku"", ""langid"": ""other""}, {""word"": ""sikarang"", ""langid"": ""other""}, {""word"": ""iku,"", ""langid"": ""other""}, {""word"": ""sing"", ""langid"": ""other""}, {""word"": ""saiki,"", ""langid"": ""other""}, {""word"": ""e...,"", ""langid"": ""other""}, {""word"": ""aku"", ""langid"": ""other""}, {""word"": ""sih"", ""langid"": ""other""}, {""word"": ""delhok"", ""langid"": ""other""}, {""word"": ""arèke"", ""langid"": ""other""}, {""word"": ""tepat"", ""langid"": ""other""}, {""word"": ""waktu"", ""langid"": ""other""}, {""word"": ""ae"", ""langid"": ""other""}, {""word"": ""ya."", ""langid"": ""other""}]","{""other"": 17}","[""jember:48:128""]",17,8.000,False,
processed_indonesia/wav2vec2_300/02_vad/jember_046_0002.wav,"Sebagai, sampeyan kan wong psikologi ki, menurut sampeyan seberapa pênting?",indonesian_data/Jember Javanese Spontaneous Speech Corpus/mp3 audio/46.mp3,11000,15000,unknown,"[{""word"": ""Sebagai,"", ""langid"": ""other""}, {""word"": ""sampeyan"", ""langid"": ""other""}, {""word"": ""kan"", ""langid"": ""other""}, {""word"": ""wong"", ""langid"": ""other""}, {""word"": ""psikologi"", ""langid"": ""other""}, {""word"": ""ki,"", ""langid"": ""other""}, {""word"": ""menurut"", ""langid"": ""other""}, {""word"": ""sampeyan"", ""langid"": ""other""}, {""word"": ""seberapa"", ""langid"": ""other""}, {""word"": ""pênting?"", ""langid"": ""other""}]","{""other"": 10}","[""jember:46:2""]",10,4.000,False,
processed_indonesia/wav2vec2_300/02_vad/jember_180_0050.wav,"Soale lèk jalan-jalan iku kan, e..., ben, bênlancar ngono kan.",indonesian_data/Jember Javanese Spontaneous Speech Corpus/mp3 audio/180.mp3,284000,289000,unknown,"[{""word"": ""Soale"", ""langid"": ""other""}, {""word"": ""lèk"", ""langid"": ""other""}, {""word"": ""jalan-jalan"", ""langid"": ""other""}, {""word"": ""iku"", ""langid"": ""other""}, {""word"": ""kan,"", ""langid"": ""other""}, {""word"": ""e...,"", ""langid"": ""other""}, {""word"": ""ben,"", ""langid"": ""other""}, {""word"": ""bênlancar"", ""langid"": ""other""}, {""word"": ""ngono"", ""langid"": ""other""}, {""word"": ""kan."", ""langid"": ""other""}]","{""other"": 10}","[""jember:180:50""]",10,5.000,False,
processed_indonesia/wav2vec2_300/02_vad/jember_026_0028.wav,"Tapi lèk menurutku sih masalah usia..., masalah nikah iku memang harus benar-benar dipikirkan secara mateng ya.",indonesian_data/Jember Javanese Spontaneous Speech Corpus/mp3 audio/26.mp3,100000,106000,unknown,"[{""word"": ""Tapi"", ""langid"": ""other""}, {""word"": ""lèk"", ""langid"": ""other""}, {""word"": ""menurutku"", ""langid"": ""other""}, {""word"": ""sih"", ""langid"": ""other""}, {""word"": ""masalah"", ""langid"": ""other""}, {""word"": ""usia...,"", ""langid"": ""other""}, {""word"": ""masalah"", ""langid"": ""other""}, {""word"": ""nikah"", ""langid"": ""other""}, {""word"": ""iku"", ""langid"": ""other""}, {""word"": ""memang"", ""langid"": ""other""}, {""word"": ""harus"", ""langid"": ""other""}, {""word"": ""benar-benar"", ""langid"": ""other""}, {""word"": ""dipikirkan"", ""langid"": ""other""}, {""word"": ""secara"", ""langid"": ""other""}, {""word"": ""mateng"", ""langid"": ""other""}, {""word"": ""ya."", ""langid"": ""other""}]","{""other"": 16}","[""jember:26:28""]",16,6.000,False,
processed_indonesia/wav2vec2_300/02_vad/jember_074_0004.wav,"Nèk ngantuk e jam, wolu mau, ya aku ya turu.",indonesian_data/Jember Javanese Spontaneous Speech Corpus/mp3 audio/74.mp3,7000,11000,unknown,"[{""word"": ""Nèk"", ""langid"": ""other""}, {""word"": ""ngantuk"", ""langid"": ""other""}, {""word"": ""e"", ""langid"": ""other""}, {""word"": ""jam,"", ""langid"": ""other""}, {""word"": ""wolu"", ""langid"": ""other""}, {""word"": ""mau,"", ""langid"": ""other""}, {""word"": ""ya"", ""langid"": ""other""}, {""word"": ""aku"", ""langid"": ""other""}, {""word"": ""ya"", ""langid"": ""other""}, {""word"": ""turu."", ""langid"": ""other""}]","{""other"": 10}","[""jember:74:4""]",10,4.000,False,
processed_indonesia/wav2vec2_300/02_vad/jember_065_0015.wav,"Nèk, e, kewan sing tak têmo, eh, kewan liar ya sing tak têmoni nèng omah iki ra enèk Mbak.",indonesian_data/Jember Javanese Spontaneous Speech Corpus/mp3 audio/65.mp3,122000,129000,unknown,"[{""word"": ""Nèk,"", ""langid"": ""other""}, {""word"": ""e,"", ""langid"": ""other""}, {""word"": ""kewan"", ""langid"": ""other""}, {""word"": ""sing"", ""langid"": ""other""}, {""word"": ""tak"", ""langid"": ""other""}, {""word"": ""têmo,"", ""langid"": ""other""}, {""word"": ""eh,"", ""langid"": ""other""}, {""word"": ""kewan"", ""langid"": ""other""}, {""word"": ""liar"", ""langid"": ""other""}, {""word"": ""ya"", ""langid"": ""other""}, {""word"": ""sing"", ""langid"": ""other""}, {""word"": ""tak"", ""langid"": ""other""}, {""word"": ""têmoni"", ""langid"": ""other""}, {""word"": ""nèng"", ""langid"": ""other""}, {""word"": ""omah"", ""langid"": ""other""}, {""word"": ""iki"", ""langid"": ""other""}, {""word"": ""ra"", ""langid"": ""other""}, {""word"": ""enèk"", ""langid"": ""other""}, {""word"": ""Mbak."", ""langid"": ""other""}]","{""other"": 19}","[""jember:65:15""]",19,7.000,False,
processed_indonesia/wav2vec2_300/02_vad/jember_135_0009.wav,"Cuman ya, apa ya, ngono kan, e, gak selalu langsung di bênêrna ngono kan.",indonesian_data/Jember Javanese Spontaneous Speech Corpus/mp3 audio/135.mp3,37000,43000,unknown,"[{""word"": ""Cuman"", ""langid"": ""other""}, {""word"": ""ya,"", ""langid"": ""other""}, {""word"": ""apa"", ""langid"": ""other""}, {""word"": ""ya,"", ""langid"": ""other""}, {""word"": ""ngono"", ""langid"": ""other""}, {""word"": ""kan,"", ""langid"": ""other""}, {""word"": ""e,"", ""langid"": ""other""}, {""word"": ""gak"", ""langid"": ""other""}, {""word"": ""selalu"", ""langid"": ""other""}, {""word"": ""langsung"", ""langid"": ""other""}, {""word"": ""di"", ""langid"": ""other""}, {""word"": ""bênêrna"", ""langid"": ""other""}, {""word"": ""ngono"", ""langid"": ""other""}, {""word"": ""kan."", ""langid"": ""other""}]","{""other"": 14}","[""jember:135:9""]",14,6.000,False,
processed_indonesia/wav2vec2_300/02_vad/jember_101_0024.wav,"Nèk sêumpama pingin ayam goreng, ya adhewe garèk nggawe ayam goreng.",indonesian_data/Jember Javanese Spontaneous Speech Corpus/mp3 audio/101.mp3,127000,131000,unknown,"[{""word"": ""Nèk"", ""langid"": ""other""}, {""word"": ""sêumpama"", ""langid"": ""other""}, {""word"": ""pingin"", ""langid"": ""other""}, {""word"": ""ayam"", ""langid"": ""other""}, {""word"": ""goreng,"", ""langid"": ""other""}, {""word"": ""ya"", ""langid"": ""other""}, {""word"": ""adhewe"", ""langid"": ""other""}, {""word"": ""garèk"", ""langid"": ""other""}, {""word"": ""nggawe"", ""langid"": ""other""}, {""word"": ""ayam"", ""langid"": ""other""}, {""word"": ""goreng."", ""langid"": ""other""}]","{""other"": 11}","[""jember:101:24""]",11,4.000,False,
processed_indonesia/wav2vec2_300/02_vad/jember_106_0085.wav,"Dadi iku, e, misal teknik nyerbunae atau teknik ngawinae ku salah titik gak sido nguwoh.k",indonesian_data/Jember Javanese Spontaneous Speech Corpus/mp3 audio/106.mp3,507000,514000,unknown,"[{""word"": ""Dadi"", ""langid"": ""other""}, {""word"": ""iku,"", ""langid"": ""other""}, {""word"": ""e,"", ""langid"": ""other""}, {""word"": ""misal"", ""langid"": ""other""}, {""word"": ""teknik"", ""langid"": ""other""}, {""word"": ""nyerbunae"", ""langid"": ""other""}, {""word"": ""atau"", ""langid"": ""other""}, {""word"": ""teknik"", ""langid"": ""other""}, {""word"": ""ngawinae"", ""langid"": ""other""}, {""word"": ""ku"", ""langid"": ""other""}, {""word"": ""salah"", ""langid"": ""other""}, {""word"": ""titik"", ""langid"": ""other""}, {""word"": ""gak"", ""langid"": ""other""}, {""word"": ""sido"", ""langid"": ""other""}, {""word"": ""nguwoh.k"", ""langid"": ""other""}]","{""other"": 15}","[""jember:106:85""]",15,7.000,False,
processed_indonesia/wav2vec2_300/02_vad/jember_001_0178.wav,Apa Anda cukup peduli padha permasalahan lingkungan? Kenapa?,indonesian_data/Jember Javanese Spontaneous Speech Corpus/mp3 audio/1.mp3,707000,711000,unknown,"[{""word"": ""Apa"", ""langid"": ""other""}, {""word"": ""Anda"", ""langid"": ""other""}, {""word"": ""cukup"", ""langid"": ""other""}, {""word"": ""peduli"", ""langid"": ""other""}, {""word"": ""padha"", ""langid"": ""other""}, {""word"": ""permasalahan"", ""langid"": ""other""}, {""word"": ""lingkungan?"", ""langid"": ""other""}, {""word"": ""Kenapa?"", ""langid"": ""other""}]","{""other"": 8}","[""jember:1:178""]",8,4.000,False,
processed_indonesia/wav2vec2_300/02_vad/jember_188_0039.wav,"Iku kan efek têka, apa jênênge, têka lingkungan pisan Mbak sing berubah.",indonesian_data/Jember Javanese Spontaneous Speech Corpus/mp3 audio/188.mp3,159000,164000,unknown,"[{""word"": ""Iku"", ""langid"": ""other""}, {""word"": ""kan"", ""langid"": ""other""}, {""word"": ""efek"", ""langid"": ""other""}, {""word"": ""têka,"", ""langid"": ""other""}, {""word"": ""apa"", ""langid"": ""other""}, {""word"": ""jênênge,"", ""langid"": ""other""}, {""word"": ""têka"", ""langid"": ""other""}, {""word"": ""lingkungan"", ""langid"": ""other""}, {""word"": ""pisan"", ""langid"": ""other""}, {""word"": ""Mbak"", ""langid"": ""other""}, {""word"": ""sing"", ""langid"": ""other""}, {""word"": ""berubah."", ""langid"": ""other""}]","{""other"": 12}","[""jember:188:39""]",12,5.000,False,
processed_indonesia/wav2vec2_300/02_vad/jember_197_0046.wav,Tibakne siji ae wis cukup.,indonesian_data/Jember Javanese Spontaneous Speech Corpus/mp3 audio/197.mp3,198000,200000,unknown,"[{""word"": ""Tibakne"", ""langid"": ""other""}, {""word"": ""siji"", ""langid"": ""other""}, {""word"": ""ae"", ""langid"": ""other""}, {""word"": ""wis"", ""langid"": ""other""}, {""word"": ""cukup."", ""langid"": ""other""}]","{""other"": 5}","[""jember:197:46""]",5,2.000,False,
processed_indonesia/wav2vec2_300/02_vad/jember_042_0022.wav,"Těrus, pas tak takon-takon, e, si Mbak, si Mbak'e iki sing ndèk kono iku ngomong lèk umpamane, “Kan, e..., wingi kan wis diomongi ngono ndèk Bapak Ahmad iki.”, ngono, “Apa’a, kok nggak digawa?” ngono.",indonesian_data/Jember Javanese Spontaneous Speech Corpus/mp3 audio/42.mp3,102000,117000,unknown,"[{""word"": ""Těrus,"", ""langid"": ""other""}, {""word"": ""pas"", ""langid"": ""other""}, {""word"": ""tak"", ""langid"": ""other""}, {""word"": ""takon-takon,"", ""langid"": ""other""}, {""word"": ""e,"", ""langid"": ""other""}, {""word"": ""si"", ""langid"": ""other""}, {""word"": ""Mbak,"", ""langid"": ""other""}, {""word"": ""si"", ""langid"": ""other""}, {""word"": ""Mbak'e"", ""langid"": ""other""}, {""word"": ""iki"", ""langid"": ""other""}, {""word"": ""sing"", ""langid"": ""other""}, {""word"": ""ndèk"", ""langid"": ""other""}, {""word"": ""kono"", ""langid"": ""other""}, {""word"": ""iku"", ""langid"": ""other""}, {""word"": ""ngomong"", ""langid"": ""other""}, {""word"": ""lèk"", ""langid"": ""other""}, {""word"": ""umpamane,"", ""langid"": ""other""}, {""word"": ""“Kan,"", ""langid"": ""other""}, {""word"": ""e...,"", ""langid"": ""other""}, {""word"": ""wingi"", ""langid"": ""other""}, {""word"": ""kan"", ""langid"": ""other""}, {""word"": ""wis"", ""langid"": ""other""}, {""word"": ""diomongi"", ""langid"": ""other""}, {""word"": ""ngono"", ""langid"": ""other""}, {""word"": ""ndèk"", ""langid"": ""other""}, {""word"": ""Bapak"", ""langid"": ""other""}, {""word"": ""Ahmad"", ""langid"": ""other""}, {""word"": ""iki.”,"", ""langid"": ""other""}, {""word"": ""ngono,"", ""langid"": ""other""}, {""word"": ""“Apa’a,"", ""langid"": ""other""}, {""word"": ""kok"", ""langid"": ""other""}, {""word"": ""nggak"", ""langid"": ""other""}, {""word"": ""digawa?”"", ""langid"": ""other""}, {""word"": ""ngono."", ""langid"": ""other""}]","{""other"": 34}","[""jember:42:22""]",34,15.000,False,
processed_indonesia/wav2vec2_300/02_vad/jember_118_0007.wav,Těrus awan mlaku neh.,indonesian_data/Jember Javanese Spontaneous Speech Corpus/mp3 audio/118.mp3,38000,40000,unknown,"[{""word"": ""Těrus"", ""langid"": ""other""}, {""word"": ""awan"", ""langid"": ""other""}, {""word"": ""mlaku"", ""langid"": ""other""}, {""word"": ""neh."", ""langid"": ""other""}]","{""other"": 4}","[""jember:118:7""]",4,2.000,False,
processed_indonesia/wav2vec2_300/02_vad/jember_080_0001.wav,"Menurutku, kabèh pêkêr, kabèh kegiatan sedina iku pênting.",indonesian_data/Jember Javanese Spontaneous Speech Corpus/mp3 audio/80.mp3,0,5000,unknown,"[{""word"": ""Menurutku,"", ""langid"": ""other""}, {""word"": ""kabèh"", ""langid"": ""other""}, {""word"": ""pêkêr,"", ""langid"": ""other""}, {""word"": ""kabèh"", ""langid"": ""other""}, {""word"": ""kegiatan"", ""langid"": ""other""}, {""word"": ""sedina"", ""langid"": ""other""}, {""word"": ""iku"", ""langid"": ""other""}, {""word"": ""pênting."", ""langid"": ""other""}]","{""other"": 8}","[""jember:80:1""]",8,5.000,False,
processed_indonesia/wav2vec2_300/02_vad/jember_110_0006.wav,"Sampèk-sampèk wong Madura ndèk Jember, eh, ndèk Jember.",indonesian_data/Jember Javanese Spontaneous Speech Corpus/mp3 audio/110.mp3,50000,54000,unknown,"[{""word"": ""Sampèk-sampèk"", ""langid"": ""other""}, {""word"": ""wong"", ""langid"": ""other""}, {""word"": ""Madura"", ""langid"": ""other""}, {""word"": ""ndèk"", ""langid"": ""other""}, {""word"": ""Jember,"", ""langid"": ""other""}, {""word"": ""eh,"", ""langid"": ""other""}, {""word"": ""ndèk"", ""langid"": ""other""}, {""word"": ""Jember."", ""langid"": ""other""}]","{""other"": 8}","[""jember:110:6""]",8,4.000,False,
processed_indonesia/wav2vec2_300/02_vad/jember_119_0005.wav,Umpama ora ana wong sing cocok aku luwih sênêng ndhewe misale.,indonesian_data/Jember Javanese Spontaneous Speech Corpus/mp3 audio/119.mp3,22000,25000,unknown,"[{""word"": ""Umpama"", ""langid"": ""other""}, {""word"": ""ora"", ""langid"": ""other""}, {""word"": ""ana"", ""langid"": ""other""}, {""word"": ""wong"", ""langid"": ""other""}, {""word"": ""sing"", ""langid"": ""other""}, {""word"": ""cocok"", ""langid"": ""other""}, {""word"": ""aku"", ""langid"": ""other""}, {""word"": ""luwih"", ""langid"": ""other""}, {""word"": ""sênêng"", ""langid"": ""other""}, {""word"": ""ndhewe"", ""langid"": ""other""}, {""word"": ""misale."", ""langid"": ""other""}]","{""other"": 11}","[""jember:119:5""]",11,3.000,False,
processed_indonesia/wav2vec2_300/02_vad/indonesian_dev_09c191c01b3c45bd85e00ef8488c4e66.wav,"Dan iku adalah rekor hidup. Dalam hidupku aku bisa lari sejauh seratus kilo, sama kayak jarak Solo-Jogja. Solo-Magelang deh mungkin, dengan lari. Dan itu aku kayak bangga lah. Oh aku ternyata dulu yang... yang jarang gerak, yang susah gerak, ternyata bisa lari sejauh itu. Nah, tapi saiki aku kayane juga, jarang-jarang juga sih olahraga. Mergo ya apa ya, mungkin kesibukan, terus apa kuwi, hal-hal laine, agak mager juga.",indonesian_data/indonesian_dev/clips/09c191c01b3c45bd85e00ef8488c4e66.mp3,0,29834,1,"[{""word"": ""Dan"", ""langid"": ""other""}, {""word"": ""iku"", ""langid"": ""other""}, {""word"": ""adalah"", ""langid"": ""other""}, {""word"": ""rekor"", ""langid"": ""other""}, {""word"": ""hidup."", ""langid"": ""other""}, {""word"": ""Dalam"", ""langid"": ""other""}, {""word"": ""hidupku"", ""langid"": ""other""}, {""word"": ""aku"", ""langid"": ""other""}, {""word"": ""bisa"", ""langid"": ""other""}, {""word"": ""lari"", ""langid"": ""other""}, {""word"": ""sejauh"", ""langid"": ""other""}, {""word"": ""seratus"", ""langid"": ""other""}, {""word"": ""kilo,"", ""langid"": ""other""}, {""word"": ""sama"", ""langid"": ""other""}, {""word"": ""kayak"", ""langid"": ""other""}, {""word"": ""jarak"", ""langid"": ""other""}, {""word"": ""Solo-Jogja."", ""langid"": ""other""}, {""word"": ""Solo-Magelang"", ""langid"": ""other""}, {""word"": ""deh"", ""langid"": ""other""}, {""word"": ""mungkin,"", ""langid"": ""other""}, {""word"": ""dengan"", ""langid"": ""other""}, {""word"": ""lari."", ""langid"": ""other""}, {""word"": ""Dan"", ""langid"": ""other""}, {""word"": ""itu"", ""langid"": ""other""}, {""word"": ""aku"", ""langid"": ""other""}, {""word"": ""kayak"", ""langid"": ""other""}, {""word"": ""bangga"", ""langid"": ""other""}, {""word"": ""lah."", ""langid"": ""other""}, {""word"": ""Oh"", ""langid"": ""other""}, {""word"": ""aku"", ""langid"": ""other""}, {""word"": ""ternyata"", ""langid"": ""other""}, {""word"": ""dulu"", ""langid"": ""other""}, {""word"": ""yang..."", ""langid"": ""other""}, {""word"": ""yang"", ""langid"": ""other""}, {""word"": ""jarang"", ""langid"": ""other""}, {""word"": ""gerak,"", ""langid"": ""other""}, {""word"": ""yang"", ""langid"": ""other""}, {""word"": ""susah"", ""langid"": ""other""}, {""word"": ""gerak,"", ""langid"": ""other""}, {""word"": ""ternyata"", ""langid"": ""other""}, {""word"": ""bisa"", ""langid"": ""other""}, {""word"": ""lari"", ""langid"": ""other""}, {""word"": ""sejauh"", ""langid"": ""other""}, {""word"": ""itu."", ""langid"": ""other""}, {""word"": ""Nah,"", ""langid"": ""other""}, {""word"": ""tapi"", ""langid"": ""other""}, {""word"": ""saiki"", ""langid"": ""other""}, {""word"": ""aku"", ""langid"": ""other""}, {""word"": ""kayane"", ""langid"": ""other""}, {""word"": ""juga,"", ""langid"": ""other""}, {""word"": ""jarang-jarang"", ""langid"": ""other""}, {""word"": ""juga"", ""langid"": ""other""}, {""word"": ""sih"", ""langid"": ""other""}, {""word"": ""olahraga."", ""langid"": ""other""}, {""word"": ""Mergo"", ""langid"": ""other""}, {""word"": ""ya"", ""langid"": ""other""}, {""word"": ""apa"", ""langid"": ""other""}, {""word"": ""ya,"", ""langid"": ""other""}, {""word"": ""mungkin"", ""langid"": ""other""}, {""word"": ""kesibukan,"", ""langid"": ""other""}, {""word"": ""terus"", ""langid"": ""other""}, {""word"": ""apa"", ""langid"": ""other""}, {""word"": ""kuwi,"", ""langid"": ""other""}, {""word"": ""hal-hal"", ""langid"": ""other""}, {""word"": ""laine,"", ""langid"": ""other""}, {""word"": ""agak"", ""langid"": ""other""}, {""word"": ""mager"", ""langid"": ""other""}, {""word"": ""juga."", ""langid"": ""other""}]","{""other"": 68}","[""indonesian_dev:33""]",68,29.834,False,
processed_indonesia/wav2vec2_300/02_vad/jember_040_0016.wav,"E, kegiatan kanggo wong nom-noman biasane ndèk lingkungan omahe sampeyan apa?",indonesian_data/Jember Javanese Spontaneous Speech Corpus/mp3 audio/40.mp3,93000,99000,unknown,"[{""word"": ""E,"", ""langid"": ""other""}, {""word"": ""kegiatan"", ""langid"": ""other""}, {""word"": ""kanggo"", ""langid"": ""other""}, {""word"": ""wong"", ""langid"": ""other""}, {""word"": ""nom-noman"", ""langid"": ""other""}, {""word"": ""biasane"", ""langid"": ""other""}, {""word"": ""ndèk"", ""langid"": ""other""}, {""word"": ""lingkungan"", ""langid"": ""other""}, {""word"": ""omahe"", ""langid"": ""other""}, {""word"": ""sampeyan"", ""langid"": ""other""}, {""word"": ""apa?"", ""langid"": ""other""}]","{""other"": 11}","[""jember:40:16""]",11,6.000,False,
processed_indonesia/wav2vec2_300/02_vad/jember_119_0015.wav,"Těrus, ngobrol umpama ana kancane, rokokan, maca, ndhewe umpama ncen dhewe.",indonesian_data/Jember Javanese Spontaneous Speech Corpus/mp3 audio/119.mp3,59000,67000,unknown,"[{""word"": ""Těrus,"", ""langid"": ""other""}, {""word"": ""ngobrol"", ""langid"": ""other""}, {""word"": ""umpama"", ""langid"": ""other""}, {""word"": ""ana"", ""langid"": ""other""}, {""word"": ""kancane,"", ""langid"": ""other""}, {""word"": ""rokokan,"", ""langid"": ""other""}, {""word"": ""maca,"", ""langid"": ""other""}, {""word"": ""ndhewe"", ""langid"": ""other""}, {""word"": ""umpama"", ""langid"": ""other""}, {""word"": ""ncen"", ""langid"": ""other""}, {""word"": ""dhewe."", ""langid"": ""other""}]","{""other"": 11}","[""jember:119:15""]",11,8.000,False,
processed_indonesia/wav2vec2_300/02_vad/jember_204_0036.wav,"Nèk menurutku pendhidhikan formal iku ya, apa ya?",indonesian_data/Jember Javanese Spontaneous Speech Corpus/mp3 audio/204.mp3,233000,236000,unknown,"[{""word"": ""Nèk"", ""langid"": ""other""}, {""word"": ""menurutku"", ""langid"": ""other""}, {""word"": ""pendhidhikan"", ""langid"": ""other""}, {""word"": ""formal"", ""langid"": ""other""}, {""word"": ""iku"", ""langid"": ""other""}, {""word"": ""ya,"", ""langid"": ""other""}, {""word"": ""apa"", ""langid"": ""other""}, {""word"": ""ya?"", ""langid"": ""other""}]","{""other"": 8}","[""jember:204:36""]",8,3.000,False,
processed_indonesia/wav2vec2_300/02_vad/jember_030_0071.wav,"Lèk ibarat wong iku mesin, mesin ya lèk gak sêring digawe, ya cêpêt rusak.",indonesian_data/Jember Javanese Spontaneous Speech Corpus/mp3 audio/30.mp3,317000,325000,unknown,"[{""word"": ""Lèk"", ""langid"": ""other""}, {""word"": ""ibarat"", ""langid"": ""other""}, {""word"": ""wong"", ""langid"": ""other""}, {""word"": ""iku"", ""langid"": ""other""}, {""word"": ""mesin,"", ""langid"": ""other""}, {""word"": ""mesin"", ""langid"": ""other""}, {""word"": ""ya"", ""langid"": ""other""}, {""word"": ""lèk"", ""langid"": ""other""}, {""word"": ""gak"", ""langid"": ""other""}, {""word"": ""sêring"", ""langid"": ""other""}, {""word"": ""digawe,"", ""langid"": ""other""}, {""word"": ""ya"", ""langid"": ""other""}, {""word"": ""cêpêt"", ""langid"": ""other""}, {""word"": ""rusak."", ""langid"": ""other""}]","{""other"": 14}","[""jember:30:71""]",14,8.000,False,
processed_indonesia/wav2vec2_300/02_vad/indonesian_dev_5a802bbf56164e30a0fec4e4bf333380.wav,"Kita melewati beberapa ruang, ruang satu, ruang dua, ruang tiga. Dengan beberapa... ada yang boneka, ada yang orang asli. Dan kami pun sempat nyasar, sempet nyasar ke ruang yang salah. Terus... terus kami bertanya kepada hantunya, kan hantunya dia emang, dia emang juga manusia ya, ""Mas... mas, tulung-tulung nyasar, lewat ngendi, lewat ngendi?"" ""Kono... kono, kidul... kidul... kidul..."" hantunya bilang gitu",indonesian_data/indonesian_dev/clips/5a802bbf56164e30a0fec4e4bf333380.mp3,0,25898,1,"[{""word"": ""Kita"", ""langid"": ""other""}, {""word"": ""melewati"", ""langid"": ""other""}, {""word"": ""beberapa"", ""langid"": ""other""}, {""word"": ""ruang,"", ""langid"": ""other""}, {""word"": ""ruang"", ""langid"": ""other""}, {""word"": ""satu,"", ""langid"": ""other""}, {""word"": ""ruang"", ""langid"": ""other""}, {""word"": ""dua,"", ""langid"": ""other""}, {""word"": ""ruang"", ""langid"": ""other""}, {""word"": ""tiga."", ""langid"": ""other""}, {""word"": ""Dengan"", ""langid"": ""other""}, {""word"": ""beberapa..."", ""langid"": ""other""}, {""word"": ""ada"", ""langid"": ""other""}, {""word"": ""yang"", ""langid"": ""other""}, {""word"": ""boneka,"", ""langid"": ""other""}, {""word"": ""ada"", ""langid"": ""other""}, {""word"": ""yang"", ""langid"": ""other""}, {""word"": ""orang"", ""langid"": ""other""}, {""word"": ""asli."", ""langid"": ""other""}, {""word"": ""Dan"", ""langid"": ""other""}, {""word"": ""kami"", ""langid"": ""other""}, {""word"": ""pun"", ""langid"": ""other""}, {""word"": ""sempat"", ""langid"": ""other""}, {""word"": ""nyasar,"", ""langid"": ""other""}, {""word"": ""sempet"", ""langid"": ""other""}, {""word"": ""nyasar"", ""langid"": ""other""}, {""word"": ""ke"", ""langid"": ""other""}, {""word"": ""ruang"", ""langid"": ""other""}, {""word"": ""yang"", ""langid"": ""other""}, {""word"": ""salah."", ""langid"": ""other""}, {""word"": ""Terus..."", ""langid"": ""other""}, {""word"": ""terus"", ""langid"": ""other""}, {""word"": ""kami"", ""langid"": ""other""}, {""word"": ""bertanya"", ""langid"": ""other""}, {""word"": ""kepada"", ""langid"": ""other""}, {""word"": ""hantunya,"", ""langid"": ""other""}, {""word"": ""kan"", ""langid"": ""other""}, {""word"": ""hantunya"", ""langid"": ""other""}, {""word"": ""dia"", ""langid"": ""other""}, {""word"": ""emang,"", ""langid"": ""other""}, {""word"": ""dia"", ""langid"": ""other""}, {""word"": ""emang"", ""langid"": ""other""}, {""word"": ""juga"", ""langid"": ""other""}, {""word"": ""manusia"", ""langid"": ""other""}, {""word"": ""ya,"", ""langid"": ""other""}, {""word"": ""\""Mas..."", ""langid"": ""other""}, {""word"": ""mas,"", ""langid"": ""other""}, {""word"": ""tulung-tulung"", ""langid"": ""other""}, {""word"": ""nyasar,"", ""langid"": ""other""}, {""word"": ""lewat"", ""langid"": ""other""}, {""word"": ""ngendi,"", ""langid"": ""other""}, {""word"": ""lewat"", ""langid"": ""other""}, {""word"": ""ngendi?\"""", ""langid"": ""other""}, {""word"": ""\""Kono..."", ""langid"": ""other""}, {""word"": ""kono,"", ""langid"": ""other""}, {""word"": ""kidul..."", ""langid"": ""other""}, {""word"": ""kidul..."", ""langid"": ""other""}, {""word"": ""kidul...\"""", ""langid"": ""other""}, {""word"": ""hantunya"", ""langid"": ""other""}, {""word"": ""bilang"", ""langid"": ""other""}, {""word"": ""gitu"", ""langid"": ""other""}]","{""other"": 61}","[""indonesian_dev:177""]",61,25.898,False,
processed_indonesia/wav2vec2_300/02_vad/jember_102_0030.wav,"Mas sing, těrus wonge kan takon sing iki ta, sing limangewu?",indonesian_data/Jember Javanese Spontaneous Speech Corpus/mp3 audio/102.mp3,128000,132000,unknown,"[{""word"": ""Mas"", ""langid"": ""other""}, {""word"": ""sing,"", ""langid"": ""other""}, {""word"": ""těrus"", ""langid"": ""other""}, {""word"": ""wonge"", ""langid"": ""other""}, {""word"": ""kan"", ""langid"": ""other""}, {""word"": ""takon"", ""langid"": ""other""}, {""word"": ""sing"", ""langid"": ""other""}, {""word"": ""iki"", ""langid"": ""other""}, {""word"": ""ta,"", ""langid"": ""other""}, {""word"": ""sing"", ""langid"": ""other""}, {""word"": ""limangewu?"", ""langid"": ""other""}]","{""other"": 11}","[""jember:102:30""]",11,4.000,False,
processed_indonesia/wav2vec2_300/02_vad/jember_151_0006.wav,"Tapi, kadang ya nge-game ya isa kowe malah, malah kowe, nggawe, malah, nggawe kowe makin stress ngono nèk kalah těrus, apa ya apa.",indonesian_data/Jember Javanese Spontaneous Speech Corpus/mp3 audio/151.mp3,23000,34000,unknown,"[{""word"": ""Tapi,"", ""langid"": ""other""}, {""word"": ""kadang"", ""langid"": ""other""}, {""word"": ""ya"", ""langid"": ""other""}, {""word"": ""nge-game"", ""langid"": ""other""}, {""word"": ""ya"", ""langid"": ""other""}, {""word"": ""isa"", ""langid"": ""other""}, {""word"": ""kowe"", ""langid"": ""other""}, {""word"": ""malah,"", ""langid"": ""other""}, {""word"": ""malah"", ""langid"": ""other""}, {""word"": ""kowe,"", ""langid"": ""other""}, {""word"": ""nggawe,"", ""langid"": ""other""}, {""word"": ""malah,"", ""langid"": ""other""}, {""word"": ""nggawe"", ""langid"": ""other""}, {""word"": ""kowe"", ""langid"": ""other""}, {""word"": ""makin"", ""langid"": ""other""}, {""word"": ""stress"", ""langid"": ""other""}, {""word"": ""ngono"", ""langid"": ""other""}, {""word"": ""nèk"", ""langid"": ""other""}, {""word"": ""kalah"", ""langid"": ""other""}, {""word"": ""těrus,"", ""langid"": ""other""}, {""word"": ""apa"", ""langid"": ""other""}, {""word"": ""ya"", ""langid"": ""other""}, {""word"": ""apa."", ""langid"": ""other""}]","{""other"": 23}","[""jember:151:6""]",23,11.000,False,
processed_indonesia/wav2vec2_300/02_vad/jember_024_0064.wav,"Apa manèh sing gak duwe rutinitas, apa gak tambah buosên.",indonesian_data/Jember Javanese Spontaneous Speech Corpus/mp3 audio/24.mp3,249000,252000,unknown,"[{""word"": ""Apa"", ""langid"": ""other""}, {""word"": ""manèh"", ""langid"": ""other""}, {""word"": ""sing"", ""langid"": ""other""}, {""word"": ""gak"", ""langid"": ""other""}, {""word"": ""duwe"", ""langid"": ""other""}, {""word"": ""rutinitas,"", ""langid"": ""other""}, {""word"": ""apa"", ""langid"": ""other""}, {""word"": ""gak"", ""langid"": ""other""}, {""word"": ""tambah"", ""langid"": ""other""}, {""word"": ""buosên."", ""langid"": ""other""}]","{""other"": 10}","[""jember:24:64""]",10,3.000,False,
processed_indonesia/wav2vec2_300/02_vad/jember_131_0008.wav,"Dan, apa jênênge, wong-wong nèng kono ya do nggawe baju adat.",indonesian_data/Jember Javanese Spontaneous Speech Corpus/mp3 audio/131.mp3,33000,38000,unknown,"[{""word"": ""Dan,"", ""langid"": ""other""}, {""word"": ""apa"", ""langid"": ""other""}, {""word"": ""jênênge,"", ""langid"": ""other""}, {""word"": ""wong-wong"", ""langid"": ""other""}, {""word"": ""nèng"", ""langid"": ""other""}, {""word"": ""kono"", ""langid"": ""other""}, {""word"": ""ya"", ""langid"": ""other""}, {""word"": ""do"", ""langid"": ""other""}, {""word"": ""nggawe"", ""langid"": ""other""}, {""word"": ""baju"", ""langid"": ""other""}, {""word"": ""adat."", ""langid"": ""other""}]","{""other"": 11}","[""jember:131:8""]",11,5.000,False,
processed_indonesia/wav2vec2_300/02_vad/jember_002_0027.wav,"Ana, em, sepeda pancal akèh, sepeda pancal.",indonesian_data/Jember Javanese Spontaneous Speech Corpus/mp3 audio/2.mp3,81000,85000,unknown,"[{""word"": ""Ana,"", ""langid"": ""other""}, {""word"": ""em,"", ""langid"": ""other""}, {""word"": ""sepeda"", ""langid"": ""other""}, {""word"": ""pancal"", ""langid"": ""other""}, {""word"": ""akèh,"", ""langid"": ""other""}, {""word"": ""sepeda"", ""langid"": ""other""}, {""word"": ""pancal."", ""langid"": ""other""}]","{""other"": 7}","[""jember:2:27""]",7,4.000,False,
processed_indonesia/wav2vec2_300/02_vad/jember_101_0019.wav,"Ya, ènèk iku, monyet-monyet iku sing, sing nggarai seru juga.",indonesian_data/Jember Javanese Spontaneous Speech Corpus/mp3 audio/101.mp3,88000,93000,unknown,"[{""word"": ""Ya,"", ""langid"": ""other""}, {""word"": ""ènèk"", ""langid"": ""other""}, {""word"": ""iku,"", ""langid"": ""other""}, {""word"": ""monyet-monyet"", ""langid"": ""other""}, {""word"": ""iku"", ""langid"": ""other""}, {""word"": ""sing,"", ""langid"": ""other""}, {""word"": ""sing"", ""langid"": ""other""}, {""word"": ""nggarai"", ""langid"": ""other""}, {""word"": ""seru"", ""langid"": ""other""}, {""word"": ""juga."", ""langid"": ""other""}]","{""other"": 10}","[""jember:101:19""]",10,5.000,False,
processed_indonesia/wav2vec2_300/02_vad/jember_026_0067.wav,"Nah, biasane iku lèk sik menyebabkan terjadinya konflik iku ya wong-wong sing duwe ati iri dengki ngono kuwi.",indonesian_data/Jember Javanese Spontaneous Speech Corpus/mp3 audio/26.mp3,267000,276000,unknown,"[{""word"": ""Nah,"", ""langid"": ""other""}, {""word"": ""biasane"", ""langid"": ""other""}, {""word"": ""iku"", ""langid"": ""other""}, {""word"": ""lèk"", ""langid"": ""other""}, {""word"": ""sik"", ""langid"": ""other""}, {""word"": ""menyebabkan"", ""langid"": ""other""}, {""word"": ""terjadinya"", ""langid"": ""other""}, {""word"": ""konflik"", ""langid"": ""other""}, {""word"": ""iku"", ""langid"": ""other""}, {""word"": ""ya"", ""langid"": ""other""}, {""word"": ""wong-wong"", ""langid"": ""other""}, {""word"": ""sing"", ""langid"": ""other""}, {""word"": ""duwe"", ""langid"": ""other""}, {""word"": ""ati"", ""langid"": ""other""}, {""word"": ""iri"", ""langid"": ""other""}, {""word"": ""dengki"", ""langid"": ""other""}, {""word"": ""ngono"", ""langid"": ""other""}, {""word"": ""kuwi."", ""langid"": ""other""}]","{""other"": 18}","[""jember:26:67""]",18,9.000,False,
processed_indonesia/wav2vec2_300/02_vad/jember_207_0009.wav,"Nah, mbiyèn aku dadi tutor bahasa Inggris iku ya, ya kaya tutor-tutor umume ngono kae ya.",indonesian_data/Jember Javanese Spontaneous Speech Corpus/mp3 audio/207.mp3,53000,60000,unknown,"[{""word"": ""Nah,"", ""langid"": ""other""}, {""word"": ""mbiyèn"", ""langid"": ""other""}, {""word"": ""aku"", ""langid"": ""other""}, {""word"": ""dadi"", ""langid"": ""other""}, {""word"": ""tutor"", ""langid"": ""other""}, {""word"": ""bahasa"", ""langid"": ""other""}, {""word"": ""Inggris"", ""langid"": ""other""}, {""word"": ""iku"", ""langid"": ""other""}, {""word"": ""ya,"", ""langid"": ""other""}, {""word"": ""ya"", ""langid"": ""other""}, {""word"": ""kaya"", ""langid"": ""other""}, {""word"": ""tutor-tutor"", ""langid"": ""other""}, {""word"": ""umume"", ""langid"": ""other""}, {""word"": ""ngono"", ""langid"": ""other""}, {""word"": ""kae"", ""langid"": ""other""}, {""word"": ""ya."", ""langid"": ""other""}]","{""other"": 16}","[""jember:207:9""]",16,7.000,False,
processed_indonesia/wav2vec2_300/02_vad/jember_023_0097.wav,"La, lèk ke bawah, kelas sosial ke bawah, em, ya apa ya?",indonesian_data/Jember Javanese Spontaneous Speech Corpus/mp3 audio/23.mp3,508000,517000,unknown,"[{""word"": ""La,"", ""langid"": ""other""}, {""word"": ""lèk"", ""langid"": ""other""}, {""word"": ""ke"", ""langid"": ""other""}, {""word"": ""bawah,"", ""langid"": ""other""}, {""word"": ""kelas"", ""langid"": ""other""}, {""word"": ""sosial"", ""langid"": ""other""}, {""word"": ""ke"", ""langid"": ""other""}, {""word"": ""bawah,"", ""langid"": ""other""}, {""word"": ""em,"", ""langid"": ""other""}, {""word"": ""ya"", ""langid"": ""other""}, {""word"": ""apa"", ""langid"": ""other""}, {""word"": ""ya?"", ""langid"": ""other""}]","{""other"": 12}","[""jember:23:97""]",12,9.000,False,
processed_indonesia/wav2vec2_300/02_vad/jember_201_0023.wav,Mlijo ndèk kene ki kuabèh wedok.,indonesian_data/Jember Javanese Spontaneous Speech Corpus/mp3 audio/201.mp3,165000,169000,unknown,"[{""word"": ""Mlijo"", ""langid"": ""other""}, {""word"": ""ndèk"", ""langid"": ""other""}, {""word"": ""kene"", ""langid"": ""other""}, {""word"": ""ki"", ""langid"": ""other""}, {""word"": ""kuabèh"", ""langid"": ""other""}, {""word"": ""wedok."", ""langid"": ""other""}]","{""other"": 6}","[""jember:201:23""]",6,4.000,False,
processed_indonesia/wav2vec2_300/02_vad/jember_050_0069.wav,"La, dadi nèng kana aku nduwe kesênêngan nèng pemain-pemain kuwi, makane aku mengidolakan pemain-pemain kuwi.",indonesian_data/Jember Javanese Spontaneous Speech Corpus/mp3 audio/50.mp3,373000,381000,unknown,"[{""word"": ""La,"", ""langid"": ""other""}, {""word"": ""dadi"", ""langid"": ""other""}, {""word"": ""nèng"", ""langid"": ""other""}, {""word"": ""kana"", ""langid"": ""other""}, {""word"": ""aku"", ""langid"": ""other""}, {""word"": ""nduwe"", ""langid"": ""other""}, {""word"": ""kesênêngan"", ""langid"": ""other""}, {""word"": ""nèng"", ""langid"": ""other""}, {""word"": ""pemain-pemain"", ""langid"": ""other""}, {""word"": ""kuwi,"", ""langid"": ""other""}, {""word"": ""makane"", ""langid"": ""other""}, {""word"": ""aku"", ""langid"": ""other""}, {""word"": ""mengidolakan"", ""langid"": ""other""}, {""word"": ""pemain-pemain"", ""langid"": ""other""}, {""word"": ""kuwi."", ""langid"": ""other""}]","{""other"": 15}","[""jember:50:69""]",15,8.000,False,
processed_indonesia/wav2vec2_300/02_vad/jember_149_0015.wav,"Wis, ya wis, aku ngawali kan.",indonesian_data/Jember Javanese Spontaneous Speech Corpus/mp3 audio/149.mp3,73000,76000,unknown,"[{""word"": ""Wis,"", ""langid"": ""other""}, {""word"": ""ya"", ""langid"": ""other""}, {""word"": ""wis,"", ""langid"": ""other""}, {""word"": ""aku"", ""langid"": ""other""}, {""word"": ""ngawali"", ""langid"": ""other""}, {""word"": ""kan."", ""langid"": ""other""}]","{""other"": 6}","[""jember:149:15""]",6,3.000,False,
processed_indonesia/wav2vec2_300/02_vad/jember_123_0011.wav,"Cuma, e, sênênge mêrga aku nggawa bidang liya, Linguistik dan mereka kan ilmu apa, e, bidange Ekanami, Ilmu Sosial, sing apa, Ilmu Sosial bangêt.",indonesian_data/Jember Javanese Spontaneous Speech Corpus/mp3 audio/123.mp3,56000,67000,unknown,"[{""word"": ""Cuma,"", ""langid"": ""other""}, {""word"": ""e,"", ""langid"": ""other""}, {""word"": ""sênênge"", ""langid"": ""other""}, {""word"": ""mêrga"", ""langid"": ""other""}, {""word"": ""aku"", ""langid"": ""other""}, {""word"": ""nggawa"", ""langid"": ""other""}, {""word"": ""bidang"", ""langid"": ""other""}, {""word"": ""liya,"", ""langid"": ""other""}, {""word"": ""Linguistik"", ""langid"": ""other""}, {""word"": ""dan"", ""langid"": ""other""}, {""word"": ""mereka"", ""langid"": ""other""}, {""word"": ""kan"", ""langid"": ""other""}, {""word"": ""ilmu"", ""langid"": ""other""}, {""word"": ""apa,"", ""langid"": ""other""}, {""word"": ""e,"", ""langid"": ""other""}, {""word"": ""bidange"", ""langid"": ""other""}, {""word"": ""Ekanami,"", ""langid"": ""other""}, {""word"": ""Ilmu"", ""langid"": ""other""}, {""word"": ""Sosial,"", ""langid"": ""other""}, {""word"": ""sing"", ""langid"": ""other""}, {""word"": ""apa,"", ""langid"": ""other""}, {""word"": ""Ilmu"", ""langid"": ""other""}, {""word"": ""Sosial"", ""langid"": ""other""}, {""word"": ""bangêt."", ""langid"": ""other""}]","{""other"": 24}","[""jember:123:11""]",24,11.000,False,
processed_indonesia/wav2vec2_300/02_vad/jember_065_0104.wav,"Těrus, aku, e, wis kebiasan urip enak nèng Jawa, apa-apa, apa-apa cemepak karo wong tuwèk.",indonesian_data/Jember Javanese Spontaneous Speech Corpus/mp3 audio/65.mp3,730000,736000,unknown,"[{""word"": ""Těrus,"", ""langid"": ""other""}, {""word"": ""aku,"", ""langid"": ""other""}, {""word"": ""e,"", ""langid"": ""other""}, {""word"": ""wis"", ""langid"": ""other""}, {""word"": ""kebiasan"", ""langid"": ""other""}, {""word"": ""urip"", ""langid"": ""other""}, {""word"": ""enak"", ""langid"": ""other""}, {""word"": ""nèng"", ""langid"": ""other""}, {""word"": ""Jawa,"", ""langid"": ""other""}, {""word"": ""apa-apa,"", ""langid"": ""other""}, {""word"": ""apa-apa"", ""langid"": ""other""}, {""word"": ""cemepak"", ""langid"": ""other""}, {""word"": ""karo"", ""langid"": ""other""}, {""word"": ""wong"", ""langid"": ""other""}, {""word"": ""tuwèk."", ""langid"": ""other""}]","{""other"": 15}","[""jember:65:104""]",15,6.000,False,
processed_indonesia/wav2vec2_300/02_vad/jember_048_0039.wav,Iku ngajak ngomong.,indonesian_data/Jember Javanese Spontaneous Speech Corpus/mp3 audio/48.mp3,204000,211000,unknown,"[{""word"": ""Iku"", ""langid"": ""other""}, {""word"": ""ngajak"", ""langid"": ""other""}, {""word"": ""ngomong."", ""langid"": ""other""}]","{""other"": 3}","[""jember:48:39""]",3,7.000,False,
processed_indonesia/wav2vec2_300/02_vad/jember_050_0088.wav,"Tapi, nèk pas sing kalah ra tak delok kuwi Mbak.",indonesian_data/Jember Javanese Spontaneous Speech Corpus/mp3 audio/50.mp3,474000,476000,unknown,"[{""word"": ""Tapi,"", ""langid"": ""other""}, {""word"": ""nèk"", ""langid"": ""other""}, {""word"": ""pas"", ""langid"": ""other""}, {""word"": ""sing"", ""langid"": ""other""}, {""word"": ""kalah"", ""langid"": ""other""}, {""word"": ""ra"", ""langid"": ""other""}, {""word"": ""tak"", ""langid"": ""other""}, {""word"": ""delok"", ""langid"": ""other""}, {""word"": ""kuwi"", ""langid"": ""other""}, {""word"": ""Mbak."", ""langid"": ""other""}]","{""other"": 10}","[""jember:50:88""]",10,2.000,False,
processed_indonesia/wav2vec2_300/02_vad/jember_164_0004.wav,"Dan iku seru bangêt sih soale nèng kono, ruame bangêt wong dan kêbêk ngono lho nggone.",indonesian_data/Jember Javanese Spontaneous Speech Corpus/mp3 audio/164.mp3,14000,22000,unknown,"[{""word"": ""Dan"", ""langid"": ""other""}, {""word"": ""iku"", ""langid"": ""other""}, {""word"": ""seru"", ""langid"": ""other""}, {""word"": ""bangêt"", ""langid"": ""other""}, {""word"": ""sih"", ""langid"": ""other""}, {""word"": ""soale"", ""langid"": ""other""}, {""word"": ""nèng"", ""langid"": ""other""}, {""word"": ""kono,"", ""langid"": ""other""}, {""word"": ""ruame"", ""langid"": ""other""}, {""word"": ""bangêt"", ""langid"": ""other""}, {""word"": ""wong"", ""langid"": ""other""}, {""word"": ""dan"", ""langid"": ""other""}, {""word"": ""kêbêk"", ""langid"": ""other""}, {""word"": ""ngono"", ""langid"": ""other""}, {""word"": ""lho"", ""langid"": ""other""}, {""word"": ""nggone."", ""langid"": ""other""}]","{""other"": 16}","[""jember:164:4""]",16,8.000,False,
processed_indonesia/wav2vec2_300/02_vad/jember_140_0011.wav,Mungkin mêrga aku introvert ya.,indonesian_data/Jember Javanese Spontaneous Speech Corpus/mp3 audio/140.mp3,70000,73000,unknown,"[{""word"": ""Mungkin"", ""langid"": ""other""}, {""word"": ""mêrga"", ""langid"": ""other""}, {""word"": ""aku"", ""langid"": ""other""}, {""word"": ""introvert"", ""langid"": ""other""}, {""word"": ""ya."", ""langid"": ""other""}]","{""other"": 5}","[""jember:140:11""]",5,3.000,False,
processed_indonesia/wav2vec2_300/02_vad/jember_134_0005.wav,"Tapi ya sakjane ketiga hal kuwi ya, apa ya, sêring bangêt aku lakukan ketika aku nèng pantai ngono lho.",indonesian_data/Jember Javanese Spontaneous Speech Corpus/mp3 audio/134.mp3,25000,33000,unknown,"[{""word"": ""Tapi"", ""langid"": ""other""}, {""word"": ""ya"", ""langid"": ""other""}, {""word"": ""sakjane"", ""langid"": ""other""}, {""word"": ""ketiga"", ""langid"": ""other""}, {""word"": ""hal"", ""langid"": ""other""}, {""word"": ""kuwi"", ""langid"": ""other""}, {""word"": ""ya,"", ""langid"": ""other""}, {""word"": ""apa"", ""langid"": ""other""}, {""word"": ""ya,"", ""langid"": ""other""}, {""word"": ""sêring"", ""langid"": ""other""}, {""word"": ""bangêt"", ""langid"": ""other""}, {""word"": ""aku"", ""langid"": ""other""}, {""word"": ""lakukan"", ""langid"": ""other""}, {""word"": ""ketika"", ""langid"": ""other""}, {""word"": ""aku"", ""langid"": ""other""}, {""word"": ""nèng"", ""langid"": ""other""}, {""word"": ""pantai"", ""langid"": ""other""}, {""word"": ""ngono"", ""langid"": ""other""}, {""word"": ""lho."", ""langid"": ""other""}]","{""other"": 19}","[""jember:134:5""]",19,8.000,False,
processed_indonesia/wav2vec2_300/02_vad/jember_190_0019.wav,"Miturut wong iki, e..., sebabe banjir ngene.",indonesian_data/Jember Javanese Spontaneous Speech Corpus/mp3 audio/190.mp3,79000,82000,unknown,"[{""word"": ""Miturut"", ""langid"": ""other""}, {""word"": ""wong"", ""langid"": ""other""}, {""word"": ""iki,"", ""langid"": ""other""}, {""word"": ""e...,"", ""langid"": ""other""}, {""word"": ""sebabe"", ""langid"": ""other""}, {""word"": ""banjir"", ""langid"": ""other""}, {""word"": ""ngene."", ""langid"": ""other""}]","{""other"": 7}","[""jember:190:19""]",7,3.000,False,
processed_indonesia/wav2vec2_300/02_vad/jember_090_0018.wav,"Mari umbah-umbah, uwis, santai-santai rebahan.",indonesian_data/Jember Javanese Spontaneous Speech Corpus/mp3 audio/90.mp3,61000,67000,unknown,"[{""word"": ""Mari"", ""langid"": ""other""}, {""word"": ""umbah-umbah,"", ""langid"": ""other""}, {""word"": ""uwis,"", ""langid"": ""other""}, {""word"": ""santai-santai"", ""langid"": ""other""}, {""word"": ""rebahan."", ""langid"": ""other""}]","{""other"": 5}","[""jember:90:18""]",5,6.000,False,
processed_indonesia/wav2vec2_300/02_vad/jember_002_0017.wav,"Tapi, saiki aku tinggal ndèk Situbondo.",indonesian_data/Jember Javanese Spontaneous Speech Corpus/mp3 audio/2.mp3,54000,58000,unknown,"[{""word"": ""Tapi,"", ""langid"": ""other""}, {""word"": ""saiki"", ""langid"": ""other""}, {""word"": ""aku"", ""langid"": ""other""}, {""word"": ""tinggal"", ""langid"": ""other""}, {""word"": ""ndèk"", ""langid"": ""other""}, {""word"": ""Situbondo."", ""langid"": ""other""}]","{""other"": 6}","[""jember:2:17""]",6,4.000,False,
processed_indonesia/wav2vec2_300/02_vad/jember_001_0092.wav,"Wakèh, soale omahku cêdhak terminal.",indonesian_data/Jember Javanese Spontaneous Speech Corpus/mp3 audio/1.mp3,353000,356000,unknown,"[{""word"": ""Wakèh,"", ""langid"": ""other""}, {""word"": ""soale"", ""langid"": ""other""}, {""word"": ""omahku"", ""langid"": ""other""}, {""word"": ""cêdhak"", ""langid"": ""other""}, {""word"": ""terminal."", ""langid"": ""other""}]","{""other"": 5}","[""jember:1:92""]",5,3.000,False,
processed_indonesia/wav2vec2_300/02_vad/jember_037_0007.wav,"Nèk Sabtu Minggu ngono apa kegiatanmu, Sabtu Minggu?",indonesian_data/Jember Javanese Spontaneous Speech Corpus/mp3 audio/37.mp3,26000,31000,unknown,"[{""word"": ""Nèk"", ""langid"": ""other""}, {""word"": ""Sabtu"", ""langid"": ""other""}, {""word"": ""Minggu"", ""langid"": ""other""}, {""word"": ""ngono"", ""langid"": ""other""}, {""word"": ""apa"", ""langid"": ""other""}, {""word"": ""kegiatanmu,"", ""langid"": ""other""}, {""word"": ""Sabtu"", ""langid"": ""other""}, {""word"": ""Minggu?"", ""langid"": ""other""}]","{""other"": 8}","[""jember:37:7""]",8,5.000,False,
processed_indonesia/wav2vec2_300/02_vad/jember_026_0041.wav,Maksute gak ada yang putus sêkolah ngono lho.,indonesian_data/Jember Javanese Spontaneous Speech Corpus/mp3 audio/26.mp3,155000,159000,unknown,"[{""word"": ""Maksute"", ""langid"": ""other""}, {""word"": ""gak"", ""langid"": ""other""}, {""word"": ""ada"", ""langid"": ""other""}, {""word"": ""yang"", ""langid"": ""other""}, {""word"": ""putus"", ""langid"": ""other""}, {""word"": ""sêkolah"", ""langid"": ""other""}, {""word"": ""ngono"", ""langid"": ""other""}, {""word"": ""lho."", ""langid"": ""other""}]","{""other"": 8}","[""jember:26:41""]",8,4.000,False,
processed_indonesia/wav2vec2_300/02_vad/jember_100_0010.wav,Soale karo arèk-arèk menikmati tempat itu.,indonesian_data/Jember Javanese Spontaneous Speech Corpus/mp3 audio/100.mp3,56000,64000,unknown,"[{""word"": ""Soale"", ""langid"": ""other""}, {""word"": ""karo"", ""langid"": ""other""}, {""word"": ""arèk-arèk"", ""langid"": ""other""}, {""word"": ""menikmati"", ""langid"": ""other""}, {""word"": ""tempat"", ""langid"": ""other""}, {""word"": ""itu."", ""langid"": ""other""}]","{""other"": 6}","[""jember:100:10""]",6,8.000,False,
processed_indonesia/wav2vec2_300/02_vad/indonesian_dev_cabeff51c1d54c0aab509707d7fa69ef.wav,"Terus ada juga nih soto Lamongan, dia itu pakai koya, dia pakai e... kuah yang kuning sehingga rasanya strong dan juga rempah-rempahnya terasa banget. Terus soto yang paling pa... aneh aku rasa itu soto Sokaraja. Nah soto Sokaraja itu soto yang... dia ini digawe saka ogak, ogak soto pada umumnya, dia ini nganggo krupuk, nganggo kuah-kuahan sing pekat, dan sebagainya.",indonesian_data/indonesian_dev/clips/cabeff51c1d54c0aab509707d7fa69ef.mp3,0,26238,1,"[{""word"": ""Terus"", ""langid"": ""other""}, {""word"": ""ada"", ""langid"": ""other""}, {""word"": ""juga"", ""langid"": ""other""}, {""word"": ""nih"", ""langid"": ""other""}, {""word"": ""soto"", ""langid"": ""other""}, {""word"": ""Lamongan,"", ""langid"": ""other""}, {""word"": ""dia"", ""langid"": ""other""}, {""word"": ""itu"", ""langid"": ""other""}, {""word"": ""pakai"", ""langid"": ""other""}, {""word"": ""koya,"", ""langid"": ""other""}, {""word"": ""dia"", ""langid"": ""other""}, {""word"": ""pakai"", ""langid"": ""other""}, {""word"": ""e..."", ""langid"": ""other""}, {""word"": ""kuah"", ""langid"": ""other""}, {""word"": ""yang"", ""langid"": ""other""}, {""word"": ""kuning"", ""langid"": ""other""}, {""word"": ""sehingga"", ""langid"": ""other""}, {""word"": ""rasanya"", ""langid"": ""other""}, {""word"": ""strong"", ""langid"": ""other""}, {""word"": ""dan"", ""langid"": ""other""}, {""word"": ""juga"", ""langid"": ""other""}, {""word"": ""rempah-rempahnya"", ""langid"": ""other""}, {""word"": ""terasa"", ""langid"": ""other""}, {""word"": ""banget."", ""langid"": ""other""}, {""word"": ""Terus"", ""langid"": ""other""}, {""word"": ""soto"", ""langid"": ""other""}, {""word"": ""yang"", ""langid"": ""other""}, {""word"": ""paling"", ""langid"": ""other""}, {""word"": ""pa..."", ""langid"": ""other""}, {""word"": ""aneh"", ""langid"": ""other""}, {""word"": ""aku"", ""langid"": ""other""}, {""word"": ""rasa"", ""langid"": ""other""}, {""word"": ""itu"", ""langid"": ""other""}, {""word"": ""soto"", ""langid"": ""other""}, {""word"": ""Sokaraja."", ""langid"": ""other""}, {""word"": ""Nah"", ""langid"": ""other""}, {""word"": ""soto"", ""langid"": ""other""}, {""word"": ""Sokaraja"", ""langid"": ""other""}, {""word"": ""itu"", ""langid"": ""other""}, {""word"": ""soto"", ""langid"": ""other""}, {""word"": ""yang..."", ""langid"": ""other""}, {""word"": ""dia"", ""langid"": ""other""}, {""word"": ""ini"", ""langid"": ""other""}, {""word"": ""digawe"", ""langid"": ""other""}, {""word"": ""saka"", ""langid"": ""other""}, {""word"": ""ogak,"", ""langid"": ""other""}, {""word"": ""ogak"", ""langid"": ""other""}, {""word"": ""soto"", ""langid"": ""other""}, {""word"": ""pada"", ""langid"": ""other""}, {""word"": ""umumnya,"", ""langid"": ""other""}, {""word"": ""dia"", ""langid"": ""other""}, {""word"": ""ini"", ""langid"": ""other""}, {""word"": ""nganggo"", ""langid"": ""other""}, {""word"": ""krupuk,"", ""langid"": ""other""}, {""word"": ""nganggo"", ""langid"": ""other""}, {""word"": ""kuah-kuahan"", ""langid"": ""other""}, {""word"": ""sing"", ""langid"": ""other""}, {""word"": ""pekat,"", ""langid"": ""other""}, {""word"": ""dan"", ""langid"": ""other""}, {""word"": ""sebagainya."", ""langid"": ""other""}]","{""other"": 60}","[""indonesian_dev:216""]",60,26.238,False,
processed_indonesia/wav2vec2_300/02_vad/jember_103_0025.wav,"Dadi ya, awal-awale ketok gak pati rame, těrus ndèk pertengahan ya, akèh sing têka.",indonesian_data/Jember Javanese Spontaneous Speech Corpus/mp3 audio/103.mp3,75000,82000,unknown,"[{""word"": ""Dadi"", ""langid"": ""other""}, {""word"": ""ya,"", ""langid"": ""other""}, {""word"": ""awal-awale"", ""langid"": ""other""}, {""word"": ""ketok"", ""langid"": ""other""}, {""word"": ""gak"", ""langid"": ""other""}, {""word"": ""pati"", ""langid"": ""other""}, {""word"": ""rame,"", ""langid"": ""other""}, {""word"": ""těrus"", ""langid"": ""other""}, {""word"": ""ndèk"", ""langid"": ""other""}, {""word"": ""pertengahan"", ""langid"": ""other""}, {""word"": ""ya,"", ""langid"": ""other""}, {""word"": ""akèh"", ""langid"": ""other""}, {""word"": ""sing"", ""langid"": ""other""}, {""word"": ""têka."", ""langid"": ""other""}]","{""other"": 14}","[""jember:103:25""]",14,7.000,False,
processed_indonesia/wav2vec2_300/02_vad/jember_133_0016.wav,"Aku gak, gak nduwe dhuwit anjay nèk mèh rono, kecuali nèk mèh mbok bayari ngono, ya aku gêlêm-gêlêm ae.",indonesian_data/Jember Javanese Spontaneous Speech Corpus/mp3 audio/133.mp3,93000,101000,unknown,"[{""word"": ""Aku"", ""langid"": ""other""}, {""word"": ""gak,"", ""langid"": ""other""}, {""word"": ""gak"", ""langid"": ""other""}, {""word"": ""nduwe"", ""langid"": ""other""}, {""word"": ""dhuwit"", ""langid"": ""other""}, {""word"": ""anjay"", ""langid"": ""other""}, {""word"": ""nèk"", ""langid"": ""other""}, {""word"": ""mèh"", ""langid"": ""other""}, {""word"": ""rono,"", ""langid"": ""other""}, {""word"": ""kecuali"", ""langid"": ""other""}, {""word"": ""nèk"", ""langid"": ""other""}, {""word"": ""mèh"", ""langid"": ""other""}, {""word"": ""mbok"", ""langid"": ""other""}, {""word"": ""bayari"", ""langid"": ""other""}, {""word"": ""ngono,"", ""langid"": ""other""}, {""word"": ""ya"", ""langid"": ""other""}, {""word"": ""aku"", ""langid"": ""other""}, {""word"": ""gêlêm-gêlêm"", ""langid"": ""other""}, {""word"": ""ae."", ""langid"": ""other""}]","{""other"": 19}","[""jember:133:16""]",19,8.000,False,
processed_indonesia/wav2vec2_300/02_vad/jember_063_0045.wav,Kayak ngono iku.,indonesian_data/Jember Javanese Spontaneous Speech Corpus/mp3 audio/63.mp3,297000,299000,unknown,"[{""word"": ""Kayak"", ""langid"": ""other""}, {""word"": ""ngono"", ""langid"": ""other""}, {""word"": ""iku."", ""langid"": ""other""}]","{""other"": 3}","[""jember:63:45""]",3,2.000,False,
processed_indonesia/wav2vec2_300/02_vad/jember_205_0003.wav,"Těrus, wong-wong sing disiplin ngono, menurutku ya.",indonesian_data/Jember Javanese Spontaneous Speech Corpus/mp3 audio/205.mp3,19000,25000,unknown,"[{""word"": ""Těrus,"", ""langid"": ""other""}, {""word"": ""wong-wong"", ""langid"": ""other""}, {""word"": ""sing"", ""langid"": ""other""}, {""word"": ""disiplin"", ""langid"": ""other""}, {""word"": ""ngono,"", ""langid"": ""other""}, {""word"": ""menurutku"", ""langid"": ""other""}, {""word"": ""ya."", ""langid"": ""other""}]","{""other"": 7}","[""jember:205:3""]",7,6.000,False,
processed_indonesia/wav2vec2_300/02_vad/jember_092_0002.wav,"Em, semester pitu berarti wis mulai ngêrjakne skripsi ya?",indonesian_data/Jember Javanese Spontaneous Speech Corpus/mp3 audio/92.mp3,7000,11000,unknown,"[{""word"": ""Em,"", ""langid"": ""other""}, {""word"": ""semester"", ""langid"": ""other""}, {""word"": ""pitu"", ""langid"": ""other""}, {""word"": ""berarti"", ""langid"": ""other""}, {""word"": ""wis"", ""langid"": ""other""}, {""word"": ""mulai"", ""langid"": ""other""}, {""word"": ""ngêrjakne"", ""langid"": ""other""}, {""word"": ""skripsi"", ""langid"": ""other""}, {""word"": ""ya?"", ""langid"": ""other""}]","{""other"": 9}","[""jember:92:2""]",9,4.000,False,
processed_indonesia/wav2vec2_300/02_vad/jember_152_0002.wav,"Cuman, e, game-game sing tak mainke ya beda.",indonesian_data/Jember Javanese Spontaneous Speech Corpus/mp3 audio/152.mp3,8000,11000,unknown,"[{""word"": ""Cuman,"", ""langid"": ""other""}, {""word"": ""e,"", ""langid"": ""other""}, {""word"": ""game-game"", ""langid"": ""other""}, {""word"": ""sing"", ""langid"": ""other""}, {""word"": ""tak"", ""langid"": ""other""}, {""word"": ""mainke"", ""langid"": ""other""}, {""word"": ""ya"", ""langid"": ""other""}, {""word"": ""beda."", ""langid"": ""other""}]","{""other"": 8}","[""jember:152:2""]",8,3.000,False,
processed_indonesia/wav2vec2_300/02_vad/jember_148_0012.wav,"E..., setahun yang lalu lèk gak salah, ya setahun yang lalu.",indonesian_data/Jember Javanese Spontaneous Speech Corpus/mp3 audio/148.mp3,48000,53000,unknown,"[{""word"": ""E...,"", ""langid"": ""other""}, {""word"": ""setahun"", ""langid"": ""other""}, {""word"": ""yang"", ""langid"": ""other""}, {""word"": ""lalu"", ""langid"": ""other""}, {""word"": ""lèk"", ""langid"": ""other""}, {""word"": ""gak"", ""langid"": ""other""}, {""word"": ""salah,"", ""langid"": ""other""}, {""word"": ""ya"", ""langid"": ""other""}, {""word"": ""setahun"", ""langid"": ""other""}, {""word"": ""yang"", ""langid"": ""other""}, {""word"": ""lalu."", ""langid"": ""other""}]","{""other"": 11}","[""jember:148:12""]",11,5.000,False,
processed_indonesia/wav2vec2_300/02_vad/jember_177_0002.wav,Panganan sing bahane nggawe kêmbang?,indonesian_data/Jember Javanese Spontaneous Speech Corpus/mp3 audio/177.mp3,6000,9000,unknown,"[{""word"": ""Panganan"", ""langid"": ""other""}, {""word"": ""sing"", ""langid"": ""other""}, {""word"": ""bahane"", ""langid"": ""other""}, {""word"": ""nggawe"", ""langid"": ""other""}, {""word"": ""kêmbang?"", ""langid"": ""other""}]","{""other"": 5}","[""jember:177:2""]",5,3.000,False,
processed_indonesia/wav2vec2_300/02_vad/jember_002_0191.wav,"Kadung, kadung tuku online aku.",indonesian_data/Jember Javanese Spontaneous Speech Corpus/mp3 audio/2.mp3,582000,584000,unknown,"[{""word"": ""Kadung,"", ""langid"": ""other""}, {""word"": ""kadung"", ""langid"": ""other""}, {""word"": ""tuku"", ""langid"": ""other""}, {""word"": ""online"", ""langid"": ""other""}, {""word"": ""aku."", ""langid"": ""other""}]","{""other"": 5}","[""jember:2:191""]",5,2.000,False,
processed_indonesia/wav2vec2_300/02_vad/jember_002_0236.wav,Ongkir kadang ya gratis.,indonesian_data/Jember Javanese Spontaneous Speech Corpus/mp3 audio/2.mp3,701000,703000,unknown,"[{""word"": ""Ongkir"", ""langid"": ""other""}, {""word"": ""kadang"", ""langid"": ""other""}, {""word"": ""ya"", ""langid"": ""other""}, {""word"": ""gratis."", ""langid"": ""other""}]","{""other"": 4}","[""jember:2:236""]",4,2.000,False,
processed_indonesia/wav2vec2_300/02_vad/jember_029_0041.wav,Dadi jam sanga iku aku wis turu.,indonesian_data/Jember Javanese Spontaneous Speech Corpus/mp3 audio/29.mp3,177000,189000,unknown,"[{""word"": ""Dadi"", ""langid"": ""other""}, {""word"": ""jam"", ""langid"": ""other""}, {""word"": ""sanga"", ""langid"": ""other""}, {""word"": ""iku"", ""langid"": ""other""}, {""word"": ""aku"", ""langid"": ""other""}, {""word"": ""wis"", ""langid"": ""other""}, {""word"": ""turu."", ""langid"": ""other""}]","{""other"": 7}","[""jember:29:41""]",7,12.000,False,
processed_indonesia/wav2vec2_300/02_vad/jember_035_0009.wav,"Yèn dina Minggu, Ibu Minggu kaping siji karo kaping têlu ana kegiatan Aisyiyah.",indonesian_data/Jember Javanese Spontaneous Speech Corpus/mp3 audio/35.mp3,94000,104000,unknown,"[{""word"": ""Yèn"", ""langid"": ""other""}, {""word"": ""dina"", ""langid"": ""other""}, {""word"": ""Minggu,"", ""langid"": ""other""}, {""word"": ""Ibu"", ""langid"": ""other""}, {""word"": ""Minggu"", ""langid"": ""other""}, {""word"": ""kaping"", ""langid"": ""other""}, {""word"": ""siji"", ""langid"": ""other""}, {""word"": ""karo"", ""langid"": ""other""}, {""word"": ""kaping"", ""langid"": ""other""}, {""word"": ""têlu"", ""langid"": ""other""}, {""word"": ""ana"", ""langid"": ""other""}, {""word"": ""kegiatan"", ""langid"": ""other""}, {""word"": ""Aisyiyah."", ""langid"": ""other""}]","{""other"": 13}","[""jember:35:9""]",13,10.000,False,
processed_indonesia/wav2vec2_300/02_vad/indonesian_dev_8fe72ecd2b2e46bfba9c56b080d5ec16.wav,"Dan dulu ku... aku pernah pengalaman waktu kuliah, makanku tuh kayaknya hampir tiap hari soto deh. Jadi, dulu kan ini, jaman dulu kan, jaman mahasiswa kan, kita bisa beli soto yang kuahnya saja. Jadi, soto tanpa nasi itu lima ribu udah dapat banyak. Nah, soto itu, karena dulu itu jaman-jaman susah, itu kubuat untuk bisa sampai dua kali makan. Jadi sehari cuma modal lima ribu dan menanak nasi di me... di rice cooker, bisa deh makan seharian itu dengan lima ribu.",indonesian_data/indonesian_dev/clips/8fe72ecd2b2e46bfba9c56b080d5ec16.mp3,0,30678,1,"[{""word"": ""Dan"", ""langid"": ""other""}, {""word"": ""dulu"", ""langid"": ""other""}, {""word"": ""ku..."", ""langid"": ""other""}, {""word"": ""aku"", ""langid"": ""other""}, {""word"": ""pernah"", ""langid"": ""other""}, {""word"": ""pengalaman"", ""langid"": ""other""}, {""word"": ""waktu"", ""langid"": ""other""}, {""word"": ""kuliah,"", ""langid"": ""other""}, {""word"": ""makanku"", ""langid"": ""other""}, {""word"": ""tuh"", ""langid"": ""other""}, {""word"": ""kayaknya"", ""langid"": ""other""}, {""word"": ""hampir"", ""langid"": ""other""}, {""word"": ""tiap"", ""langid"": ""other""}, {""word"": ""hari"", ""langid"": ""other""}, {""word"": ""soto"", ""langid"": ""other""}, {""word"": ""deh."", ""langid"": ""other""}, {""word"": ""Jadi,"", ""langid"": ""other""}, {""word"": ""dulu"", ""langid"": ""other""}, {""word"": ""kan"", ""langid"": ""other""}, {""word"": ""ini,"", ""langid"": ""other""}, {""word"": ""jaman"", ""langid"": ""other""}, {""word"": ""dulu"", ""langid"": ""other""}, {""word"": ""kan,"", ""langid"": ""other""}, {""word"": ""jaman"", ""langid"": ""other""}, {""word"": ""mahasiswa"", ""langid"": ""other""}, {""word"": ""kan,"", ""langid"": ""other""}, {""word"": ""kita"", ""langid"": ""other""}, {""word"": ""bisa"", ""langid"": ""other""}, {""word"": ""beli"", ""langid"": ""other""}, {""word"": ""soto"", ""langid"": ""other""}, {""word"": ""yang"", ""langid"": ""other""}, {""word"": ""kuahnya"", ""langid"": ""other""}, {""word"": ""saja."", ""langid"": ""other""}, {""word"": ""Jadi,"", ""langid"": ""other""}, {""word"": ""soto"", ""langid"": ""other""}, {""word"": ""tanpa"", ""langid"": ""other""}, {""word"": ""nasi"", ""langid"": ""other""}, {""word"": ""itu"", ""langid"": ""other""}, {""word"": ""lima"", ""langid"": ""other""}, {""word"": ""ribu"", ""langid"": ""other""}, {""word"": ""udah"", ""langid"": ""other""}, {""word"": ""dapat"", ""langid"": ""other""}, {""word"": ""banyak."", ""langid"": ""other""}, {""word"": ""Nah,"", ""langid"": ""other""}, {""word"": ""soto"", ""langid"": ""other""}, {""word"": ""itu,"", ""langid"": ""other""}, {""word"": ""karena"", ""langid"": ""other""}, {""word"": ""dulu"", ""langid"": ""other""}, {""word"": ""itu"", ""langid"": ""other""}, {""word"": ""jaman-jaman"", ""langid"": ""other""}, {""word"": ""susah,"", ""langid"": ""other""}, {""word"": ""itu"", ""langid"": ""other""}, {""word"": ""kubuat"", ""langid"": ""other""}, {""word"": ""untuk"", ""langid"": ""other""}, {""word"": ""bisa"", ""langid"": ""other""}, {""word"": ""sampai"", ""langid"": ""other""}, {""word"": ""dua"", ""langid"": ""other""}, {""word"": ""kali"", ""langid"": ""other""}, {""word"": ""makan."", ""langid"": ""other""}, {""word"": ""Jadi"", ""langid"": ""other""}, {""word"": ""sehari"", ""langid"": ""other""}, {""word"": ""cuma"", ""langid"": ""other""}, {""word"": ""modal"", ""langid"": ""other""}, {""word"": ""lima"", ""langid"": ""other""}, {""word"": ""ribu"", ""langid"": ""other""}, {""word"": ""dan"", ""langid"": ""other""}, {""word"": ""menanak"", ""langid"": ""other""}, {""word"": ""nasi"", ""langid"": ""other""}, {""word"": ""di"", ""langid"": ""other""}, {""word"": ""me..."", ""langid"": ""other""}, {""word"": ""di"", ""langid"": ""other""}, {""word"": ""rice"", ""langid"": ""other""}, {""word"": ""cooker,"", ""langid"": ""other""}, {""word"": ""bisa"", ""langid"": ""other""}, {""word"": ""deh"", ""langid"": ""other""}, {""word"": ""makan"", ""langid"": ""other""}, {""word"": ""seharian"", ""langid"": ""other""}, {""word"": ""itu"", ""langid"": ""other""}, {""word"": ""dengan"", ""langid"": ""other""}, {""word"": ""lima"", ""langid"": ""other""}, {""word"": ""ribu."", ""langid"": ""other""}]","{""other"": 81}","[""indonesian_dev:96""]",81,30.678,False,
processed_indonesia/wav2vec2_300/02_vad/jember_206_0070.wav,Tapi isa ae korbane ki wong liya.,indonesian_data/Jember Javanese Spontaneous Speech Corpus/mp3 audio/206.mp3,456000,459000,unknown,"[{""word"": ""Tapi"", ""langid"": ""other""}, {""word"": ""isa"", ""langid"": ""other""}, {""word"": ""ae"", ""langid"": ""other""}, {""word"": ""korbane"", ""langid"": ""other""}, {""word"": ""ki"", ""langid"": ""other""}, {""word"": ""wong"", ""langid"": ""other""}, {""word"": ""liya."", ""langid"": ""other""}]","{""other"": 7}","[""jember:206:70""]",7,3.000,False,
processed_indonesia/wav2vec2_300/02_vad/jember_063_0038.wav,"E, dadi ngene Mbak sêbênre, aku ndèk SMK iku nèk diomongne ilmu pertanyaan iku lebih ke penanganan pasca panèn karo pengolahan Mbak.",indonesian_data/Jember Javanese Spontaneous Speech Corpus/mp3 audio/63.mp3,250000,260000,unknown,"[{""word"": ""E,"", ""langid"": ""other""}, {""word"": ""dadi"", ""langid"": ""other""}, {""word"": ""ngene"", ""langid"": ""other""}, {""word"": ""Mbak"", ""langid"": ""other""}, {""word"": ""sêbênre,"", ""langid"": ""other""}, {""word"": ""aku"", ""langid"": ""other""}, {""word"": ""ndèk"", ""langid"": ""other""}, {""word"": ""SMK"", ""langid"": ""other""}, {""word"": ""iku"", ""langid"": ""other""}, {""word"": ""nèk"", ""langid"": ""other""}, {""word"": ""diomongne"", ""langid"": ""other""}, {""word"": ""ilmu"", ""langid"": ""other""}, {""word"": ""pertanyaan"", ""langid"": ""other""}, {""word"": ""iku"", ""langid"": ""other""}, {""word"": ""lebih"", ""langid"": ""other""}, {""word"": ""ke"", ""langid"": ""other""}, {""word"": ""penanganan"", ""langid"": ""other""}, {""word"": ""pasca"", ""langid"": ""other""}, {""word"": ""panèn"", ""langid"": ""other""}, {""word"": ""karo"", ""langid"": ""other""}, {""word"": ""pengolahan"", ""langid"": ""other""}, {""word"": ""Mbak."", ""langid"": ""other""}]","{""other"": 22}","[""jember:63:38""]",22,10.000,False,
processed_indonesia/wav2vec2_300/02_vad/jember_097_0024.wav,"Těrus, peralatan mandi.",indonesian_data/Jember Javanese Spontaneous Speech Corpus/mp3 audio/97.mp3,248000,254000,unknown,"[{""word"": ""Těrus,"", ""langid"": ""other""}, {""word"": ""peralatan"", ""langid"": ""other""}, {""word"": ""mandi."", ""langid"": ""other""}]","{""other"": 3}","[""jember:97:24""]",3,6.000,False,
processed_indonesia/wav2vec2_300/02_vad/jember_048_0096.wav,"Bawaane ki serius, gudu hubungan sing dibawa serius, ênggak, bawaane serius thok.",indonesian_data/Jember Javanese Spontaneous Speech Corpus/mp3 audio/48.mp3,538000,543000,unknown,"[{""word"": ""Bawaane"", ""langid"": ""other""}, {""word"": ""ki"", ""langid"": ""other""}, {""word"": ""serius,"", ""langid"": ""other""}, {""word"": ""gudu"", ""langid"": ""other""}, {""word"": ""hubungan"", ""langid"": ""other""}, {""word"": ""sing"", ""langid"": ""other""}, {""word"": ""dibawa"", ""langid"": ""other""}, {""word"": ""serius,"", ""langid"": ""other""}, {""word"": ""ênggak,"", ""langid"": ""other""}, {""word"": ""bawaane"", ""langid"": ""other""}, {""word"": ""serius"", ""langid"": ""other""}, {""word"": ""thok."", ""langid"": ""other""}]","{""other"": 12}","[""jember:48:96""]",12,5.000,False,
processed_indonesia/wav2vec2_300/02_vad/jember_208_0015.wav,"Dadi, e..., sakjane iku critane, nèk critane ya, crita singkate ya.",indonesian_data/Jember Javanese Spontaneous Speech Corpus/mp3 audio/208.mp3,102000,109000,unknown,"[{""word"": ""Dadi,"", ""langid"": ""other""}, {""word"": ""e...,"", ""langid"": ""other""}, {""word"": ""sakjane"", ""langid"": ""other""}, {""word"": ""iku"", ""langid"": ""other""}, {""word"": ""critane,"", ""langid"": ""other""}, {""word"": ""nèk"", ""langid"": ""other""}, {""word"": ""critane"", ""langid"": ""other""}, {""word"": ""ya,"", ""langid"": ""other""}, {""word"": ""crita"", ""langid"": ""other""}, {""word"": ""singkate"", ""langid"": ""other""}, {""word"": ""ya."", ""langid"": ""other""}]","{""other"": 11}","[""jember:208:15""]",11,7.000,False,
processed_indonesia/wav2vec2_300/02_vad/jember_090_0011.wav,"Mari mlaku-mlaku, nggolèk kêtan.",indonesian_data/Jember Javanese Spontaneous Speech Corpus/mp3 audio/90.mp3,42000,44000,unknown,"[{""word"": ""Mari"", ""langid"": ""other""}, {""word"": ""mlaku-mlaku,"", ""langid"": ""other""}, {""word"": ""nggolèk"", ""langid"": ""other""}, {""word"": ""kêtan."", ""langid"": ""other""}]","{""other"": 4}","[""jember:90:11""]",4,2.000,False,
processed_indonesia/wav2vec2_300/02_vad/jember_149_0010.wav,"Těrus, pas ning nggone, pas wis ana gule kambing ning ngarêpe de’e, gule plus sate kambing ya.",indonesian_data/Jember Javanese Spontaneous Speech Corpus/mp3 audio/149.mp3,47000,55000,unknown,"[{""word"": ""Těrus,"", ""langid"": ""other""}, {""word"": ""pas"", ""langid"": ""other""}, {""word"": ""ning"", ""langid"": ""other""}, {""word"": ""nggone,"", ""langid"": ""other""}, {""word"": ""pas"", ""langid"": ""other""}, {""word"": ""wis"", ""langid"": ""other""}, {""word"": ""ana"", ""langid"": ""other""}, {""word"": ""gule"", ""langid"": ""other""}, {""word"": ""kambing"", ""langid"": ""other""}, {""word"": ""ning"", ""langid"": ""other""}, {""word"": ""ngarêpe"", ""langid"": ""other""}, {""word"": ""de’e,"", ""langid"": ""other""}, {""word"": ""gule"", ""langid"": ""other""}, {""word"": ""plus"", ""langid"": ""other""}, {""word"": ""sate"", ""langid"": ""other""}, {""word"": ""kambing"", ""langid"": ""other""}, {""word"": ""ya."", ""langid"": ""other""}]","{""other"": 17}","[""jember:149:10""]",17,8.000,False,
processed_indonesia/wav2vec2_300/02_vad/jember_148_0007.wav,"Wis gak enak, nggawe mabuk, nggak sênêng aku.",indonesian_data/Jember Javanese Spontaneous Speech Corpus/mp3 audio/148.mp3,29000,33000,unknown,"[{""word"": ""Wis"", ""langid"": ""other""}, {""word"": ""gak"", ""langid"": ""other""}, {""word"": ""enak,"", ""langid"": ""other""}, {""word"": ""nggawe"", ""langid"": ""other""}, {""word"": ""mabuk,"", ""langid"": ""other""}, {""word"": ""nggak"", ""langid"": ""other""}, {""word"": ""sênêng"", ""langid"": ""other""}, {""word"": ""aku."", ""langid"": ""other""}]","{""other"": 8}","[""jember:148:7""]",8,4.000,False,
processed_indonesia/wav2vec2_300/02_vad/jember_187_0005.wav,"Těrus, lèk mari udan iku adhême iku juga kaya adhêm sing gak enak ngono.",indonesian_data/Jember Javanese Spontaneous Speech Corpus/mp3 audio/187.mp3,22000,27000,unknown,"[{""word"": ""Těrus,"", ""langid"": ""other""}, {""word"": ""lèk"", ""langid"": ""other""}, {""word"": ""mari"", ""langid"": ""other""}, {""word"": ""udan"", ""langid"": ""other""}, {""word"": ""iku"", ""langid"": ""other""}, {""word"": ""adhême"", ""langid"": ""other""}, {""word"": ""iku"", ""langid"": ""other""}, {""word"": ""juga"", ""langid"": ""other""}, {""word"": ""kaya"", ""langid"": ""other""}, {""word"": ""adhêm"", ""langid"": ""other""}, {""word"": ""sing"", ""langid"": ""other""}, {""word"": ""gak"", ""langid"": ""other""}, {""word"": ""enak"", ""langid"": ""other""}, {""word"": ""ngono."", ""langid"": ""other""}]","{""other"": 14}","[""jember:187:5""]",14,5.000,False,
processed_indonesia/wav2vec2_300/02_vad/jember_095_0003.wav,"Ya, mbuh, setelah wis ngêrti rada gêdhe ngene iki wis rada nggak srêg ndèk polisi sih.",indonesian_data/Jember Javanese Spontaneous Speech Corpus/mp3 audio/95.mp3,11000,22000,unknown,"[{""word"": ""Ya,"", ""langid"": ""other""}, {""word"": ""mbuh,"", ""langid"": ""other""}, {""word"": ""setelah"", ""langid"": ""other""}, {""word"": ""wis"", ""langid"": ""other""}, {""word"": ""ngêrti"", ""langid"": ""other""}, {""word"": ""rada"", ""langid"": ""other""}, {""word"": ""gêdhe"", ""langid"": ""other""}, {""word"": ""ngene"", ""langid"": ""other""}, {""word"": ""iki"", ""langid"": ""other""}, {""word"": ""wis"", ""langid"": ""other""}, {""word"": ""rada"", ""langid"": ""other""}, {""word"": ""nggak"", ""langid"": ""other""}, {""word"": ""srêg"", ""langid"": ""other""}, {""word"": ""ndèk"", ""langid"": ""other""}, {""word"": ""polisi"", ""langid"": ""other""}, {""word"": ""sih."", ""langid"": ""other""}]","{""other"": 16}","[""jember:95:3""]",16,11.000,False,
processed_indonesia/wav2vec2_300/02_vad/jember_002_0106.wav,"E..., ya Iphone jarang sih.",indonesian_data/Jember Javanese Spontaneous Speech Corpus/mp3 audio/2.mp3,350000,354000,unknown,"[{""word"": ""E...,"", ""langid"": ""other""}, {""word"": ""ya"", ""langid"": ""other""}, {""word"": ""Iphone"", ""langid"": ""other""}, {""word"": ""jarang"", ""langid"": ""other""}, {""word"": ""sih."", ""langid"": ""other""}]","{""other"": 5}","[""jember:2:106""]",5,4.000,False,
processed_indonesia/wav2vec2_300/02_vad/jember_142_0016.wav,"Ngko de'e bakal njawab dawa bangêt dan, e, jawabane logis bangêt.",indonesian_data/Jember Javanese Spontaneous Speech Corpus/mp3 audio/142.mp3,67000,75000,unknown,"[{""word"": ""Ngko"", ""langid"": ""other""}, {""word"": ""de'e"", ""langid"": ""other""}, {""word"": ""bakal"", ""langid"": ""other""}, {""word"": ""njawab"", ""langid"": ""other""}, {""word"": ""dawa"", ""langid"": ""other""}, {""word"": ""bangêt"", ""langid"": ""other""}, {""word"": ""dan,"", ""langid"": ""other""}, {""word"": ""e,"", ""langid"": ""other""}, {""word"": ""jawabane"", ""langid"": ""other""}, {""word"": ""logis"", ""langid"": ""other""}, {""word"": ""bangêt."", ""langid"": ""other""}]","{""other"": 11}","[""jember:142:16""]",11,8.000,False,
processed_indonesia/wav2vec2_300/02_vad/jember_129_0016.wav,"Misale, o, iki SimSimi ki ora ngêrti awak dhewe ngomong ngono.",indonesian_data/Jember Javanese Spontaneous Speech Corpus/mp3 audio/129.mp3,63000,66000,unknown,"[{""word"": ""Misale,"", ""langid"": ""other""}, {""word"": ""o,"", ""langid"": ""other""}, {""word"": ""iki"", ""langid"": ""other""}, {""word"": ""SimSimi"", ""langid"": ""other""}, {""word"": ""ki"", ""langid"": ""other""}, {""word"": ""ora"", ""langid"": ""other""}, {""word"": ""ngêrti"", ""langid"": ""other""}, {""word"": ""awak"", ""langid"": ""other""}, {""word"": ""dhewe"", ""langid"": ""other""}, {""word"": ""ngomong"", ""langid"": ""other""}, {""word"": ""ngono."", ""langid"": ""other""}]","{""other"": 11}","[""jember:129:16""]",11,3.000,False,
processed_indonesia/wav2vec2_300/02_vad/jember_050_0047.wav,"Dadi wis ngono ki pancèn, e..., ber..., apa ya, beda nêmên rasane.",indonesian_data/Jember Javanese Spontaneous Speech Corpus/mp3 audio/50.mp3,236000,243000,unknown,"[{""word"": ""Dadi"", ""langid"": ""other""}, {""word"": ""wis"", ""langid"": ""other""}, {""word"": ""ngono"", ""langid"": ""other""}, {""word"": ""ki"", ""langid"": ""other""}, {""word"": ""pancèn,"", ""langid"": ""other""}, {""word"": ""e...,"", ""langid"": ""other""}, {""word"": ""ber...,"", ""langid"": ""other""}, {""word"": ""apa"", ""langid"": ""other""}, {""word"": ""ya,"", ""langid"": ""other""}, {""word"": ""beda"", ""langid"": ""other""}, {""word"": ""nêmên"", ""langid"": ""other""}, {""word"": ""rasane."", ""langid"": ""other""}]","{""other"": 12}","[""jember:50:47""]",12,7.000,False,
processed_indonesia/wav2vec2_300/02_vad/jember_029_0077.wav,Kabèh ya lakoni ae.,indonesian_data/Jember Javanese Spontaneous Speech Corpus/mp3 audio/29.mp3,395000,398000,unknown,"[{""word"": ""Kabèh"", ""langid"": ""other""}, {""word"": ""ya"", ""langid"": ""other""}, {""word"": ""lakoni"", ""langid"": ""other""}, {""word"": ""ae."", ""langid"": ""other""}]","{""other"": 4}","[""jember:29:77""]",4,3.000,False,
processed_indonesia/wav2vec2_300/02_vad/jember_185_0024.wav,"Kate masak, masak, ngono.",indonesian_data/Jember Javanese Spontaneous Speech Corpus/mp3 audio/185.mp3,127000,129000,unknown,"[{""word"": ""Kate"", ""langid"": ""other""}, {""word"": ""masak,"", ""langid"": ""other""}, {""word"": ""masak,"", ""langid"": ""other""}, {""word"": ""ngono."", ""langid"": ""other""}]","{""other"": 4}","[""jember:185:24""]",4,2.000,False,
processed_indonesia/wav2vec2_300/02_vad/jember_113_0033.wav,Padahal ya mereka gak salah apa-apa.,indonesian_data/Jember Javanese Spontaneous Speech Corpus/mp3 audio/113.mp3,209000,212000,unknown,"[{""word"": ""Padahal"", ""langid"": ""other""}, {""word"": ""ya"", ""langid"": ""other""}, {""word"": ""mereka"", ""langid"": ""other""}, {""word"": ""gak"", ""langid"": ""other""}, {""word"": ""salah"", ""langid"": ""other""}, {""word"": ""apa-apa."", ""langid"": ""other""}]","{""other"": 6}","[""jember:113:33""]",6,3.000,False,
processed_indonesia/wav2vec2_300/02_vad/jember_105_0050.wav,"Tapi, rata-rata wingi ya akèh sing nggawa.",indonesian_data/Jember Javanese Spontaneous Speech Corpus/mp3 audio/105.mp3,222000,225000,unknown,"[{""word"": ""Tapi,"", ""langid"": ""other""}, {""word"": ""rata-rata"", ""langid"": ""other""}, {""word"": ""wingi"", ""langid"": ""other""}, {""word"": ""ya"", ""langid"": ""other""}, {""word"": ""akèh"", ""langid"": ""other""}, {""word"": ""sing"", ""langid"": ""other""}, {""word"": ""nggawa."", ""langid"": ""other""}]","{""other"": 7}","[""jember:105:50""]",7,3.000,False,
processed_indonesia/wav2vec2_300/02_vad/jember_181_0020.wav,Iku masio dempèt-dempètan lèk ngomong banter-banter kaya emang wak watake iku luwih keras ngono. Iku sih Mbak.,indonesian_data/Jember Javanese Spontaneous Speech Corpus/mp3 audio/181.mp3,149000,156000,unknown,"[{""word"": ""Iku"", ""langid"": ""other""}, {""word"": ""masio"", ""langid"": ""other""}, {""word"": ""dempèt-dempètan"", ""langid"": ""other""}, {""word"": ""lèk"", ""langid"": ""other""}, {""word"": ""ngomong"", ""langid"": ""other""}, {""word"": ""banter-banter"", ""langid"": ""other""}, {""word"": ""kaya"", ""langid"": ""other""}, {""word"": ""emang"", ""langid"": ""other""}, {""word"": ""wak"", ""langid"": ""other""}, {""word"": ""watake"", ""langid"": ""other""}, {""word"": ""iku"", ""langid"": ""other""}, {""word"": ""luwih"", ""langid"": ""other""}, {""word"": ""keras"", ""langid"": ""other""}, {""word"": ""ngono."", ""langid"": ""other""}, {""word"": ""Iku"", ""langid"": ""other""}, {""word"": ""sih"", ""langid"": ""other""}, {""word"": ""Mbak."", ""langid"": ""other""}]","{""other"": 17}","[""jember:181:20""]",17,7.000,False,
processed_indonesia/01_segments/jember_002_0305.wav,Ha'a.,indonesian_data/Jember Javanese Spontaneous Speech Corpus/mp3 audio/2.mp3,948000,950000,unknown,"[{""word"": ""Ha'a."", ""langid"": ""other""}]","{""other"": 1}","[""jember:2:305""]",1,2.000,True,too_few_words
processed_indonesia/01_segments/jember_002_0150.wav,Ha'a.,indonesian_data/Jember Javanese Spontaneous Speech Corpus/mp3 audio/2.mp3,480000,484000,unknown,"[{""word"": ""Ha'a."", ""langid"": ""other""}]","{""other"": 1}","[""jember:2:150""]",1,4.000,True,too_few_words
processed_indonesia/01_segments/jember_127_0012.wav,Ngono-ngono iku.,indonesian_data/Jember Javanese Spontaneous Speech Corpus/mp3 audio/127.mp3,73000,74000,unknown,"[{""word"": ""Ngono-ngono"", ""langid"": ""other""}, {""word"": ""iku."", ""langid"": ""other""}]","{""other"": 2}","[""jember:127:12""]",2,1.000,True,too_few_words
processed_indonesia/01_segments/jember_002_0129.wav,Ha'a.,indonesian_data/Jember Javanese Spontaneous Speech Corpus/mp3 audio/2.mp3,424000,426000,unknown,"[{""word"": ""Ha'a."", ""langid"": ""other""}]","{""other"": 1}","[""jember:2:129""]",1,2.000,True,too_few_words
processed_indonesia/01_segments/jember_169_0010.wav,"Nah, unik to.",indonesian_data/Jember Javanese Spontaneous Speech Corpus/mp3 audio/169.mp3,45000,46000,unknown,"[{""word"": ""Nah,"", ""langid"": ""other""}, {""word"": ""unik"", ""langid"": ""other""}, {""word"": ""to."", ""langid"": ""other""}]","{""other"": 3}","[""jember:169:10""]",3,1.000,True,too_short
processed_indonesia/01_segments/jember_025_0009.wav,Ayam geprèk,indonesian_data/Jember Javanese Spontaneous Speech Corpus/mp3 audio/25.mp3,40000,42000,unknown,"[{""word"": ""Ayam"", ""langid"": ""other""}, {""word"": ""geprèk"", ""langid"": ""other""}]","{""other"": 2}","[""jember:25:9""]",2,2.000,True,too_few_words
processed_indonesia/01_segments/jember_151_0008.wav,Uang sih.,indonesian_data/Jember Javanese Spontaneous Speech Corpus/mp3 audio/151.mp3,38000,41000,unknown,"[{""word"": ""Uang"", ""langid"": ""other""}, {""word"": ""sih."", ""langid"": ""other""}]","{""other"": 2}","[""jember:151:8""]",2,3.000,True,too_few_words
processed_indonesia/01_segments/jember_002_0001.wav,Halo!,indonesian_data/Jember Javanese Spontaneous Speech Corpus/mp3 audio/2.mp3,0,2000,unknown,"[{""word"": ""Halo!"", ""langid"": ""other""}]","{""other"": 1}","[""jember:2:1""]",1,2.000,True,too_few_words
processed_indonesia/01_segments/jember_024_0017.wav,"Eh, êndak.",indonesian_data/Jember Javanese Spontaneous Speech Corpus/mp3 audio/24.mp3,74000,75000,unknown,"[{""word"": ""Eh,"", ""langid"": ""other""}, {""word"": ""êndak."", ""langid"": ""other""}]","{""other"": 2}","[""jember:24:17""]",2,1.000,True,too_few_words
processed_indonesia/01_segments/jember_044_0091.wav,"Ya, wis nggak usah ngomong ngono.",indonesian_data/Jember Javanese Spontaneous Speech Corpus/mp3 audio/44.mp3,412000,413000,unknown,"[{""word"": ""Ya,"", ""langid"": ""other""}, {""word"": ""wis"", ""langid"": ""other""}, {""word"": ""nggak"", ""langid"": ""other""}, {""word"": ""usah"", ""langid"": ""other""}, {""word"": ""ngomong"", ""langid"": ""other""}, {""word"": ""ngono."", ""langid"": ""other""}]","{""other"": 6}","[""jember:44:91""]",6,1.000,True,too_short
processed_indonesia/01_segments/jember_002_0123.wav,"Ya, ndak papa sih.",indonesian_data/Jember Javanese Spontaneous Speech Corpus/mp3 audio/2.mp3,414000,415000,unknown,"[{""word"": ""Ya,"", ""langid"": ""other""}, {""word"": ""ndak"", ""langid"": ""other""}, {""word"": ""papa"", ""langid"": ""other""}, {""word"": ""sih."", ""langid"": ""other""}]","{""other"": 4}","[""jember:2:123""]",4,1.000,True,too_short
processed_indonesia/01_segments/jember_065_0147.wav,Ya.,indonesian_data/Jember Javanese Spontaneous Speech Corpus/mp3 audio/65.mp3,1049000,1051000,unknown,"[{""word"": ""Ya."", ""langid"": ""other""}]","{""other"": 1}","[""jember:65:147""]",1,2.000,True,too_few_words
processed_indonesia/01_segments/jember_002_0009.wav,Jênêngku Fahmi.,indonesian_data/Jember Javanese Spontaneous Speech Corpus/mp3 audio/2.mp3,32000,33000,unknown,"[{""word"": ""Jênêngku"", ""langid"": ""other""}, {""word"": ""Fahmi."", ""langid"": ""other""}]","{""other"": 2}","[""jember:2:9""]",2,1.000,True,too_few_words
processed_indonesia/01_segments/jember_183_0022.wav,Kaya ngono.,indonesian_data/Jember Javanese Spontaneous Speech Corpus/mp3 audio/183.mp3,128000,129000,unknown,"[{""word"": ""Kaya"", ""langid"": ""other""}, {""word"": ""ngono."", ""langid"": ""other""}]","{""other"": 2}","[""jember:183:22""]",2,1.000,True,too_few_words
processed_indonesia/01_segments/jember_034_0012.wav,Kaya karnaval.,indonesian_data/Jember Javanese Spontaneous Speech Corpus/mp3 audio/34.mp3,79000,82000,unknown,"[{""word"": ""Kaya"", ""langid"": ""other""}, {""word"": ""karnaval."", ""langid"": ""other""}]","{""other"": 2}","[""jember:34:12""]",2,3.000,True,too_few_words
processed_indonesia/01_segments/jember_148_0001.wav,Waduh.,indonesian_data/Jember Javanese Spontaneous Speech Corpus/mp3 audio/148.mp3,0,2000,unknown,"[{""word"": ""Waduh."", ""langid"": ""other""}]","{""other"": 1}","[""jember:148:1""]",1,2.000,True,too_few_words
processed_indonesia/01_segments/jember_001_0038.wav,Nusa Barong.,indonesian_data/Jember Javanese Spontaneous Speech Corpus/mp3 audio/1.mp3,133000,137000,unknown,"[{""word"": ""Nusa"", ""langid"": ""other""}, {""word"": ""Barong."", ""langid"": ""other""}]","{""other"": 2}","[""jember:1:38""]",2,4.000,True,too_few_words
processed_indonesia/01_segments/jember_147_0001.wav,Iki sih.,indonesian_data/Jember Javanese Spontaneous Speech Corpus/mp3 audio/147.mp3,0,3000,unknown,"[{""word"": ""Iki"", ""langid"": ""other""}, {""word"": ""sih."", ""langid"": ""other""}]","{""other"": 2}","[""jember:147:1""]",2,3.000,True,too_few_words
processed_indonesia/01_segments/jember_156_0010.wav,Seru kok.,indonesian_data/Jember Javanese Spontaneous Speech Corpus/mp3 audio/156.mp3,55000,57000,unknown,"[{""word"": ""Seru"", ""langid"": ""other""}, {""word"": ""kok."", ""langid"": ""other""}]","{""other"": 2}","[""jember:156:10""]",2,2.000,True,too_few_words
processed_indonesia/01_segments/jember_198_0011.wav,Gampang terkilir ngono lah.,indonesian_data/Jember Javanese Spontaneous Speech Corpus/mp3 audio/198.mp3,47000,48000,unknown,"[{""word"": ""Gampang"", ""langid"": ""other""}, {""word"": ""terkilir"", ""langid"": ""other""}, {""word"": ""ngono"", ""langid"": ""other""}, {""word"": ""lah."", ""langid"": ""other""}]","{""other"": 4}","[""jember:198:11""]",4,1.000,True,too_short
processed_indonesia/01_segments/jember_124_0008.wav,"Ora, ora, ora penak.",indonesian_data/Jember Javanese Spontaneous Speech Corpus/mp3 audio/124.mp3,49000,50000,unknown,"[{""word"": ""Ora,"", ""langid"": ""other""}, {""word"": ""ora,"", ""langid"": ""other""}, {""word"": ""ora"", ""langid"": ""other""}, {""word"": ""penak."", ""langid"": ""other""}]","{""other"": 4}","[""jember:124:8""]",4,1.000,True,too_short
processed_indonesia/01_segments/jember_027_0024.wav,"E..., apa ya?",indonesian_data/Jember Javanese Spontaneous Speech Corpus/mp3 audio/27.mp3,112000,113000,unknown,"[{""word"": ""E...,"", ""langid"": ""other""}, {""word"": ""apa"", ""langid"": ""other""}, {""word"": ""ya?"", ""langid"": ""other""}]","{""other"": 3}","[""jember:27:24""]",3,1.000,True,too_short
processed_indonesia/01_segments/jember_002_0211.wav,"Anu, kosmetik.",indonesian_data/Jember Javanese Spontaneous Speech Corpus/mp3 audio/2.mp3,651000,654000,unknown,"[{""word"": ""Anu,"", ""langid"": ""other""}, {""word"": ""kosmetik."", ""langid"": ""other""}]","{""other"": 2}","[""jember:2:211""]",2,3.000,True,too_few_words
processed_indonesia/01_segments/jember_136_0015.wav,Begitu.,indonesian_data/Jember Javanese Spontaneous Speech Corpus/mp3 audio/136.mp3,67000,68000,unknown,"[{""word"": ""Begitu."", ""langid"": ""other""}]","{""other"": 1}","[""jember:136:15""]",1,1.000,True,too_few_words
processed_indonesia/01_segments/jember_002_0281.wav,Esuk iku mading rame.,indonesian_data/Jember Javanese Spontaneous Speech Corpus/mp3 audio/2.mp3,864000,865000,unknown,"[{""word"": ""Esuk"", ""langid"": ""other""}, {""word"": ""iku"", ""langid"": ""other""}, {""word"": ""mading"", ""langid"": ""other""}, {""word"": ""rame."", ""langid"": ""other""}]","{""other"": 4}","[""jember:2:281""]",4,1.000,True,too_short
processed_indonesia/01_segments/jember_001_0026.wav,Iku sih.,indonesian_data/Jember Javanese Spontaneous Speech Corpus/mp3 audio/1.mp3,97000,99000,unknown,"[{""word"": ""Iku"", ""langid"": ""other""}, {""word"": ""sih."", ""langid"": ""other""}]","{""other"": 2}","[""jember:1:26""]",2,2.000,True,too_few_words
processed_indonesia/01_segments/jember_002_0280.wav,"Tapi, rata-rata mêsthi rame ya.",indonesian_data/Jember Javanese Spontaneous Speech Corpus/mp3 audio/2.mp3,863000,864000,unknown,"[{""word"": ""Tapi,"", ""langid"": ""other""}, {""word"": ""rata-rata"", ""langid"": ""other""}, {""word"": ""mêsthi"", ""langid"": ""other""}, {""word"": ""rame"", ""langid"": ""other""}, {""word"": ""ya."", ""langid"": ""other""}]","{""other"": 5}","[""jember:2:280""]",5,1.000,True,too_short
processed_indonesia/01_segments/jember_002_0002.wav,Isuk rèk.,indonesian_data/Jember Javanese Spontaneous Speech Corpus/mp3 audio/2.mp3,2000,3000,unknown,"[{""word"": ""Isuk"", ""langid"": ""other""}, {""word"": ""rèk."", ""langid"": ""other""}]","{""other"": 2}","[""jember:2:2""]",2,1.000,True,too_few_words
processed_indonesia/01_segments/jember_044_0026.wav,"O, ya, ya, ya.",indonesian_data/Jember Javanese Spontaneous Speech Corpus/mp3 audio/44.mp3,131000,132000,unknown,"[{""word"": ""O,"", ""langid"": ""other""}, {""word"": ""ya,"", ""langid"": ""other""}, {""word"": ""ya,"", ""langid"": ""other""}, {""word"": ""ya."", ""langid"": ""other""}]","{""other"": 4}","[""jember:44:26""]",4,1.000,True,too_short
processed_indonesia/01_segments/jember_024_0046.wav,Dadi aku belajar iku.,indonesian_data/Jember Javanese Spontaneous Speech Corpus/mp3 audio/24.mp3,178000,179000,unknown,"[{""word"": ""Dadi"", ""langid"": ""other""}, {""word"": ""aku"", ""langid"": ""other""}, {""word"": ""belajar"", ""langid"": ""other""}, {""word"": ""iku."", ""langid"": ""other""}]","{""other"": 4}","[""jember:24:46""]",4,1.000,True,too_short
processed_indonesia/01_segments/jember_091_0005.wav,Saiki kuliah ndèk êndi?,indonesian_data/Jember Javanese Spontaneous Speech Corpus/mp3 audio/91.mp3,19000,21000,unknown,"[{""word"": ""Saiki"", ""langid"": ""other""}, {""word"": ""kuliah"", ""langid"": ""other""}, {""word"": ""ndèk"", ""langid"": ""other""}, {""word"": ""êndi?"", ""langid"": ""other""}]","{""other"": 4}","[""jember:91:5""]",4,2.000,True,no_vad_speech
