audio_path,transcript,asr_transcript,reference_language_ids,reference_dominant_language,wer,wer_by_langid,alignment,model_backend,model_name,device
processed_indonesia/wav2vec2_300/02_vad/indonesian_dev_c82395aa47dc479fbe3239fbd381cbdd.wav,"Kalau dipikir-pikir kenapa ya dulu tuh, SD bisa rajin banget? Ya, menurutku soale pas SD itu kan, aku masih kecil ya. Jadi aku ngerasa belum punya bayangan mau jadi apa atau sukanya pelajaran apa. Dadi emang manut banget sih karo guru. Arep sinau opo wae ki pokokmen kabeh pelajaran ya disinaoni. Ojo nganti sing ono bijine elek.",kau dipikir pikir ken apa ya dura taah sletter dletter pisa rajin banget ya mrutku soale pas esti titu kan aku masih kecilya jiri aku ngerasa belum punya payangan ma jadi apa atu sukanya pelajaran apa iti wang manut banget sih karo guru arep sin a apa wae pomen kabeh pelajaran ya disinaune oconganti ana si bisinelek,"[""other""]",unknown,0.578947,"{""other"": {""deletions"": 3, ""insertions"": 3, ""reference_words"": 57, ""substitutions"": 27, ""wer"": 0.5789473684210527}}","[{""operation"": ""insertion"", ""reference"": """", ""hypothesis"": ""kau"", ""langid"": ""other""}, {""operation"": ""insertion"", ""reference"": """", ""hypothesis"": ""dipikir"", ""langid"": ""other""}, {""operation"": ""substitution"", ""reference"": ""kalau"", ""hypothesis"": ""pikir"", ""langid"": ""other""}, {""operation"": ""substitution"", ""reference"": ""dipikir-pikir"", ""hypothesis"": ""ken"", ""langid"": ""other""}, {""operation"": ""substitution"", ""reference"": ""kenapa"", ""hypothesis"": ""apa"", ""langid"": ""other""}, {""operation"": ""correct"", ""reference"": ""ya"", ""hypothesis"": ""ya"", ""langid"": ""other""}, {""operation"": ""insertion"", ""reference"": """", ""hypothesis"": ""dura"", ""langid"": ""other""}, {""operation"": ""substitution"", ""reference"": ""dulu"", ""hypothesis"": ""taah"", ""langid"": ""other""}, {""operation"": ""substitution"", ""reference"": ""tuh"", ""hypothesis"": ""sletter"", ""langid"": ""other""}, {""operation"": ""substitution"", ""reference"": ""SD"", ""hypothesis"": ""dletter"", ""langid"": ""other""}, {""operation"": ""substitution"", ""reference"": ""bisa"", ""hypothesis"": ""pisa"", ""langid"": ""other""}, {""operation"": ""correct"", ""reference"": ""rajin"", ""hypothesis"": ""rajin"", ""langid"": ""other""}, {""operation"": ""correct"", ""reference"": ""banget"", ""hypothesis"": ""banget"", ""langid"": ""other""}, {""operation"": ""correct"", ""reference"": ""ya"", ""hypothesis"": ""ya"", ""langid"": ""other""}, {""operation"": ""substitution"", ""reference"": ""menurutku"", ""hypothesis"": ""mrutku"", ""langid"": ""other""}, {""operation"": ""correct"", ""reference"": ""soale"", ""hypothesis"": ""soale"", ""langid"": ""other""}, {""operation"": ""correct"", ""reference"": ""pas"", ""hypothesis"": ""pas"", ""langid"": ""other""}, {""operation"": ""substitution"", ""reference"": ""SD"", ""hypothesis"": ""esti"", ""langid"": ""other""}, {""operation"": ""substitution"", ""reference"": ""itu"", ""hypothesis"": ""titu"", ""langid"": ""other""}, {""operation"": ""correct"", ""reference"": ""kan"", ""hypothesis"": ""kan"", ""langid"": ""other""}, {""operation"": ""correct"", ""reference"": ""aku"", ""hypothesis"": ""aku"", ""langid"": ""other""}, {""operation"": ""correct"", ""reference"": ""masih"", ""hypothesis"": ""masih"", ""langid"": ""other""}, {""operation"": ""deletion"", ""reference"": ""kecil"", ""hypothesis"": """", ""langid"": ""other""}, {""operation"": ""substitution"", ""reference"": ""ya"", ""hypothesis"": ""kecilya"", ""langid"": ""other""}, {""operation"": ""substitution"", ""reference"": ""jadi"", ""hypothesis"": ""jiri"", ""langid"": ""other""}, {""operation"": ""correct"", ""reference"": ""aku"", ""hypothesis"": ""aku"", ""langid"": ""other""}, {""operation"": ""correct"", ""reference"": ""ngerasa"", ""hypothesis"": ""ngerasa"", ""langid"": ""other""}, {""operation"": ""correct"", ""reference"": ""belum"", ""hypothesis"": ""belum"", ""langid"": ""other""}, {""operation"": ""correct"", ""reference"": ""punya"", ""hypothesis"": ""punya"", ""langid"": ""other""}, {""operation"": ""substitution"", ""reference"": ""bayangan"", ""hypothesis"": ""payangan"", ""langid"": ""other""}, {""operation"": ""substitution"", ""reference"": ""mau"", ""hypothesis"": ""ma"", ""langid"": ""other""}, {""operation"": ""correct"", ""reference"": ""jadi"", ""hypothesis"": ""jadi"", ""langid"": ""other""}, {""operation"": ""correct"", ""reference"": ""apa"", ""hypothesis"": ""apa"", ""langid"": ""other""}, {""operation"": ""substitution"", ""reference"": ""atau"", ""hypothesis"": ""atu"", ""langid"": ""other""}, {""operation"": ""correct"", ""reference"": ""sukanya"", ""hypothesis"": ""sukanya"", ""langid"": ""other""}, {""operation"": ""correct"", ""reference"": ""pelajaran"", ""hypothesis"": ""pelajaran"", ""langid"": ""other""}, {""operation"": ""correct"", ""reference"": ""apa"", ""hypothesis"": ""apa"", ""langid"": ""other""}, {""operation"": ""substitution"", ""reference"": ""dadi"", ""hypothesis"": ""iti"", ""langid"": ""other""}, {""operation"": ""substitution"", ""reference"": ""emang"", ""hypothesis"": ""wang"", ""langid"": ""other""}, {""operation"": ""correct"", ""reference"": ""manut"", ""hypothesis"": ""manut"", ""langid"": ""other""}, {""operation"": ""correct"", ""reference"": ""banget"", ""hypothesis"": ""banget"", ""langid"": ""other""}, {""operation"": ""correct"", ""reference"": ""sih"", ""hypothesis"": ""sih"", ""langid"": ""other""}, {""operation"": ""correct"", ""reference"": ""karo"", ""hypothesis"": ""karo"", ""langid"": ""other""}, {""operation"": ""correct"", ""reference"": ""guru"", ""hypothesis"": ""guru"", ""langid"": ""other""}, {""operation"": ""correct"", ""reference"": ""arep"", ""hypothesis"": ""arep"", ""langid"": ""other""}, {""operation"": ""substitution"", ""reference"": ""sinau"", ""hypothesis"": ""sin"", ""langid"": ""other""}, {""operation"": ""substitution"", ""reference"": ""opo"", ""hypothesis"": ""a"", ""langid"": ""other""}, {""operation"": ""substitution"", ""reference"": ""wae"", ""hypothesis"": ""apa"", ""langid"": ""other""}, {""operation"": ""substitution"", ""reference"": ""ki"", ""hypothesis"": ""wae"", ""langid"": ""other""}, {""operation"": ""substitution"", ""reference"": ""pokokmen"", ""hypothesis"": ""pomen"", ""langid"": ""other""}, {""operation"": ""correct"", ""reference"": ""kabeh"", ""hypothesis"": ""kabeh"", ""langid"": ""other""}, {""operation"": ""correct"", ""reference"": ""pelajaran"", ""hypothesis"": ""pelajaran"", ""langid"": ""other""}, {""operation"": ""correct"", ""reference"": ""ya"", ""hypothesis"": ""ya"", ""langid"": ""other""}, {""operation"": ""deletion"", ""reference"": ""disinaoni"", ""hypothesis"": """", ""langid"": ""other""}, {""operation"": ""deletion"", ""reference"": ""ojo"", ""hypothesis"": """", ""langid"": ""other""}, {""operation"": ""substitution"", ""reference"": ""nganti"", ""hypothesis"": ""disinaune"", ""langid"": ""other""}, {""operation"": ""substitution"", ""reference"": ""sing"", ""hypothesis"": ""oconganti"", ""langid"": ""other""}, {""operation"": ""substitution"", ""reference"": ""ono"", ""hypothesis"": ""ana"", ""langid"": ""other""}, {""operation"": ""substitution"", ""reference"": ""bijine"", ""hypothesis"": ""si"", ""langid"": ""other""}, {""operation"": ""substitution"", ""reference"": ""elek"", ""hypothesis"": ""bisinelek"", ""langid"": ""other""}]",wav2vec2,indonesian-nlp/wav2vec2-indonesian-javanese-sundanese,cpu
processed_indonesia/wav2vec2_300/02_vad/jember_001_0066.wav,Pen ke selanjutnya.,ban ke slalnju,"[""other""]",unknown,0.666667,"{""other"": {""deletions"": 0, ""insertions"": 0, ""reference_words"": 3, ""substitutions"": 2, ""wer"": 0.6666666666666666}}","[{""operation"": ""substitution"", ""reference"": ""pen"", ""hypothesis"": ""ban"", ""langid"": ""other""}, {""operation"": ""correct"", ""reference"": ""ke"", ""hypothesis"": ""ke"", ""langid"": ""other""}, {""operation"": ""substitution"", ""reference"": ""selanjutnya"", ""hypothesis"": ""slalnju"", ""langid"": ""other""}]",wav2vec2,indonesian-nlp/wav2vec2-indonesian-javanese-sundanese,cpu
processed_indonesia/wav2vec2_300/02_vad/jember_027_0033.wav,"Ya memanfaatkan, bên lebih produktif mungkin aku, nulis.",ya memanfaatkan ben lebih pradukti mungkin akunulis,"[""other""]",unknown,0.500000,"{""other"": {""deletions"": 1, ""insertions"": 0, ""reference_words"": 8, ""substitutions"": 3, ""wer"": 0.5}}","[{""operation"": ""correct"", ""reference"": ""ya"", ""hypothesis"": ""ya"", ""langid"": ""other""}, {""operation"": ""correct"", ""reference"": ""memanfaatkan"", ""hypothesis"": ""memanfaatkan"", ""langid"": ""other""}, {""operation"": ""substitution"", ""reference"": ""bên"", ""hypothesis"": ""ben"", ""langid"": ""other""}, {""operation"": ""correct"", ""reference"": ""lebih"", ""hypothesis"": ""lebih"", ""langid"": ""other""}, {""operation"": ""substitution"", ""reference"": ""produktif"", ""hypothesis"": ""pradukti"", ""langid"": ""other""}, {""operation"": ""correct"", ""reference"": ""mungkin"", ""hypothesis"": ""mungkin"", ""langid"": ""other""}, {""operation"": ""deletion"", ""reference"": ""aku"", ""hypothesis"": """", ""langid"": ""other""}, {""operation"": ""substitution"", ""reference"": ""nulis"", ""hypothesis"": ""akunulis"", ""langid"": ""other""}]",wav2vec2,indonesian-nlp/wav2vec2-indonesian-javanese-sundanese,cpu
processed_indonesia/wav2vec2_300/02_vad/jember_002_0117.wav,"Sementara sing umur empat puluh ke atas, rata-rata wong kene iku sik hp tulalit iku.",ginulan sementara sing umur empat pulo k atas roto rata wong kene iku isek apitulalitiyu,"[""other""]",unknown,0.600000,"{""other"": {""deletions"": 2, ""insertions"": 2, ""reference_words"": 15, ""substitutions"": 5, ""wer"": 0.6}}","[{""operation"": ""insertion"", ""reference"": """", ""hypothesis"": ""ginulan"", ""langid"": ""other""}, {""operation"": ""correct"", ""reference"": ""sementara"", ""hypothesis"": ""sementara"", ""langid"": ""other""}, {""operation"": ""correct"", ""reference"": ""sing"", ""hypothesis"": ""sing"", ""langid"": ""other""}, {""operation"": ""correct"", ""reference"": ""umur"", ""hypothesis"": ""umur"", ""langid"": ""other""}, {""operation"": ""correct"", ""reference"": ""empat"", ""hypothesis"": ""empat"", ""langid"": ""other""}, {""operation"": ""substitution"", ""reference"": ""puluh"", ""hypothesis"": ""pulo"", ""langid"": ""other""}, {""operation"": ""substitution"", ""reference"": ""ke"", ""hypothesis"": ""k"", ""langid"": ""other""}, {""operation"": ""correct"", ""reference"": ""atas"", ""hypothesis"": ""atas"", ""langid"": ""other""}, {""operation"": ""insertion"", ""reference"": """", ""hypothesis"": ""roto"", ""langid"": ""other""}, {""operation"": ""substitution"", ""reference"": ""rata-rata"", ""hypothesis"": ""rata"", ""langid"": ""other""}, {""operation"": ""correct"", ""reference"": ""wong"", ""hypothesis"": ""wong"", ""langid"": ""other""}, {""operation"": ""correct"", ""reference"": ""kene"", ""hypothesis"": ""kene"", ""langid"": ""other""}, {""operation"": ""correct"", ""reference"": ""iku"", ""hypothesis"": ""iku"", ""langid"": ""other""}, {""operation"": ""deletion"", ""reference"": ""sik"", ""hypothesis"": """", ""langid"": ""other""}, {""operation"": ""deletion"", ""reference"": ""hp"", ""hypothesis"": """", ""langid"": ""other""}, {""operation"": ""substitution"", ""reference"": ""tulalit"", ""hypothesis"": ""isek"", ""langid"": ""other""}, {""operation"": ""substitution"", ""reference"": ""iku"", ""hypothesis"": ""apitulalitiyu"", ""langid"": ""other""}]",wav2vec2,indonesian-nlp/wav2vec2-indonesian-javanese-sundanese,cpu
processed_indonesia/wav2vec2_300/02_vad/indonesian_dev_87d1a50af61f460ca3431580d59bf950.wav,"Terus biasanya ya nanti presentasinya gantian dari satu kelompok ke kelompok lain. Kalau buat tugas atau PR mandiri, aku biasanya pakai laptopnya bapakku di rumah. Laptopnya bapakku di rumah atau nek ora ya, nggarap neng warnet.",trus biasane hak nanti presentasinya gantian aan dari satu kelampak kkelompok lain kala buat tugas atau pletter lrletter mandirii aku biasanya wakak laptopnyaabapakku dirumah laptok membak aku di rumah atau nek ora ya nggarap ning warnet,"[""other""]",unknown,0.527778,"{""other"": {""deletions"": 2, ""insertions"": 2, ""reference_words"": 36, ""substitutions"": 15, ""wer"": 0.5277777777777778}}","[{""operation"": ""substitution"", ""reference"": ""terus"", ""hypothesis"": ""trus"", ""langid"": ""other""}, {""operation"": ""substitution"", ""reference"": ""biasanya"", ""hypothesis"": ""biasane"", ""langid"": ""other""}, {""operation"": ""substitution"", ""reference"": ""ya"", ""hypothesis"": ""hak"", ""langid"": ""other""}, {""operation"": ""correct"", ""reference"": ""nanti"", ""hypothesis"": ""nanti"", ""langid"": ""other""}, {""operation"": ""correct"", ""reference"": ""presentasinya"", ""hypothesis"": ""presentasinya"", ""langid"": ""other""}, {""operation"": ""correct"", ""reference"": ""gantian"", ""hypothesis"": ""gantian"", ""langid"": ""other""}, {""operation"": ""insertion"", ""reference"": """", ""hypothesis"": ""aan"", ""langid"": ""other""}, {""operation"": ""correct"", ""reference"": ""dari"", ""hypothesis"": ""dari"", ""langid"": ""other""}, {""operation"": ""correct"", ""reference"": ""satu"", ""hypothesis"": ""satu"", ""langid"": ""other""}, {""operation"": ""deletion"", ""reference"": ""kelompok"", ""hypothesis"": """", ""langid"": ""other""}, {""operation"": ""substitution"", ""reference"": ""ke"", ""hypothesis"": ""kelampak"", ""langid"": ""other""}, {""operation"": ""substitution"", ""reference"": ""kelompok"", ""hypothesis"": ""kkelompok"", ""langid"": ""other""}, {""operation"": ""correct"", ""reference"": ""lain"", ""hypothesis"": ""lain"", ""langid"": ""other""}, {""operation"": ""substitution"", ""reference"": ""kalau"", ""hypothesis"": ""kala"", ""langid"": ""other""}, {""operation"": ""correct"", ""reference"": ""buat"", ""hypothesis"": ""buat"", ""langid"": ""other""}, {""operation"": ""correct"", ""reference"": ""tugas"", ""hypothesis"": ""tugas"", ""langid"": ""other""}, {""operation"": ""correct"", ""reference"": ""atau"", ""hypothesis"": ""atau"", ""langid"": ""other""}, {""operation"": ""insertion"", ""reference"": """", ""hypothesis"": ""pletter"", ""langid"": ""other""}, {""operation"": ""substitution"", ""reference"": ""PR"", ""hypothesis"": ""lrletter"", ""langid"": ""other""}, {""operation"": ""substitution"", ""reference"": ""mandiri"", ""hypothesis"": ""mandirii"", ""langid"": ""other""}, {""operation"": ""correct"", ""reference"": ""aku"", ""hypothesis"": ""aku"", ""langid"": ""other""}, {""operation"": ""correct"", ""reference"": ""biasanya"", ""hypothesis"": ""biasanya"", ""langid"": ""other""}, {""operation"": ""deletion"", ""reference"": ""pakai"", ""hypothesis"": """", ""langid"": ""other""}, {""operation"": ""substitution"", ""reference"": ""laptopnya"", ""hypothesis"": ""wakak"", ""langid"": ""other""}, {""operation"": ""substitution"", ""reference"": ""bapakku"", ""hypothesis"": ""laptopnyaabapakku"", ""langid"": ""other""}, {""operation"": ""substitution"", ""reference"": ""di"", ""hypothesis"": ""dirumah"", ""langid"": ""other""}, {""operation"": ""substitution"", ""reference"": ""rumah"", ""hypothesis"": ""laptok"", ""langid"": ""other""}, {""operation"": ""substitution"", ""reference"": ""laptopnya"", ""hypothesis"": ""membak"", ""langid"": ""other""}, {""operation"": ""substitution"", ""reference"": ""bapakku"", ""hypothesis"": ""aku"", ""langid"": ""other""}, {""operation"": ""correct"", ""reference"": ""di"", ""hypothesis"": ""di"", ""langid"": ""other""}, {""operation"": ""correct"", ""reference"": ""rumah"", ""hypothesis"": ""rumah"", ""langid"": ""other""}, {""operation"": ""correct"", ""reference"": ""atau"", ""hypothesis"": ""atau"", ""langid"": ""other""}, {""operation"": ""correct"", ""reference"": ""nek"", ""hypothesis"": ""nek"", ""langid"": ""other""}, {""operation"": ""correct"", ""reference"": ""ora"", ""hypothesis"": ""ora"", ""langid"": ""other""}, {""operation"": ""correct"", ""reference"": ""ya"", ""hypothesis"": ""ya"", ""langid"": ""other""}, {""operation"": ""correct"", ""reference"": ""nggarap"", ""hypothesis"": ""nggarap"", ""langid"": ""other""}, {""operation"": ""substitution"", ""reference"": ""neng"", ""hypothesis"": ""ning"", ""langid"": ""other""}, {""operation"": ""correct"", ""reference"": ""warnet"", ""hypothesis"": ""warnet"", ""langid"": ""other""}]",wav2vec2,indonesian-nlp/wav2vec2-indonesian-javanese-sundanese,cpu
processed_indonesia/wav2vec2_300/02_vad/jember_095_0001.wav,"Lèk cita-citaku dhewe ki dadi polisi Mbak, awale.",l cita cita kudewe kidati polisi sembak awale,"[""other""]",unknown,0.750000,"{""other"": {""deletions"": 0, ""insertions"": 0, ""reference_words"": 8, ""substitutions"": 6, ""wer"": 0.75}}","[{""operation"": ""substitution"", ""reference"": ""lèk"", ""hypothesis"": ""l"", ""langid"": ""other""}, {""operation"": ""substitution"", ""reference"": ""cita-citaku"", ""hypothesis"": ""cita"", ""langid"": ""other""}, {""operation"": ""substitution"", ""reference"": ""dhewe"", ""hypothesis"": ""cita"", ""langid"": ""other""}, {""operation"": ""substitution"", ""reference"": ""ki"", ""hypothesis"": ""kudewe"", ""langid"": ""other""}, {""operation"": ""substitution"", ""reference"": ""dadi"", ""hypothesis"": ""kidati"", ""langid"": ""other""}, {""operation"": ""correct"", ""reference"": ""polisi"", ""hypothesis"": ""polisi"", ""langid"": ""other""}, {""operation"": ""substitution"", ""reference"": ""Mbak"", ""hypothesis"": ""sembak"", ""langid"": ""other""}, {""operation"": ""correct"", ""reference"": ""awale"", ""hypothesis"": ""awale"", ""langid"": ""other""}]",wav2vec2,indonesian-nlp/wav2vec2-indonesian-javanese-sundanese,cpu
processed_indonesia/wav2vec2_300/02_vad/jember_202_0010.wav,"Toh, ya, sêkolah ki tujuane ben êntuk dhuwit luwih akèh, ngono anggêpane.",we toh ya sekolahki tujuane bend entuk duwit luwih akeh ngona anggapane,"[""other""]",unknown,0.750000,"{""other"": {""deletions"": 1, ""insertions"": 1, ""reference_words"": 12, ""substitutions"": 7, ""wer"": 0.75}}","[{""operation"": ""insertion"", ""reference"": """", ""hypothesis"": ""we"", ""langid"": ""other""}, {""operation"": ""correct"", ""reference"": ""toh"", ""hypothesis"": ""toh"", ""langid"": ""other""}, {""operation"": ""correct"", ""reference"": ""ya"", ""hypothesis"": ""ya"", ""langid"": ""other""}, {""operation"": ""deletion"", ""reference"": ""sêkolah"", ""hypothesis"": """", ""langid"": ""other""}, {""operation"": ""substitution"", ""reference"": ""ki"", ""hypothesis"": ""sekolahki"", ""langid"": ""other""}, {""operation"": ""correct"", ""reference"": ""tujuane"", ""hypothesis"": ""tujuane"", ""langid"": ""other""}, {""operation"": ""substitution"", ""reference"": ""ben"", ""hypothesis"": ""bend"", ""langid"": ""other""}, {""operation"": ""substitution"", ""reference"": ""êntuk"", ""hypothesis"": ""entuk"", ""langid"": ""other""}, {""operation"": ""substitution"", ""reference"": ""dhuwit"", ""hypothesis"": ""duwit"", ""langid"": ""other""}, {""operation"": ""correct"", ""reference"": ""luwih"", ""hypothesis"": ""luwih"", ""langid"": ""other""}, {""operation"": ""substitution"", ""reference"": ""akèh"", ""hypothesis"": ""akeh"", ""langid"": ""other""}, {""operation"": ""substitution"", ""reference"": ""ngono"", ""hypothesis"": ""ngona"", ""langid"": ""other""}, {""operation"": ""substitution"", ""reference"": ""anggêpane"", ""hypothesis"": ""anggapane"", ""langid"": ""other""}]",wav2vec2,indonesian-nlp/wav2vec2-indonesian-javanese-sundanese,cpu
processed_indonesia/wav2vec2_300/02_vad/jember_045_0007.wav,Soale bapakku sêmpêt gênti-gênti kêrja sakdurunge dadi petani.,kerjunaatak len huuhu semput gerikit ikerjasakdurung anda di peat,"[""other""]",unknown,1.125000,"{""other"": {""deletions"": 0, ""insertions"": 1, ""reference_words"": 8, ""substitutions"": 8, ""wer"": 1.125}}","[{""operation"": ""insertion"", ""reference"": """", ""hypothesis"": ""kerjunaatak"", ""langid"": ""other""}, {""operation"": ""substitution"", ""reference"": ""soale"", ""hypothesis"": ""len"", ""langid"": ""other""}, {""operation"": ""substitution"", ""reference"": ""bapakku"", ""hypothesis"": ""huuhu"", ""langid"": ""other""}, {""operation"": ""substitution"", ""reference"": ""sêmpêt"", ""hypothesis"": ""semput"", ""langid"": ""other""}, {""operation"": ""substitution"", ""reference"": ""gênti-gênti"", ""hypothesis"": ""gerikit"", ""langid"": ""other""}, {""operation"": ""substitution"", ""reference"": ""kêrja"", ""hypothesis"": ""ikerjasakdurung"", ""langid"": ""other""}, {""operation"": ""substitution"", ""reference"": ""sakdurunge"", ""hypothesis"": ""anda"", ""langid"": ""other""}, {""operation"": ""substitution"", ""reference"": ""dadi"", ""hypothesis"": ""di"", ""langid"": ""other""}, {""operation"": ""substitution"", ""reference"": ""petani"", ""hypothesis"": ""peat"", ""langid"": ""other""}]",wav2vec2,indonesian-nlp/wav2vec2-indonesian-javanese-sundanese,cpu
processed_indonesia/wav2vec2_300/02_vad/jember_161_0006.wav,"Nah, těrusaku frustrasi iki, kelas têlu aku kalahan.",naug terus aku perusa iki keras telu au kalah,"[""other""]",unknown,1.000000,"{""other"": {""deletions"": 0, ""insertions"": 1, ""reference_words"": 8, ""substitutions"": 7, ""wer"": 1.0}}","[{""operation"": ""insertion"", ""reference"": """", ""hypothesis"": ""naug"", ""langid"": ""other""}, {""operation"": ""substitution"", ""reference"": ""nah"", ""hypothesis"": ""terus"", ""langid"": ""other""}, {""operation"": ""substitution"", ""reference"": ""těrusaku"", ""hypothesis"": ""aku"", ""langid"": ""other""}, {""operation"": ""substitution"", ""reference"": ""frustrasi"", ""hypothesis"": ""perusa"", ""langid"": ""other""}, {""operation"": ""correct"", ""reference"": ""iki"", ""hypothesis"": ""iki"", ""langid"": ""other""}, {""operation"": ""substitution"", ""reference"": ""kelas"", ""hypothesis"": ""keras"", ""langid"": ""other""}, {""operation"": ""substitution"", ""reference"": ""têlu"", ""hypothesis"": ""telu"", ""langid"": ""other""}, {""operation"": ""substitution"", ""reference"": ""aku"", ""hypothesis"": ""au"", ""langid"": ""other""}, {""operation"": ""substitution"", ""reference"": ""kalahan"", ""hypothesis"": ""kalah"", ""langid"": ""other""}]",wav2vec2,indonesian-nlp/wav2vec2-indonesian-javanese-sundanese,cpu
processed_indonesia/wav2vec2_300/02_vad/jember_107_0061.wav,"Intine pengep, ngedole nèng pengepul lah, pengepul iku main nang ndi? Nang perusahaan.",idine pengmedalin pengepulnahpengepuliku men nengdi nang perusahaa,"[""other""]",unknown,0.923077,"{""other"": {""deletions"": 6, ""insertions"": 0, ""reference_words"": 13, ""substitutions"": 6, ""wer"": 0.9230769230769231}}","[{""operation"": ""deletion"", ""reference"": ""intine"", ""hypothesis"": """", ""langid"": ""other""}, {""operation"": ""deletion"", ""reference"": ""pengep"", ""hypothesis"": """", ""langid"": ""other""}, {""operation"": ""deletion"", ""reference"": ""ngedole"", ""hypothesis"": """", ""langid"": ""other""}, {""operation"": ""deletion"", ""reference"": ""nèng"", ""hypothesis"": """", ""langid"": ""other""}, {""operation"": ""deletion"", ""reference"": ""pengepul"", ""hypothesis"": """", ""langid"": ""other""}, {""operation"": ""deletion"", ""reference"": ""lah"", ""hypothesis"": """", ""langid"": ""other""}, {""operation"": ""substitution"", ""reference"": ""pengepul"", ""hypothesis"": ""idine"", ""langid"": ""other""}, {""operation"": ""substitution"", ""reference"": ""iku"", ""hypothesis"": ""pengmedalin"", ""langid"": ""other""}, {""operation"": ""substitution"", ""reference"": ""main"", ""hypothesis"": ""pengepulnahpengepuliku"", ""langid"": ""other""}, {""operation"": ""substitution"", ""reference"": ""nang"", ""hypothesis"": ""men"", ""langid"": ""other""}, {""operation"": ""substitution"", ""reference"": ""ndi"", ""hypothesis"": ""nengdi"", ""langid"": ""other""}, {""operation"": ""correct"", ""reference"": ""nang"", ""hypothesis"": ""nang"", ""langid"": ""other""}, {""operation"": ""substitution"", ""reference"": ""perusahaan"", ""hypothesis"": ""perusahaa"", ""langid"": ""other""}]",wav2vec2,indonesian-nlp/wav2vec2-indonesian-javanese-sundanese,cpu
processed_indonesia/wav2vec2_300/02_vad/jember_025_0019.wav,Lak kêsêl sak marine ngêlèsi biasane langsung turu.,hewek isuk brak deselnou masak marining lesi biasane langs,"[""other""]",unknown,1.125000,"{""other"": {""deletions"": 0, ""insertions"": 1, ""reference_words"": 8, ""substitutions"": 8, ""wer"": 1.125}}","[{""operation"": ""insertion"", ""reference"": """", ""hypothesis"": ""hewek"", ""langid"": ""other""}, {""operation"": ""substitution"", ""reference"": ""lak"", ""hypothesis"": ""isuk"", ""langid"": ""other""}, {""operation"": ""substitution"", ""reference"": ""kêsêl"", ""hypothesis"": ""brak"", ""langid"": ""other""}, {""operation"": ""substitution"", ""reference"": ""sak"", ""hypothesis"": ""deselnou"", ""langid"": ""other""}, {""operation"": ""substitution"", ""reference"": ""marine"", ""hypothesis"": ""masak"", ""langid"": ""other""}, {""operation"": ""substitution"", ""reference"": ""ngêlèsi"", ""hypothesis"": ""marining"", ""langid"": ""other""}, {""operation"": ""substitution"", ""reference"": ""biasane"", ""hypothesis"": ""lesi"", ""langid"": ""other""}, {""operation"": ""substitution"", ""reference"": ""langsung"", ""hypothesis"": ""biasane"", ""langid"": ""other""}, {""operation"": ""substitution"", ""reference"": ""turu"", ""hypothesis"": ""langs"", ""langid"": ""other""}]",wav2vec2,indonesian-nlp/wav2vec2-indonesian-javanese-sundanese,cpu
processed_indonesia/wav2vec2_300/02_vad/jember_107_0067.wav,"E, iku, e..., isa ae tergantung kan jênênge kabèh tanduran ya, gak cuma vanili, kabèh tanduran iku ndhuwe, e, sarat, cukul dhewe-dhewe, sarat tumbuh lah.",owannya eiku eiso ae tergantung kan jeneng kabeh tanduran ya gak jumak fanili kabeh tanduran iku ndho wes esarat cukul deu dhewe,"[""other""]",unknown,0.640000,"{""other"": {""deletions"": 3, ""insertions"": 0, ""reference_words"": 25, ""substitutions"": 13, ""wer"": 0.64}}","[{""operation"": ""deletion"", ""reference"": ""e"", ""hypothesis"": """", ""langid"": ""other""}, {""operation"": ""substitution"", ""reference"": ""iku"", ""hypothesis"": ""owannya"", ""langid"": ""other""}, {""operation"": ""substitution"", ""reference"": ""e..."", ""hypothesis"": ""eiku"", ""langid"": ""other""}, {""operation"": ""substitution"", ""reference"": ""isa"", ""hypothesis"": ""eiso"", ""langid"": ""other""}, {""operation"": ""correct"", ""reference"": ""ae"", ""hypothesis"": ""ae"", ""langid"": ""other""}, {""operation"": ""correct"", ""reference"": ""tergantung"", ""hypothesis"": ""tergantung"", ""langid"": ""other""}, {""operation"": ""correct"", ""reference"": ""kan"", ""hypothesis"": ""kan"", ""langid"": ""other""}, {""operation"": ""substitution"", ""reference"": ""jênênge"", ""hypothesis"": ""jeneng"", ""langid"": ""other""}, {""operation"": ""substitution"", ""reference"": ""kabèh"", ""hypothesis"": ""kabeh"", ""langid"": ""other""}, {""operation"": ""correct"", ""reference"": ""tanduran"", ""hypothesis"": ""tanduran"", ""langid"": ""other""}, {""operation"": ""correct"", ""reference"": ""ya"", ""hypothesis"": ""ya"", ""langid"": ""other""}, {""operation"": ""correct"", ""reference"": ""gak"", ""hypothesis"": ""gak"", ""langid"": ""other""}, {""operation"": ""substitution"", ""reference"": ""cuma"", ""hypothesis"": ""jumak"", ""langid"": ""other""}, {""operation"": ""substitution"", ""reference"": ""vanili"", ""hypothesis"": ""fanili"", ""langid"": ""other""}, {""operation"": ""substitution"", ""reference"": ""kabèh"", ""hypothesis"": ""kabeh"", ""langid"": ""other""}, {""operation"": ""correct"", ""reference"": ""tanduran"", ""hypothesis"": ""tanduran"", ""langid"": ""other""}, {""operation"": ""correct"", ""reference"": ""iku"", ""hypothesis"": ""iku"", ""langid"": ""other""}, {""operation"": ""substitution"", ""reference"": ""ndhuwe"", ""hypothesis"": ""ndho"", ""langid"": ""other""}, {""operation"": ""substitution"", ""reference"": ""e"", ""hypothesis"": ""wes"", ""langid"": ""other""}, {""operation"": ""substitution"", ""reference"": ""sarat"", ""hypothesis"": ""esarat"", ""langid"": ""other""}, {""operation"": ""correct"", ""reference"": ""cukul"", ""hypothesis"": ""cukul"", ""langid"": ""other""}, {""operation"": ""deletion"", ""reference"": ""dhewe-dhewe"", ""hypothesis"": """", ""langid"": ""other""}, {""operation"": ""deletion"", ""reference"": ""sarat"", ""hypothesis"": """", ""langid"": ""other""}, {""operation"": ""substitution"", ""reference"": ""tumbuh"", ""hypothesis"": ""deu"", ""langid"": ""other""}, {""operation"": ""substitution"", ""reference"": ""lah"", ""hypothesis"": ""dhewe"", ""langid"": ""other""}]",wav2vec2,indonesian-nlp/wav2vec2-indonesian-javanese-sundanese,cpu
processed_indonesia/wav2vec2_300/02_vad/jember_105_0068.wav,"Iku kan, ya sik, gak  kabèh, gak  kabèh wong duwe ngono Mbak.",ituan yose gak kabehgak kabe wong nduwe n embak,"[""other""]",unknown,0.833333,"{""other"": {""deletions"": 3, ""insertions"": 0, ""reference_words"": 12, ""substitutions"": 7, ""wer"": 0.8333333333333334}}","[{""operation"": ""deletion"", ""reference"": ""iku"", ""hypothesis"": """", ""langid"": ""other""}, {""operation"": ""deletion"", ""reference"": ""kan"", ""hypothesis"": """", ""langid"": ""other""}, {""operation"": ""substitution"", ""reference"": ""ya"", ""hypothesis"": ""ituan"", ""langid"": ""other""}, {""operation"": ""substitution"", ""reference"": ""sik"", ""hypothesis"": ""yose"", ""langid"": ""other""}, {""operation"": ""correct"", ""reference"": ""gak"", ""hypothesis"": ""gak"", ""langid"": ""other""}, {""operation"": ""deletion"", ""reference"": ""kabèh"", ""hypothesis"": """", ""langid"": ""other""}, {""operation"": ""substitution"", ""reference"": ""gak"", ""hypothesis"": ""kabehgak"", ""langid"": ""other""}, {""operation"": ""substitution"", ""reference"": ""kabèh"", ""hypothesis"": ""kabe"", ""langid"": ""other""}, {""operation"": ""correct"", ""reference"": ""wong"", ""hypothesis"": ""wong"", ""langid"": ""other""}, {""operation"": ""substitution"", ""reference"": ""duwe"", ""hypothesis"": ""nduwe"", ""langid"": ""other""}, {""operation"": ""substitution"", ""reference"": ""ngono"", ""hypothesis"": ""n"", ""langid"": ""other""}, {""operation"": ""substitution"", ""reference"": ""Mbak"", ""hypothesis"": ""embak"", ""langid"": ""other""}]",wav2vec2,indonesian-nlp/wav2vec2-indonesian-javanese-sundanese,cpu
processed_indonesia/wav2vec2_300/02_vad/jember_030_0009.wav,"A, mari ngono saiki tambahan kegiatan iku mblayu, ya mblayu mblayu.",sanah mari ngona saiki tambahan kegiatan iku mbelayu,"[""other""]",unknown,0.545455,"{""other"": {""deletions"": 3, ""insertions"": 0, ""reference_words"": 11, ""substitutions"": 3, ""wer"": 0.5454545454545454}}","[{""operation"": ""substitution"", ""reference"": ""a"", ""hypothesis"": ""sanah"", ""langid"": ""other""}, {""operation"": ""correct"", ""reference"": ""mari"", ""hypothesis"": ""mari"", ""langid"": ""other""}, {""operation"": ""substitution"", ""reference"": ""ngono"", ""hypothesis"": ""ngona"", ""langid"": ""other""}, {""operation"": ""correct"", ""reference"": ""saiki"", ""hypothesis"": ""saiki"", ""langid"": ""other""}, {""operation"": ""correct"", ""reference"": ""tambahan"", ""hypothesis"": ""tambahan"", ""langid"": ""other""}, {""operation"": ""correct"", ""reference"": ""kegiatan"", ""hypothesis"": ""kegiatan"", ""langid"": ""other""}, {""operation"": ""correct"", ""reference"": ""iku"", ""hypothesis"": ""iku"", ""langid"": ""other""}, {""operation"": ""deletion"", ""reference"": ""mblayu"", ""hypothesis"": """", ""langid"": ""other""}, {""operation"": ""deletion"", ""reference"": ""ya"", ""hypothesis"": """", ""langid"": ""other""}, {""operation"": ""deletion"", ""reference"": ""mblayu"", ""hypothesis"": """", ""langid"": ""other""}, {""operation"": ""substitution"", ""reference"": ""mblayu"", ""hypothesis"": ""mbelayu"", ""langid"": ""other""}]",wav2vec2,indonesian-nlp/wav2vec2-indonesian-javanese-sundanese,cpu
processed_indonesia/wav2vec2_300/02_vad/indonesian_dev_c89469339bda45cd9e03de89f415805b.wav,"Nah, kenapa toh kok aku tuh rajin banget dulu pas SD? Itu ada satu alasannya. Pernah suatu kali aku tuh nggak masuk sekolah, gara-gara lupa sih kenapa. Pokoknya beberapa hari nggak masuk sekolah, tapi aku nggak nanya ke temen ada PR apa nggak gitu. Soalnya zaman dulu kan juga belum ada chat kayak sekarang gitu ya, jadi aku nggak nanya-nanya.",kenapatoh kok aku rtu rajin banget duluas les dletter itutu ada satu alasannya pernah suatu kali aku tgak masuk sekolah garagara pupasikat apah panya beberapa hari nggak maskuk sekolah tapi aku nggak nanyak ketemen ada pera panggak gitu soalnya jaman dulukan juga belom ada cep kett sekarang hideah jadi aku nganayananyak,"[""other""]",unknown,0.533333,"{""other"": {""deletions"": 9, ""insertions"": 0, ""reference_words"": 60, ""substitutions"": 23, ""wer"": 0.5333333333333333}}","[{""operation"": ""deletion"", ""reference"": ""nah"", ""hypothesis"": """", ""langid"": ""other""}, {""operation"": ""deletion"", ""reference"": ""kenapa"", ""hypothesis"": """", ""langid"": ""other""}, {""operation"": ""substitution"", ""reference"": ""toh"", ""hypothesis"": ""kenapatoh"", ""langid"": ""other""}, {""operation"": ""correct"", ""reference"": ""kok"", ""hypothesis"": ""kok"", ""langid"": ""other""}, {""operation"": ""correct"", ""reference"": ""aku"", ""hypothesis"": ""aku"", ""langid"": ""other""}, {""operation"": ""substitution"", ""reference"": ""tuh"", ""hypothesis"": ""rtu"", ""langid"": ""other""}, {""operation"": ""correct"", ""reference"": ""rajin"", ""hypothesis"": ""rajin"", ""langid"": ""other""}, {""operation"": ""correct"", ""reference"": ""banget"", ""hypothesis"": ""banget"", ""langid"": ""other""}, {""operation"": ""substitution"", ""reference"": ""dulu"", ""hypothesis"": ""duluas"", ""langid"": ""other""}, {""operation"": ""substitution"", ""reference"": ""pas"", ""hypothesis"": ""les"", ""langid"": ""other""}, {""operation"": ""substitution"", ""reference"": ""SD"", ""hypothesis"": ""dletter"", ""langid"": ""other""}, {""operation"": ""substitution"", ""reference"": ""itu"", ""hypothesis"": ""itutu"", ""langid"": ""other""}, {""operation"": ""correct"", ""reference"": ""ada"", ""hypothesis"": ""ada"", ""langid"": ""other""}, {""operation"": ""correct"", ""reference"": ""satu"", ""hypothesis"": ""satu"", ""langid"": ""other""}, {""operation"": ""correct"", ""reference"": ""alasannya"", ""hypothesis"": ""alasannya"", ""langid"": ""other""}, {""operation"": ""correct"", ""reference"": ""pernah"", ""hypothesis"": ""pernah"", ""langid"": ""other""}, {""operation"": ""correct"", ""reference"": ""suatu"", ""hypothesis"": ""suatu"", ""langid"": ""other""}, {""operation"": ""correct"", ""reference"": ""kali"", ""hypothesis"": ""kali"", ""langid"": ""other""}, {""operation"": ""correct"", ""reference"": ""aku"", ""hypothesis"": ""aku"", ""langid"": ""other""}, {""operation"": ""deletion"", ""reference"": ""tuh"", ""hypothesis"": """", ""langid"": ""other""}, {""operation"": ""substitution"", ""reference"": ""nggak"", ""hypothesis"": ""tgak"", ""langid"": ""other""}, {""operation"": ""correct"", ""reference"": ""masuk"", ""hypothesis"": ""masuk"", ""langid"": ""other""}, {""operation"": ""correct"", ""reference"": ""sekolah"", ""hypothesis"": ""sekolah"", ""langid"": ""other""}, {""operation"": ""deletion"", ""reference"": ""gara-gara"", ""hypothesis"": """", ""langid"": ""other""}, {""operation"": ""substitution"", ""reference"": ""lupa"", ""hypothesis"": ""garagara"", ""langid"": ""other""}, {""operation"": ""substitution"", ""reference"": ""sih"", ""hypothesis"": ""pupasikat"", ""langid"": ""other""}, {""operation"": ""substitution"", ""reference"": ""kenapa"", ""hypothesis"": ""apah"", ""langid"": ""other""}, {""operation"": ""substitution"", ""reference"": ""pokoknya"", ""hypothesis"": ""panya"", ""langid"": ""other""}, {""operation"": ""correct"", ""reference"": ""beberapa"", ""hypothesis"": ""beberapa"", ""langid"": ""other""}, {""operation"": ""correct"", ""reference"": ""hari"", ""hypothesis"": ""hari"", ""langid"": ""other""}, {""operation"": ""correct"", ""reference"": ""nggak"", ""hypothesis"": ""nggak"", ""langid"": ""other""}, {""operation"": ""substitution"", ""reference"": ""masuk"", ""hypothesis"": ""maskuk"", ""langid"": ""other""}, {""operation"": ""correct"", ""reference"": ""sekolah"", ""hypothesis"": ""sekolah"", ""langid"": ""other""}, {""operation"": ""correct"", ""reference"": ""tapi"", ""hypothesis"": ""tapi"", ""langid"": ""other""}, {""operation"": ""correct"", ""reference"": ""aku"", ""hypothesis"": ""aku"", ""langid"": ""other""}, {""operation"": ""correct"", ""reference"": ""nggak"", ""hypothesis"": ""nggak"", ""langid"": ""other""}, {""operation"": ""deletion"", ""reference"": ""nanya"", ""hypothesis"": """", ""langid"": ""other""}, {""operation"": ""substitution"", ""reference"": ""ke"", ""hypothesis"": ""nanyak"", ""langid"": ""other""}, {""operation"": ""substitution"", ""reference"": ""temen"", ""hypothesis"": ""ketemen"", ""langid"": ""other""}, {""operation"": ""correct"", ""reference"": ""ada"", ""hypothesis"": ""ada"", ""langid"": ""other""}, {""operation"": ""deletion"", ""reference"": ""PR"", ""hypothesis"": """", ""langid"": ""other""}, {""operation"": ""substitution"", ""reference"": ""apa"", ""hypothesis"": ""pera"", ""langid"": ""other""}, {""operation"": ""substitution"", ""reference"": ""nggak"", ""hypothesis"": ""panggak"", ""langid"": ""other""}, {""operation"": ""correct"", ""reference"": ""gitu"", ""hypothesis"": ""gitu"", ""langid"": ""other""}, {""operation"": ""correct"", ""reference"": ""soalnya"", ""hypothesis"": ""soalnya"", ""langid"": ""other""}, {""operation"": ""deletion"", ""reference"": ""zaman"", ""hypothesis"": """", ""langid"": ""other""}, {""operation"": ""substitution"", ""reference"": ""dulu"", ""hypothesis"": ""jaman"", ""langid"": ""other""}, {""operation"": ""substitution"", ""reference"": ""kan"", ""hypothesis"": ""dulukan"", ""langid"": ""other""}, {""operation"": ""correct"", ""reference"": ""juga"", ""hypothesis"": ""juga"", ""langid"": ""other""}, {""operation"": ""substitution"", ""reference"": ""belum"", ""hypothesis"": ""belom"", ""langid"": ""other""}, {""operation"": ""correct"", ""reference"": ""ada"", ""hypothesis"": ""ada"", ""langid"": ""other""}, {""operation"": ""substitution"", ""reference"": ""chat"", ""hypothesis"": ""cep"", ""langid"": ""other""}, {""operation"": ""substitution"", ""reference"": ""kayak"", ""hypothesis"": ""kett"", ""langid"": ""other""}, {""operation"": ""correct"", ""reference"": ""sekarang"", ""hypothesis"": ""sekarang"", ""langid"": ""other""}, {""operation"": ""deletion"", ""reference"": ""gitu"", ""hypothesis"": """", ""langid"": ""other""}, {""operation"": ""substitution"", ""reference"": ""ya"", ""hypothesis"": ""hideah"", ""langid"": ""other""}, {""operation"": ""correct"", ""reference"": ""jadi"", ""hypothesis"": ""jadi"", ""langid"": ""other""}, {""operation"": ""correct"", ""reference"": ""aku"", ""hypothesis"": ""aku"", ""langid"": ""other""}, {""operation"": ""deletion"", ""reference"": ""nggak"", ""hypothesis"": """", ""langid"": ""other""}, {""operation"": ""substitution"", ""reference"": ""nanya-nanya"", ""hypothesis"": ""nganayananyak"", ""langid"": ""other""}]",wav2vec2,indonesian-nlp/wav2vec2-indonesian-javanese-sundanese,cpu
processed_indonesia/wav2vec2_300/02_vad/jember_109_0004.wav,"Těrus, saiki lagi dipromosikno dan warna bandara, bandarane iku pink.",terus saikilagi gipro musikna dan warna pendaran bandharan ikuping,"[""other""]",unknown,0.800000,"{""other"": {""deletions"": 1, ""insertions"": 0, ""reference_words"": 10, ""substitutions"": 7, ""wer"": 0.8}}","[{""operation"": ""substitution"", ""reference"": ""těrus"", ""hypothesis"": ""terus"", ""langid"": ""other""}, {""operation"": ""substitution"", ""reference"": ""saiki"", ""hypothesis"": ""saikilagi"", ""langid"": ""other""}, {""operation"": ""substitution"", ""reference"": ""lagi"", ""hypothesis"": ""gipro"", ""langid"": ""other""}, {""operation"": ""substitution"", ""reference"": ""dipromosikno"", ""hypothesis"": ""musikna"", ""langid"": ""other""}, {""operation"": ""correct"", ""reference"": ""dan"", ""hypothesis"": ""dan"", ""langid"": ""other""}, {""operation"": ""correct"", ""reference"": ""warna"", ""hypothesis"": ""warna"", ""langid"": ""other""}, {""operation"": ""deletion"", ""reference"": ""bandara"", ""hypothesis"": """", ""langid"": ""other""}, {""operation"": ""substitution"", ""reference"": ""bandarane"", ""hypothesis"": ""pendaran"", ""langid"": ""other""}, {""operation"": ""substitution"", ""reference"": ""iku"", ""hypothesis"": ""bandharan"", ""langid"": ""other""}, {""operation"": ""substitution"", ""reference"": ""pink"", ""hypothesis"": ""ikuping"", ""langid"": ""other""}]",wav2vec2,indonesian-nlp/wav2vec2-indonesian-javanese-sundanese,cpu
processed_indonesia/wav2vec2_300/02_vad/jember_024_0069.wav,Sepele ya kaya aku ngono kuwimbukaki Duolingo.,se pelle iya kayok aku munuk kuwi mbuka idolingu thou,"[""other""]",unknown,1.285714,"{""other"": {""deletions"": 0, ""insertions"": 3, ""reference_words"": 7, ""substitutions"": 6, ""wer"": 1.2857142857142858}}","[{""operation"": ""insertion"", ""reference"": """", ""hypothesis"": ""se"", ""langid"": ""other""}, {""operation"": ""substitution"", ""reference"": ""sepele"", ""hypothesis"": ""pelle"", ""langid"": ""other""}, {""operation"": ""substitution"", ""reference"": ""ya"", ""hypothesis"": ""iya"", ""langid"": ""other""}, {""operation"": ""substitution"", ""reference"": ""kaya"", ""hypothesis"": ""kayok"", ""langid"": ""other""}, {""operation"": ""correct"", ""reference"": ""aku"", ""hypothesis"": ""aku"", ""langid"": ""other""}, {""operation"": ""insertion"", ""reference"": """", ""hypothesis"": ""munuk"", ""langid"": ""other""}, {""operation"": ""insertion"", ""reference"": """", ""hypothesis"": ""kuwi"", ""langid"": ""other""}, {""operation"": ""substitution"", ""reference"": ""ngono"", ""hypothesis"": ""mbuka"", ""langid"": ""other""}, {""operation"": ""substitution"", ""reference"": ""kuwimbukaki"", ""hypothesis"": ""idolingu"", ""langid"": ""other""}, {""operation"": ""substitution"", ""reference"": ""Duolingo"", ""hypothesis"": ""thou"", ""langid"": ""other""}]",wav2vec2,indonesian-nlp/wav2vec2-indonesian-javanese-sundanese,cpu
processed_indonesia/wav2vec2_300/02_vad/jember_195_0017.wav,Nèk ijen iku kan ya èmbonge wis apik ngono jane wis.,gaizan iwan yo embonge wis apik menujeriwis,"[""other""]",unknown,0.818182,"{""other"": {""deletions"": 4, ""insertions"": 0, ""reference_words"": 11, ""substitutions"": 5, ""wer"": 0.8181818181818182}}","[{""operation"": ""deletion"", ""reference"": ""nèk"", ""hypothesis"": """", ""langid"": ""other""}, {""operation"": ""deletion"", ""reference"": ""ijen"", ""hypothesis"": """", ""langid"": ""other""}, {""operation"": ""substitution"", ""reference"": ""iku"", ""hypothesis"": ""gaizan"", ""langid"": ""other""}, {""operation"": ""substitution"", ""reference"": ""kan"", ""hypothesis"": ""iwan"", ""langid"": ""other""}, {""operation"": ""substitution"", ""reference"": ""ya"", ""hypothesis"": ""yo"", ""langid"": ""other""}, {""operation"": ""substitution"", ""reference"": ""èmbonge"", ""hypothesis"": ""embonge"", ""langid"": ""other""}, {""operation"": ""correct"", ""reference"": ""wis"", ""hypothesis"": ""wis"", ""langid"": ""other""}, {""operation"": ""correct"", ""reference"": ""apik"", ""hypothesis"": ""apik"", ""langid"": ""other""}, {""operation"": ""deletion"", ""reference"": ""ngono"", ""hypothesis"": """", ""langid"": ""other""}, {""operation"": ""deletion"", ""reference"": ""jane"", ""hypothesis"": """", ""langid"": ""other""}, {""operation"": ""substitution"", ""reference"": ""wis"", ""hypothesis"": ""menujeriwis"", ""langid"": ""other""}]",wav2vec2,indonesian-nlp/wav2vec2-indonesian-javanese-sundanese,cpu
processed_indonesia/wav2vec2_300/02_vad/jember_142_0002.wav,"Ora, ora, tapi, e, apa ya, em, aplikasi sing paling berguna menurutku ya AI sih.",ara opi e apa ya emu aplikasi sing paling berguna menurut kue,"[""other""]",unknown,0.533333,"{""other"": {""deletions"": 3, ""insertions"": 0, ""reference_words"": 15, ""substitutions"": 5, ""wer"": 0.5333333333333333}}","[{""operation"": ""deletion"", ""reference"": ""ora"", ""hypothesis"": """", ""langid"": ""other""}, {""operation"": ""substitution"", ""reference"": ""ora"", ""hypothesis"": ""ara"", ""langid"": ""other""}, {""operation"": ""substitution"", ""reference"": ""tapi"", ""hypothesis"": ""opi"", ""langid"": ""other""}, {""operation"": ""correct"", ""reference"": ""e"", ""hypothesis"": ""e"", ""langid"": ""other""}, {""operation"": ""correct"", ""reference"": ""apa"", ""hypothesis"": ""apa"", ""langid"": ""other""}, {""operation"": ""correct"", ""reference"": ""ya"", ""hypothesis"": ""ya"", ""langid"": ""other""}, {""operation"": ""substitution"", ""reference"": ""em"", ""hypothesis"": ""emu"", ""langid"": ""other""}, {""operation"": ""correct"", ""reference"": ""aplikasi"", ""hypothesis"": ""aplikasi"", ""langid"": ""other""}, {""operation"": ""correct"", ""reference"": ""sing"", ""hypothesis"": ""sing"", ""langid"": ""other""}, {""operation"": ""correct"", ""reference"": ""paling"", ""hypothesis"": ""paling"", ""langid"": ""other""}, {""operation"": ""correct"", ""reference"": ""berguna"", ""hypothesis"": ""berguna"", ""langid"": ""other""}, {""operation"": ""deletion"", ""reference"": ""menurutku"", ""hypothesis"": """", ""langid"": ""other""}, {""operation"": ""deletion"", ""reference"": ""ya"", ""hypothesis"": """", ""langid"": ""other""}, {""operation"": ""substitution"", ""reference"": ""AI"", ""hypothesis"": ""menurut"", ""langid"": ""other""}, {""operation"": ""substitution"", ""reference"": ""sih"", ""hypothesis"": ""kue"", ""langid"": ""other""}]",wav2vec2,indonesian-nlp/wav2vec2-indonesian-javanese-sundanese,cpu
processed_indonesia/wav2vec2_300/02_vad/indonesian_dev_e364970ee1f94739b7072387b936c23d.wav,"Hoo, paham aku, emang lumrah kayak gitu tuh. Orang punya uyutku tuh juga bawaan gitu loh. Jadi kayak emang bawaan dari sebelum-sebelumnya. Emang katanya buat ngelindungin diri gitu sih.",haabahamaku yang mengung mrahyak kingi itu orang punya uyutku tujuga bahwaan kitumnu jajika emambawaan dari sebelum sebelumnya emang katanya buat gelindungin dirigitu sih,"[""other""]",unknown,0.758621,"{""other"": {""deletions"": 6, ""insertions"": 0, ""reference_words"": 29, ""substitutions"": 16, ""wer"": 0.7586206896551724}}","[{""operation"": ""deletion"", ""reference"": ""hoo"", ""hypothesis"": """", ""langid"": ""other""}, {""operation"": ""deletion"", ""reference"": ""paham"", ""hypothesis"": """", ""langid"": ""other""}, {""operation"": ""substitution"", ""reference"": ""aku"", ""hypothesis"": ""haabahamaku"", ""langid"": ""other""}, {""operation"": ""substitution"", ""reference"": ""emang"", ""hypothesis"": ""yang"", ""langid"": ""other""}, {""operation"": ""substitution"", ""reference"": ""lumrah"", ""hypothesis"": ""mengung"", ""langid"": ""other""}, {""operation"": ""substitution"", ""reference"": ""kayak"", ""hypothesis"": ""mrahyak"", ""langid"": ""other""}, {""operation"": ""substitution"", ""reference"": ""gitu"", ""hypothesis"": ""kingi"", ""langid"": ""other""}, {""operation"": ""substitution"", ""reference"": ""tuh"", ""hypothesis"": ""itu"", ""langid"": ""other""}, {""operation"": ""correct"", ""reference"": ""orang"", ""hypothesis"": ""orang"", ""langid"": ""other""}, {""operation"": ""correct"", ""reference"": ""punya"", ""hypothesis"": ""punya"", ""langid"": ""other""}, {""operation"": ""correct"", ""reference"": ""uyutku"", ""hypothesis"": ""uyutku"", ""langid"": ""other""}, {""operation"": ""deletion"", ""reference"": ""tuh"", ""hypothesis"": """", ""langid"": ""other""}, {""operation"": ""deletion"", ""reference"": ""juga"", ""hypothesis"": """", ""langid"": ""other""}, {""operation"": ""deletion"", ""reference"": ""bawaan"", ""hypothesis"": """", ""langid"": ""other""}, {""operation"": ""substitution"", ""reference"": ""gitu"", ""hypothesis"": ""tujuga"", ""langid"": ""other""}, {""operation"": ""substitution"", ""reference"": ""loh"", ""hypothesis"": ""bahwaan"", ""langid"": ""other""}, {""operation"": ""substitution"", ""reference"": ""jadi"", ""hypothesis"": ""kitumnu"", ""langid"": ""other""}, {""operation"": ""substitution"", ""reference"": ""kayak"", ""hypothesis"": ""jajika"", ""langid"": ""other""}, {""operation"": ""substitution"", ""reference"": ""emang"", ""hypothesis"": ""emambawaan"", ""langid"": ""other""}, {""operation"": ""substitution"", ""reference"": ""bawaan"", ""hypothesis"": ""dari"", ""langid"": ""other""}, {""operation"": ""substitution"", ""reference"": ""dari"", ""hypothesis"": ""sebelum"", ""langid"": ""other""}, {""operation"": ""substitution"", ""reference"": ""sebelum-sebelumnya"", ""hypothesis"": ""sebelumnya"", ""langid"": ""other""}, {""operation"": ""correct"", ""reference"": ""emang"", ""hypothesis"": ""emang"", ""langid"": ""other""}, {""operation"": ""correct"", ""reference"": ""katanya"", ""hypothesis"": ""katanya"", ""langid"": ""other""}, {""operation"": ""correct"", ""reference"": ""buat"", ""hypothesis"": ""buat"", ""langid"": ""other""}, {""operation"": ""deletion"", ""reference"": ""ngelindungin"", ""hypothesis"": """", ""langid"": ""other""}, {""operation"": ""substitution"", ""reference"": ""diri"", ""hypothesis"": ""gelindungin"", ""langid"": ""other""}, {""operation"": ""substitution"", ""reference"": ""gitu"", ""hypothesis"": ""dirigitu"", ""langid"": ""other""}, {""operation"": ""correct"", ""reference"": ""sih"", ""hypothesis"": ""sih"", ""langid"": ""other""}]",wav2vec2,indonesian-nlp/wav2vec2-indonesian-javanese-sundanese,cpu
processed_indonesia/wav2vec2_300/02_vad/jember_045_0015.wav,Kuwi aku ya gak isa-isa renang.,tugah keagayai sridaen man,"[""other""]",unknown,1.000000,"{""other"": {""deletions"": 2, ""insertions"": 0, ""reference_words"": 6, ""substitutions"": 4, ""wer"": 1.0}}","[{""operation"": ""deletion"", ""reference"": ""kuwi"", ""hypothesis"": """", ""langid"": ""other""}, {""operation"": ""deletion"", ""reference"": ""aku"", ""hypothesis"": """", ""langid"": ""other""}, {""operation"": ""substitution"", ""reference"": ""ya"", ""hypothesis"": ""tugah"", ""langid"": ""other""}, {""operation"": ""substitution"", ""reference"": ""gak"", ""hypothesis"": ""keagayai"", ""langid"": ""other""}, {""operation"": ""substitution"", ""reference"": ""isa-isa"", ""hypothesis"": ""sridaen"", ""langid"": ""other""}, {""operation"": ""substitution"", ""reference"": ""renang"", ""hypothesis"": ""man"", ""langid"": ""other""}]",wav2vec2,indonesian-nlp/wav2vec2-indonesian-javanese-sundanese,cpu
processed_indonesia/wav2vec2_300/02_vad/jember_151_0004.wav,"Kowe bakal, kowe kêsêl bar kêrja wis nge-game bêngak terlalu kêsêl juga.",ranmola kul pakal kuwe kesperkerjaa imu sekagit band kak terlalu kesalau juga,"[""other""]",unknown,0.833333,"{""other"": {""deletions"": 0, ""insertions"": 0, ""reference_words"": 12, ""substitutions"": 10, ""wer"": 0.8333333333333334}}","[{""operation"": ""substitution"", ""reference"": ""kowe"", ""hypothesis"": ""ranmola"", ""langid"": ""other""}, {""operation"": ""substitution"", ""reference"": ""bakal"", ""hypothesis"": ""kul"", ""langid"": ""other""}, {""operation"": ""substitution"", ""reference"": ""kowe"", ""hypothesis"": ""pakal"", ""langid"": ""other""}, {""operation"": ""substitution"", ""reference"": ""kêsêl"", ""hypothesis"": ""kuwe"", ""langid"": ""other""}, {""operation"": ""substitution"", ""reference"": ""bar"", ""hypothesis"": ""kesperkerjaa"", ""langid"": ""other""}, {""operation"": ""substitution"", ""reference"": ""kêrja"", ""hypothesis"": ""imu"", ""langid"": ""other""}, {""operation"": ""substitution"", ""reference"": ""wis"", ""hypothesis"": ""sekagit"", ""langid"": ""other""}, {""operation"": ""substitution"", ""reference"": ""nge-game"", ""hypothesis"": ""band"", ""langid"": ""other""}, {""operation"": ""substitution"", ""reference"": ""bêngak"", ""hypothesis"": ""kak"", ""langid"": ""other""}, {""operation"": ""correct"", ""reference"": ""terlalu"", ""hypothesis"": ""terlalu"", ""langid"": ""other""}, {""operation"": ""substitution"", ""reference"": ""kêsêl"", ""hypothesis"": ""kesalau"", ""langid"": ""other""}, {""operation"": ""correct"", ""reference"": ""juga"", ""hypothesis"": ""juga"", ""langid"": ""other""}]",wav2vec2,indonesian-nlp/wav2vec2-indonesian-javanese-sundanese,cpu
processed_indonesia/wav2vec2_300/02_vad/jember_040_0005.wav,"Na, campur iki sing nang masjid iku.",r nan cemper ki sing nang masjid,"[""other""]",unknown,0.714286,"{""other"": {""deletions"": 1, ""insertions"": 1, ""reference_words"": 7, ""substitutions"": 3, ""wer"": 0.7142857142857143}}","[{""operation"": ""insertion"", ""reference"": """", ""hypothesis"": ""r"", ""langid"": ""other""}, {""operation"": ""substitution"", ""reference"": ""na"", ""hypothesis"": ""nan"", ""langid"": ""other""}, {""operation"": ""substitution"", ""reference"": ""campur"", ""hypothesis"": ""cemper"", ""langid"": ""other""}, {""operation"": ""substitution"", ""reference"": ""iki"", ""hypothesis"": ""ki"", ""langid"": ""other""}, {""operation"": ""correct"", ""reference"": ""sing"", ""hypothesis"": ""sing"", ""langid"": ""other""}, {""operation"": ""correct"", ""reference"": ""nang"", ""hypothesis"": ""nang"", ""langid"": ""other""}, {""operation"": ""correct"", ""reference"": ""masjid"", ""hypothesis"": ""masjid"", ""langid"": ""other""}, {""operation"": ""deletion"", ""reference"": ""iku"", ""hypothesis"": """", ""langid"": ""other""}]",wav2vec2,indonesian-nlp/wav2vec2-indonesian-javanese-sundanese,cpu
processed_indonesia/wav2vec2_300/02_vad/jember_208_0029.wav,"Soale kan, e, ya, awak dhewe iku gak ngêrti apa sing terjadi ndèk balik kehidupane uwong iku kaya apa uripe.",wong ana soale kan o yo awik dewi iku nggak ngerti apa sing terjadi balik kehidupane wong iku kaya apa uri,"[""other""]",unknown,0.550000,"{""other"": {""deletions"": 1, ""insertions"": 2, ""reference_words"": 20, ""substitutions"": 8, ""wer"": 0.55}}","[{""operation"": ""insertion"", ""reference"": """", ""hypothesis"": ""wong"", ""langid"": ""other""}, {""operation"": ""insertion"", ""reference"": """", ""hypothesis"": ""ana"", ""langid"": ""other""}, {""operation"": ""correct"", ""reference"": ""soale"", ""hypothesis"": ""soale"", ""langid"": ""other""}, {""operation"": ""correct"", ""reference"": ""kan"", ""hypothesis"": ""kan"", ""langid"": ""other""}, {""operation"": ""substitution"", ""reference"": ""e"", ""hypothesis"": ""o"", ""langid"": ""other""}, {""operation"": ""substitution"", ""reference"": ""ya"", ""hypothesis"": ""yo"", ""langid"": ""other""}, {""operation"": ""substitution"", ""reference"": ""awak"", ""hypothesis"": ""awik"", ""langid"": ""other""}, {""operation"": ""substitution"", ""reference"": ""dhewe"", ""hypothesis"": ""dewi"", ""langid"": ""other""}, {""operation"": ""correct"", ""reference"": ""iku"", ""hypothesis"": ""iku"", ""langid"": ""other""}, {""operation"": ""substitution"", ""reference"": ""gak"", ""hypothesis"": ""nggak"", ""langid"": ""other""}, {""operation"": ""substitution"", ""reference"": ""ngêrti"", ""hypothesis"": ""ngerti"", ""langid"": ""other""}, {""operation"": ""correct"", ""reference"": ""apa"", ""hypothesis"": ""apa"", ""langid"": ""other""}, {""operation"": ""correct"", ""reference"": ""sing"", ""hypothesis"": ""sing"", ""langid"": ""other""}, {""operation"": ""correct"", ""reference"": ""terjadi"", ""hypothesis"": ""terjadi"", ""langid"": ""other""}, {""operation"": ""deletion"", ""reference"": ""ndèk"", ""hypothesis"": """", ""langid"": ""other""}, {""operation"": ""correct"", ""reference"": ""balik"", ""hypothesis"": ""balik"", ""langid"": ""other""}, {""operation"": ""correct"", ""reference"": ""kehidupane"", ""hypothesis"": ""kehidupane"", ""langid"": ""other""}, {""operation"": ""substitution"", ""reference"": ""uwong"", ""hypothesis"": ""wong"", ""langid"": ""other""}, {""operation"": ""correct"", ""reference"": ""iku"", ""hypothesis"": ""iku"", ""langid"": ""other""}, {""operation"": ""correct"", ""reference"": ""kaya"", ""hypothesis"": ""kaya"", ""langid"": ""other""}, {""operation"": ""correct"", ""reference"": ""apa"", ""hypothesis"": ""apa"", ""langid"": ""other""}, {""operation"": ""substitution"", ""reference"": ""uripe"", ""hypothesis"": ""uri"", ""langid"": ""other""}]",wav2vec2,indonesian-nlp/wav2vec2-indonesian-javanese-sundanese,cpu
processed_indonesia/wav2vec2_300/02_vad/jember_201_0066.wav,"O, udu berarti wong desaku wedok ndèk kene ki gak ènèk sing penggaweane mobilitase tinggi, ngono.",uoh uduk berarti wong tesoku weduk dikini kigak enek sing penggaweane mobil tase ting,"[""other""]",unknown,0.750000,"{""other"": {""deletions"": 2, ""insertions"": 0, ""reference_words"": 16, ""substitutions"": 10, ""wer"": 0.75}}","[{""operation"": ""substitution"", ""reference"": ""o"", ""hypothesis"": ""uoh"", ""langid"": ""other""}, {""operation"": ""substitution"", ""reference"": ""udu"", ""hypothesis"": ""uduk"", ""langid"": ""other""}, {""operation"": ""correct"", ""reference"": ""berarti"", ""hypothesis"": ""berarti"", ""langid"": ""other""}, {""operation"": ""correct"", ""reference"": ""wong"", ""hypothesis"": ""wong"", ""langid"": ""other""}, {""operation"": ""deletion"", ""reference"": ""desaku"", ""hypothesis"": """", ""langid"": ""other""}, {""operation"": ""deletion"", ""reference"": ""wedok"", ""hypothesis"": """", ""langid"": ""other""}, {""operation"": ""substitution"", ""reference"": ""ndèk"", ""hypothesis"": ""tesoku"", ""langid"": ""other""}, {""operation"": ""substitution"", ""reference"": ""kene"", ""hypothesis"": ""weduk"", ""langid"": ""other""}, {""operation"": ""substitution"", ""reference"": ""ki"", ""hypothesis"": ""dikini"", ""langid"": ""other""}, {""operation"": ""substitution"", ""reference"": ""gak"", ""hypothesis"": ""kigak"", ""langid"": ""other""}, {""operation"": ""substitution"", ""reference"": ""ènèk"", ""hypothesis"": ""enek"", ""langid"": ""other""}, {""operation"": ""correct"", ""reference"": ""sing"", ""hypothesis"": ""sing"", ""langid"": ""other""}, {""operation"": ""correct"", ""reference"": ""penggaweane"", ""hypothesis"": ""penggaweane"", ""langid"": ""other""}, {""operation"": ""substitution"", ""reference"": ""mobilitase"", ""hypothesis"": ""mobil"", ""langid"": ""other""}, {""operation"": ""substitution"", ""reference"": ""tinggi"", ""hypothesis"": ""tase"", ""langid"": ""other""}, {""operation"": ""substitution"", ""reference"": ""ngono"", ""hypothesis"": ""ting"", ""langid"": ""other""}]",wav2vec2,indonesian-nlp/wav2vec2-indonesian-javanese-sundanese,cpu
processed_indonesia/wav2vec2_300/02_vad/jember_065_0055.wav,Dadi sakwise iku nggawe rencana kêrja sampèk jam têlu sore.,dadi sakwis iku nggawe rencang kerja sampek jam telu sure,"[""other""]",unknown,0.600000,"{""other"": {""deletions"": 0, ""insertions"": 0, ""reference_words"": 10, ""substitutions"": 6, ""wer"": 0.6}}","[{""operation"": ""correct"", ""reference"": ""dadi"", ""hypothesis"": ""dadi"", ""langid"": ""other""}, {""operation"": ""substitution"", ""reference"": ""sakwise"", ""hypothesis"": ""sakwis"", ""langid"": ""other""}, {""operation"": ""correct"", ""reference"": ""iku"", ""hypothesis"": ""iku"", ""langid"": ""other""}, {""operation"": ""correct"", ""reference"": ""nggawe"", ""hypothesis"": ""nggawe"", ""langid"": ""other""}, {""operation"": ""substitution"", ""reference"": ""rencana"", ""hypothesis"": ""rencang"", ""langid"": ""other""}, {""operation"": ""substitution"", ""reference"": ""kêrja"", ""hypothesis"": ""kerja"", ""langid"": ""other""}, {""operation"": ""substitution"", ""reference"": ""sampèk"", ""hypothesis"": ""sampek"", ""langid"": ""other""}, {""operation"": ""correct"", ""reference"": ""jam"", ""hypothesis"": ""jam"", ""langid"": ""other""}, {""operation"": ""substitution"", ""reference"": ""têlu"", ""hypothesis"": ""telu"", ""langid"": ""other""}, {""operation"": ""substitution"", ""reference"": ""sore"", ""hypothesis"": ""sure"", ""langid"": ""other""}]",wav2vec2,indonesian-nlp/wav2vec2-indonesian-javanese-sundanese,cpu
processed_indonesia/wav2vec2_300/02_vad/jember_205_0034.wav,Jênênge lingkungan iku kan keamanan kudune nomer siji ya.,ting banget lah jenenge lingkungan iku kan kaamanan kudune nomer siji,"[""other""]",unknown,0.666667,"{""other"": {""deletions"": 1, ""insertions"": 3, ""reference_words"": 9, ""substitutions"": 2, ""wer"": 0.6666666666666666}}","[{""operation"": ""insertion"", ""reference"": """", ""hypothesis"": ""ting"", ""langid"": ""other""}, {""operation"": ""insertion"", ""reference"": """", ""hypothesis"": ""banget"", ""langid"": ""other""}, {""operation"": ""insertion"", ""reference"": """", ""hypothesis"": ""lah"", ""langid"": ""other""}, {""operation"": ""substitution"", ""reference"": ""jênênge"", ""hypothesis"": ""jenenge"", ""langid"": ""other""}, {""operation"": ""correct"", ""reference"": ""lingkungan"", ""hypothesis"": ""lingkungan"", ""langid"": ""other""}, {""operation"": ""correct"", ""reference"": ""iku"", ""hypothesis"": ""iku"", ""langid"": ""other""}, {""operation"": ""correct"", ""reference"": ""kan"", ""hypothesis"": ""kan"", ""langid"": ""other""}, {""operation"": ""substitution"", ""reference"": ""keamanan"", ""hypothesis"": ""kaamanan"", ""langid"": ""other""}, {""operation"": ""correct"", ""reference"": ""kudune"", ""hypothesis"": ""kudune"", ""langid"": ""other""}, {""operation"": ""correct"", ""reference"": ""nomer"", ""hypothesis"": ""nomer"", ""langid"": ""other""}, {""operation"": ""correct"", ""reference"": ""siji"", ""hypothesis"": ""siji"", ""langid"": ""other""}, {""operation"": ""deletion"", ""reference"": ""ya"", ""hypothesis"": """", ""langid"": ""other""}]",wav2vec2,indonesian-nlp/wav2vec2-indonesian-javanese-sundanese,cpu
processed_indonesia/wav2vec2_300/02_vad/jember_030_0075.wav,"Nah, aku gak selalu, aku iki mêsthi  gak nutup awakku gawe kancaan a mbêk sapa wae.",nah aku a selalu aku iki mesti ke nutup awakku gawe koncoan besod ae,"[""other""]",unknown,0.500000,"{""other"": {""deletions"": 2, ""insertions"": 0, ""reference_words"": 16, ""substitutions"": 6, ""wer"": 0.5}}","[{""operation"": ""correct"", ""reference"": ""nah"", ""hypothesis"": ""nah"", ""langid"": ""other""}, {""operation"": ""correct"", ""reference"": ""aku"", ""hypothesis"": ""aku"", ""langid"": ""other""}, {""operation"": ""substitution"", ""reference"": ""gak"", ""hypothesis"": ""a"", ""langid"": ""other""}, {""operation"": ""correct"", ""reference"": ""selalu"", ""hypothesis"": ""selalu"", ""langid"": ""other""}, {""operation"": ""correct"", ""reference"": ""aku"", ""hypothesis"": ""aku"", ""langid"": ""other""}, {""operation"": ""correct"", ""reference"": ""iki"", ""hypothesis"": ""iki"", ""langid"": ""other""}, {""operation"": ""substitution"", ""reference"": ""mêsthi"", ""hypothesis"": ""mesti"", ""langid"": ""other""}, {""operation"": ""substitution"", ""reference"": ""gak"", ""hypothesis"": ""ke"", ""langid"": ""other""}, {""operation"": ""correct"", ""reference"": ""nutup"", ""hypothesis"": ""nutup"", ""langid"": ""other""}, {""operation"": ""correct"", ""reference"": ""awakku"", ""hypothesis"": ""awakku"", ""langid"": ""other""}, {""operation"": ""correct"", ""reference"": ""gawe"", ""hypothesis"": ""gawe"", ""langid"": ""other""}, {""operation"": ""deletion"", ""reference"": ""kancaan"", ""hypothesis"": """", ""langid"": ""other""}, {""operation"": ""deletion"", ""reference"": ""a"", ""hypothesis"": """", ""langid"": ""other""}, {""operation"": ""substitution"", ""reference"": ""mbêk"", ""hypothesis"": ""koncoan"", ""langid"": ""other""}, {""operation"": ""substitution"", ""reference"": ""sapa"", ""hypothesis"": ""besod"", ""langid"": ""other""}, {""operation"": ""substitution"", ""reference"": ""wae"", ""hypothesis"": ""ae"", ""langid"": ""other""}]",wav2vec2,indonesian-nlp/wav2vec2-indonesian-javanese-sundanese,cpu
processed_indonesia/wav2vec2_300/02_vad/jember_122_0001.wav,"Cuma akhire pas aku nggarap skripsi, těrus kangèlan-kangèlan, nggolèk sumber, e, sulite ya, angèle ya mêrga salah sijine awake dhewe kudu isa, e, nggarap bahasa pemrograman, nggarap coding, nggarap, e, prop, perkara-perkara statistik iku ya kangèlan.",na cuma ajhire pas aku nggarap skripsi terus kakelan kangelan golek sumber el suliteo angele werga salah siji ri lau dewe kudu isa e nggarap bahasa bumrograma garap mudi ngarap e peproepperkorporcoo statistik kikkuya,"[""other""]",unknown,0.694444,"{""other"": {""deletions"": 3, ""insertions"": 1, ""reference_words"": 36, ""substitutions"": 21, ""wer"": 0.6944444444444444}}","[{""operation"": ""insertion"", ""reference"": """", ""hypothesis"": ""na"", ""langid"": ""other""}, {""operation"": ""correct"", ""reference"": ""cuma"", ""hypothesis"": ""cuma"", ""langid"": ""other""}, {""operation"": ""substitution"", ""reference"": ""akhire"", ""hypothesis"": ""ajhire"", ""langid"": ""other""}, {""operation"": ""correct"", ""reference"": ""pas"", ""hypothesis"": ""pas"", ""langid"": ""other""}, {""operation"": ""correct"", ""reference"": ""aku"", ""hypothesis"": ""aku"", ""langid"": ""other""}, {""operation"": ""correct"", ""reference"": ""nggarap"", ""hypothesis"": ""nggarap"", ""langid"": ""other""}, {""operation"": ""correct"", ""reference"": ""skripsi"", ""hypothesis"": ""skripsi"", ""langid"": ""other""}, {""operation"": ""substitution"", ""reference"": ""těrus"", ""hypothesis"": ""terus"", ""langid"": ""other""}, {""operation"": ""substitution"", ""reference"": ""kangèlan-kangèlan"", ""hypothesis"": ""kakelan"", ""langid"": ""other""}, {""operation"": ""substitution"", ""reference"": ""nggolèk"", ""hypothesis"": ""kangelan"", ""langid"": ""other""}, {""operation"": ""substitution"", ""reference"": ""sumber"", ""hypothesis"": ""golek"", ""langid"": ""other""}, {""operation"": ""substitution"", ""reference"": ""e"", ""hypothesis"": ""sumber"", ""langid"": ""other""}, {""operation"": ""substitution"", ""reference"": ""sulite"", ""hypothesis"": ""el"", ""langid"": ""other""}, {""operation"": ""substitution"", ""reference"": ""ya"", ""hypothesis"": ""suliteo"", ""langid"": ""other""}, {""operation"": ""substitution"", ""reference"": ""angèle"", ""hypothesis"": ""angele"", ""langid"": ""other""}, {""operation"": ""substitution"", ""reference"": ""ya"", ""hypothesis"": ""werga"", ""langid"": ""other""}, {""operation"": ""substitution"", ""reference"": ""mêrga"", ""hypothesis"": ""salah"", ""langid"": ""other""}, {""operation"": ""substitution"", ""reference"": ""salah"", ""hypothesis"": ""siji"", ""langid"": ""other""}, {""operation"": ""substitution"", ""reference"": ""sijine"", ""hypothesis"": ""ri"", ""langid"": ""other""}, {""operation"": ""substitution"", ""reference"": ""awake"", ""hypothesis"": ""lau"", ""langid"": ""other""}, {""operation"": ""substitution"", ""reference"": ""dhewe"", ""hypothesis"": ""dewe"", ""langid"": ""other""}, {""operation"": ""correct"", ""reference"": ""kudu"", ""hypothesis"": ""kudu"", ""langid"": ""other""}, {""operation"": ""correct"", ""reference"": ""isa"", ""hypothesis"": ""isa"", ""langid"": ""other""}, {""operation"": ""correct"", ""reference"": ""e"", ""hypothesis"": ""e"", ""langid"": ""other""}, {""operation"": ""correct"", ""reference"": ""nggarap"", ""hypothesis"": ""nggarap"", ""langid"": ""other""}, {""operation"": ""correct"", ""reference"": ""bahasa"", ""hypothesis"": ""bahasa"", ""langid"": ""other""}, {""operation"": ""substitution"", ""reference"": ""pemrograman"", ""hypothesis"": ""bumrograma"", ""langid"": ""other""}, {""operation"": ""substitution"", ""reference"": ""nggarap"", ""hypothesis"": ""garap"", ""langid"": ""other""}, {""operation"": ""substitution"", ""reference"": ""coding"", ""hypothesis"": ""mudi"", ""langid"": ""other""}, {""operation"": ""substitution"", ""reference"": ""nggarap"", ""hypothesis"": ""ngarap"", ""langid"": ""other""}, {""operation"": ""correct"", ""reference"": ""e"", ""hypothesis"": ""e"", ""langid"": ""other""}, {""operation"": ""deletion"", ""reference"": ""prop"", ""hypothesis"": """", ""langid"": ""other""}, {""operation"": ""substitution"", ""reference"": ""perkara-perkara"", ""hypothesis"": ""peproepperkorporcoo"", ""langid"": ""other""}, {""operation"": ""correct"", ""reference"": ""statistik"", ""hypothesis"": ""statistik"", ""langid"": ""other""}, {""operation"": ""deletion"", ""reference"": ""iku"", ""hypothesis"": """", ""langid"": ""other""}, {""operation"": ""deletion"", ""reference"": ""ya"", ""hypothesis"": """", ""langid"": ""other""}, {""operation"": ""substitution"", ""reference"": ""kangèlan"", ""hypothesis"": ""kikkuya"", ""langid"": ""other""}]",wav2vec2,indonesian-nlp/wav2vec2-indonesian-javanese-sundanese,cpu
processed_indonesia/wav2vec2_300/02_vad/jember_048_0069.wav,"Dadi aku sebelum a mbêk arèk saiki, iku pêrnah kan menjalin hubungan. Dan, iku kêtêmu a mbêk, e..., arèk lanang sing de'e iku kalem, act of service bangêt,",tiaku sebelum ambek arek saiki iku pernah kan menjarin hubungan deng iku ketemu amek e arek laens sing dheke iku kalemm exosservisban,"[""other""]",unknown,0.714286,"{""other"": {""deletions"": 6, ""insertions"": 0, ""reference_words"": 28, ""substitutions"": 14, ""wer"": 0.7142857142857143}}","[{""operation"": ""deletion"", ""reference"": ""dadi"", ""hypothesis"": """", ""langid"": ""other""}, {""operation"": ""substitution"", ""reference"": ""aku"", ""hypothesis"": ""tiaku"", ""langid"": ""other""}, {""operation"": ""correct"", ""reference"": ""sebelum"", ""hypothesis"": ""sebelum"", ""langid"": ""other""}, {""operation"": ""deletion"", ""reference"": ""a"", ""hypothesis"": """", ""langid"": ""other""}, {""operation"": ""substitution"", ""reference"": ""mbêk"", ""hypothesis"": ""ambek"", ""langid"": ""other""}, {""operation"": ""substitution"", ""reference"": ""arèk"", ""hypothesis"": ""arek"", ""langid"": ""other""}, {""operation"": ""correct"", ""reference"": ""saiki"", ""hypothesis"": ""saiki"", ""langid"": ""other""}, {""operation"": ""correct"", ""reference"": ""iku"", ""hypothesis"": ""iku"", ""langid"": ""other""}, {""operation"": ""substitution"", ""reference"": ""pêrnah"", ""hypothesis"": ""pernah"", ""langid"": ""other""}, {""operation"": ""correct"", ""reference"": ""kan"", ""hypothesis"": ""kan"", ""langid"": ""other""}, {""operation"": ""substitution"", ""reference"": ""menjalin"", ""hypothesis"": ""menjarin"", ""langid"": ""other""}, {""operation"": ""correct"", ""reference"": ""hubungan"", ""hypothesis"": ""hubungan"", ""langid"": ""other""}, {""operation"": ""substitution"", ""reference"": ""dan"", ""hypothesis"": ""deng"", ""langid"": ""other""}, {""operation"": ""correct"", ""reference"": ""iku"", ""hypothesis"": ""iku"", ""langid"": ""other""}, {""operation"": ""deletion"", ""reference"": ""kêtêmu"", ""hypothesis"": """", ""langid"": ""other""}, {""operation"": ""substitution"", ""reference"": ""a"", ""hypothesis"": ""ketemu"", ""langid"": ""other""}, {""operation"": ""substitution"", ""reference"": ""mbêk"", ""hypothesis"": ""amek"", ""langid"": ""other""}, {""operation"": ""substitution"", ""reference"": ""e..."", ""hypothesis"": ""e"", ""langid"": ""other""}, {""operation"": ""substitution"", ""reference"": ""arèk"", ""hypothesis"": ""arek"", ""langid"": ""other""}, {""operation"": ""substitution"", ""reference"": ""lanang"", ""hypothesis"": ""laens"", ""langid"": ""other""}, {""operation"": ""correct"", ""reference"": ""sing"", ""hypothesis"": ""sing"", ""langid"": ""other""}, {""operation"": ""substitution"", ""reference"": ""de'e"", ""hypothesis"": ""dheke"", ""langid"": ""other""}, {""operation"": ""correct"", ""reference"": ""iku"", ""hypothesis"": ""iku"", ""langid"": ""other""}, {""operation"": ""deletion"", ""reference"": ""kalem"", ""hypothesis"": """", ""langid"": ""other""}, {""operation"": ""deletion"", ""reference"": ""act"", ""hypothesis"": """", ""langid"": ""other""}, {""operation"": ""deletion"", ""reference"": ""of"", ""hypothesis"": """", ""langid"": ""other""}, {""operation"": ""substitution"", ""reference"": ""service"", ""hypothesis"": ""kalemm"", ""langid"": ""other""}, {""operation"": ""substitution"", ""reference"": ""bangêt"", ""hypothesis"": ""exosservisban"", ""langid"": ""other""}]",wav2vec2,indonesian-nlp/wav2vec2-indonesian-javanese-sundanese,cpu
processed_indonesia/wav2vec2_300/02_vad/jember_040_0004.wav,"Těrus bapak-bapak, ibu-ibu, karo campur.",redok iyok trus bapak bapak idu ibuk karo campo,"[""other""]",unknown,1.600000,"{""other"": {""deletions"": 0, ""insertions"": 4, ""reference_words"": 5, ""substitutions"": 4, ""wer"": 1.6}}","[{""operation"": ""insertion"", ""reference"": """", ""hypothesis"": ""redok"", ""langid"": ""other""}, {""operation"": ""insertion"", ""reference"": """", ""hypothesis"": ""iyok"", ""langid"": ""other""}, {""operation"": ""insertion"", ""reference"": """", ""hypothesis"": ""trus"", ""langid"": ""other""}, {""operation"": ""insertion"", ""reference"": """", ""hypothesis"": ""bapak"", ""langid"": ""other""}, {""operation"": ""substitution"", ""reference"": ""těrus"", ""hypothesis"": ""bapak"", ""langid"": ""other""}, {""operation"": ""substitution"", ""reference"": ""bapak-bapak"", ""hypothesis"": ""idu"", ""langid"": ""other""}, {""operation"": ""substitution"", ""reference"": ""ibu-ibu"", ""hypothesis"": ""ibuk"", ""langid"": ""other""}, {""operation"": ""correct"", ""reference"": ""karo"", ""hypothesis"": ""karo"", ""langid"": ""other""}, {""operation"": ""substitution"", ""reference"": ""campur"", ""hypothesis"": ""campo"", ""langid"": ""other""}]",wav2vec2,indonesian-nlp/wav2vec2-indonesian-javanese-sundanese,cpu
processed_indonesia/wav2vec2_300/02_vad/jember_183_0004.wav,"Lèk aku kan sênênge kan ndèk alam kan Mbak, soale adhêm kan, enak kan, dan iku pênting nggawe awake dhewe, gawe healing lah.",mta lak aku kan senenge kan ndialam membak soale adem kaan enak kan dan iku penting gawe alette dhewe yang u gawenag hleta,"[""other""]",unknown,0.695652,"{""other"": {""deletions"": 2, ""insertions"": 2, ""reference_words"": 23, ""substitutions"": 12, ""wer"": 0.6956521739130435}}","[{""operation"": ""insertion"", ""reference"": """", ""hypothesis"": ""mta"", ""langid"": ""other""}, {""operation"": ""substitution"", ""reference"": ""lèk"", ""hypothesis"": ""lak"", ""langid"": ""other""}, {""operation"": ""correct"", ""reference"": ""aku"", ""hypothesis"": ""aku"", ""langid"": ""other""}, {""operation"": ""correct"", ""reference"": ""kan"", ""hypothesis"": ""kan"", ""langid"": ""other""}, {""operation"": ""substitution"", ""reference"": ""sênênge"", ""hypothesis"": ""senenge"", ""langid"": ""other""}, {""operation"": ""correct"", ""reference"": ""kan"", ""hypothesis"": ""kan"", ""langid"": ""other""}, {""operation"": ""deletion"", ""reference"": ""ndèk"", ""hypothesis"": """", ""langid"": ""other""}, {""operation"": ""deletion"", ""reference"": ""alam"", ""hypothesis"": """", ""langid"": ""other""}, {""operation"": ""substitution"", ""reference"": ""kan"", ""hypothesis"": ""ndialam"", ""langid"": ""other""}, {""operation"": ""substitution"", ""reference"": ""Mbak"", ""hypothesis"": ""membak"", ""langid"": ""other""}, {""operation"": ""correct"", ""reference"": ""soale"", ""hypothesis"": ""soale"", ""langid"": ""other""}, {""operation"": ""substitution"", ""reference"": ""adhêm"", ""hypothesis"": ""adem"", ""langid"": ""other""}, {""operation"": ""substitution"", ""reference"": ""kan"", ""hypothesis"": ""kaan"", ""langid"": ""other""}, {""operation"": ""correct"", ""reference"": ""enak"", ""hypothesis"": ""enak"", ""langid"": ""other""}, {""operation"": ""correct"", ""reference"": ""kan"", ""hypothesis"": ""kan"", ""langid"": ""other""}, {""operation"": ""correct"", ""reference"": ""dan"", ""hypothesis"": ""dan"", ""langid"": ""other""}, {""operation"": ""correct"", ""reference"": ""iku"", ""hypothesis"": ""iku"", ""langid"": ""other""}, {""operation"": ""substitution"", ""reference"": ""pênting"", ""hypothesis"": ""penting"", ""langid"": ""other""}, {""operation"": ""substitution"", ""reference"": ""nggawe"", ""hypothesis"": ""gawe"", ""langid"": ""other""}, {""operation"": ""substitution"", ""reference"": ""awake"", ""hypothesis"": ""alette"", ""langid"": ""other""}, {""operation"": ""correct"", ""reference"": ""dhewe"", ""hypothesis"": ""dhewe"", ""langid"": ""other""}, {""operation"": ""insertion"", ""reference"": """", ""hypothesis"": ""yang"", ""langid"": ""other""}, {""operation"": ""substitution"", ""reference"": ""gawe"", ""hypothesis"": ""u"", ""langid"": ""other""}, {""operation"": ""substitution"", ""reference"": ""healing"", ""hypothesis"": ""gawenag"", ""langid"": ""other""}, {""operation"": ""substitution"", ""reference"": ""lah"", ""hypothesis"": ""hleta"", ""langid"": ""other""}]",wav2vec2,indonesian-nlp/wav2vec2-indonesian-javanese-sundanese,cpu
processed_indonesia/wav2vec2_300/02_vad/jember_107_0103.wav,"Nah, jare, nèk jare tanggaku iku mbiyèn, o, gak nguwoh, o, paling gak cocok, ngono.",ngajare nekjare tanggoku iku mbiyen o gak nguopalig gak cot,"[""other""]",unknown,0.733333,"{""other"": {""deletions"": 5, ""insertions"": 0, ""reference_words"": 15, ""substitutions"": 6, ""wer"": 0.7333333333333333}}","[{""operation"": ""deletion"", ""reference"": ""nah"", ""hypothesis"": """", ""langid"": ""other""}, {""operation"": ""deletion"", ""reference"": ""jare"", ""hypothesis"": """", ""langid"": ""other""}, {""operation"": ""substitution"", ""reference"": ""nèk"", ""hypothesis"": ""ngajare"", ""langid"": ""other""}, {""operation"": ""substitution"", ""reference"": ""jare"", ""hypothesis"": ""nekjare"", ""langid"": ""other""}, {""operation"": ""substitution"", ""reference"": ""tanggaku"", ""hypothesis"": ""tanggoku"", ""langid"": ""other""}, {""operation"": ""correct"", ""reference"": ""iku"", ""hypothesis"": ""iku"", ""langid"": ""other""}, {""operation"": ""substitution"", ""reference"": ""mbiyèn"", ""hypothesis"": ""mbiyen"", ""langid"": ""other""}, {""operation"": ""correct"", ""reference"": ""o"", ""hypothesis"": ""o"", ""langid"": ""other""}, {""operation"": ""correct"", ""reference"": ""gak"", ""hypothesis"": ""gak"", ""langid"": ""other""}, {""operation"": ""deletion"", ""reference"": ""nguwoh"", ""hypothesis"": """", ""langid"": ""other""}, {""operation"": ""deletion"", ""reference"": ""o"", ""hypothesis"": """", ""langid"": ""other""}, {""operation"": ""substitution"", ""reference"": ""paling"", ""hypothesis"": ""nguopalig"", ""langid"": ""other""}, {""operation"": ""correct"", ""reference"": ""gak"", ""hypothesis"": ""gak"", ""langid"": ""other""}, {""operation"": ""deletion"", ""reference"": ""cocok"", ""hypothesis"": """", ""langid"": ""other""}, {""operation"": ""substitution"", ""reference"": ""ngono"", ""hypothesis"": ""cot"", ""langid"": ""other""}]",wav2vec2,indonesian-nlp/wav2vec2-indonesian-javanese-sundanese,cpu
processed_indonesia/wav2vec2_300/02_vad/jember_201_0011.wav,"Nah, pekerjaan ndèk sawah sing cenderung, e, luwih gampang utawa sing gak mbutuhne fisik abot-abot, iku biasane dikêrjakne mbèk wong wedok.",wong lanannah pekerjaan mbek sawah sing cenderung eluwih gampang utawa sing gak mbutuhne fisik abot apo iku biasani dikerjaane mbek,"[""other""]",unknown,0.571429,"{""other"": {""deletions"": 2, ""insertions"": 1, ""reference_words"": 21, ""substitutions"": 9, ""wer"": 0.5714285714285714}}","[{""operation"": ""insertion"", ""reference"": """", ""hypothesis"": ""wong"", ""langid"": ""other""}, {""operation"": ""substitution"", ""reference"": ""nah"", ""hypothesis"": ""lanannah"", ""langid"": ""other""}, {""operation"": ""correct"", ""reference"": ""pekerjaan"", ""hypothesis"": ""pekerjaan"", ""langid"": ""other""}, {""operation"": ""substitution"", ""reference"": ""ndèk"", ""hypothesis"": ""mbek"", ""langid"": ""other""}, {""operation"": ""correct"", ""reference"": ""sawah"", ""hypothesis"": ""sawah"", ""langid"": ""other""}, {""operation"": ""correct"", ""reference"": ""sing"", ""hypothesis"": ""sing"", ""langid"": ""other""}, {""operation"": ""correct"", ""reference"": ""cenderung"", ""hypothesis"": ""cenderung"", ""langid"": ""other""}, {""operation"": ""deletion"", ""reference"": ""e"", ""hypothesis"": """", ""langid"": ""other""}, {""operation"": ""substitution"", ""reference"": ""luwih"", ""hypothesis"": ""eluwih"", ""langid"": ""other""}, {""operation"": ""correct"", ""reference"": ""gampang"", ""hypothesis"": ""gampang"", ""langid"": ""other""}, {""operation"": ""correct"", ""reference"": ""utawa"", ""hypothesis"": ""utawa"", ""langid"": ""other""}, {""operation"": ""correct"", ""reference"": ""sing"", ""hypothesis"": ""sing"", ""langid"": ""other""}, {""operation"": ""correct"", ""reference"": ""gak"", ""hypothesis"": ""gak"", ""langid"": ""other""}, {""operation"": ""correct"", ""reference"": ""mbutuhne"", ""hypothesis"": ""mbutuhne"", ""langid"": ""other""}, {""operation"": ""correct"", ""reference"": ""fisik"", ""hypothesis"": ""fisik"", ""langid"": ""other""}, {""operation"": ""deletion"", ""reference"": ""abot-abot"", ""hypothesis"": """", ""langid"": ""other""}, {""operation"": ""substitution"", ""reference"": ""iku"", ""hypothesis"": ""abot"", ""langid"": ""other""}, {""operation"": ""substitution"", ""reference"": ""biasane"", ""hypothesis"": ""apo"", ""langid"": ""other""}, {""operation"": ""substitution"", ""reference"": ""dikêrjakne"", ""hypothesis"": ""iku"", ""langid"": ""other""}, {""operation"": ""substitution"", ""reference"": ""mbèk"", ""hypothesis"": ""biasani"", ""langid"": ""other""}, {""operation"": ""substitution"", ""reference"": ""wong"", ""hypothesis"": ""dikerjaane"", ""langid"": ""other""}, {""operation"": ""substitution"", ""reference"": ""wedok"", ""hypothesis"": ""mbek"", ""langid"": ""other""}]",wav2vec2,indonesian-nlp/wav2vec2-indonesian-javanese-sundanese,cpu
processed_indonesia/wav2vec2_300/02_vad/jember_203_0046.wav,"O..., ana sing wong iku nyaman kêrja mulai isuk bar subuh ngono ya nyaman ngono ya gak papa.",wedoyo o ono sing wong iku nyaman kerja mulai isuk barsubungano ya nyaman ya gak papa,"[""other""]",unknown,0.444444,"{""other"": {""deletions"": 3, ""insertions"": 1, ""reference_words"": 18, ""substitutions"": 4, ""wer"": 0.4444444444444444}}","[{""operation"": ""insertion"", ""reference"": """", ""hypothesis"": ""wedoyo"", ""langid"": ""other""}, {""operation"": ""substitution"", ""reference"": ""o..."", ""hypothesis"": ""o"", ""langid"": ""other""}, {""operation"": ""substitution"", ""reference"": ""ana"", ""hypothesis"": ""ono"", ""langid"": ""other""}, {""operation"": ""correct"", ""reference"": ""sing"", ""hypothesis"": ""sing"", ""langid"": ""other""}, {""operation"": ""correct"", ""reference"": ""wong"", ""hypothesis"": ""wong"", ""langid"": ""other""}, {""operation"": ""correct"", ""reference"": ""iku"", ""hypothesis"": ""iku"", ""langid"": ""other""}, {""operation"": ""correct"", ""reference"": ""nyaman"", ""hypothesis"": ""nyaman"", ""langid"": ""other""}, {""operation"": ""substitution"", ""reference"": ""kêrja"", ""hypothesis"": ""kerja"", ""langid"": ""other""}, {""operation"": ""correct"", ""reference"": ""mulai"", ""hypothesis"": ""mulai"", ""langid"": ""other""}, {""operation"": ""correct"", ""reference"": ""isuk"", ""hypothesis"": ""isuk"", ""langid"": ""other""}, {""operation"": ""deletion"", ""reference"": ""bar"", ""hypothesis"": """", ""langid"": ""other""}, {""operation"": ""deletion"", ""reference"": ""subuh"", ""hypothesis"": """", ""langid"": ""other""}, {""operation"": ""substitution"", ""reference"": ""ngono"", ""hypothesis"": ""barsubungano"", ""langid"": ""other""}, {""operation"": ""correct"", ""reference"": ""ya"", ""hypothesis"": ""ya"", ""langid"": ""other""}, {""operation"": ""correct"", ""reference"": ""nyaman"", ""hypothesis"": ""nyaman"", ""langid"": ""other""}, {""operation"": ""deletion"", ""reference"": ""ngono"", ""hypothesis"": """", ""langid"": ""other""}, {""operation"": ""correct"", ""reference"": ""ya"", ""hypothesis"": ""ya"", ""langid"": ""other""}, {""operation"": ""correct"", ""reference"": ""gak"", ""hypothesis"": ""gak"", ""langid"": ""other""}, {""operation"": ""correct"", ""reference"": ""papa"", ""hypothesis"": ""papa"", ""langid"": ""other""}]",wav2vec2,indonesian-nlp/wav2vec2-indonesian-javanese-sundanese,cpu
processed_indonesia/wav2vec2_300/02_vad/jember_026_0002.wav,"Ya loss, Mbak, lèk nèng ngomahku iku lanang wedok.",ya losbak lening omahku gulan a wit,"[""other""]",unknown,0.888889,"{""other"": {""deletions"": 2, ""insertions"": 0, ""reference_words"": 9, ""substitutions"": 6, ""wer"": 0.8888888888888888}}","[{""operation"": ""correct"", ""reference"": ""ya"", ""hypothesis"": ""ya"", ""langid"": ""other""}, {""operation"": ""deletion"", ""reference"": ""loss"", ""hypothesis"": """", ""langid"": ""other""}, {""operation"": ""deletion"", ""reference"": ""Mbak"", ""hypothesis"": """", ""langid"": ""other""}, {""operation"": ""substitution"", ""reference"": ""lèk"", ""hypothesis"": ""losbak"", ""langid"": ""other""}, {""operation"": ""substitution"", ""reference"": ""nèng"", ""hypothesis"": ""lening"", ""langid"": ""other""}, {""operation"": ""substitution"", ""reference"": ""ngomahku"", ""hypothesis"": ""omahku"", ""langid"": ""other""}, {""operation"": ""substitution"", ""reference"": ""iku"", ""hypothesis"": ""gulan"", ""langid"": ""other""}, {""operation"": ""substitution"", ""reference"": ""lanang"", ""hypothesis"": ""a"", ""langid"": ""other""}, {""operation"": ""substitution"", ""reference"": ""wedok"", ""hypothesis"": ""wit"", ""langid"": ""other""}]",wav2vec2,indonesian-nlp/wav2vec2-indonesian-javanese-sundanese,cpu
processed_indonesia/wav2vec2_300/02_vad/jember_185_0094.wav,"Kaya, těrus, lèk ndèkèk tas, nyangklong tas iku juga sing ati-ati.",ogola kayok trus lek ndekek tas nyangklong tas iku juga sing ati at,"[""other""]",unknown,0.636364,"{""other"": {""deletions"": 0, ""insertions"": 2, ""reference_words"": 11, ""substitutions"": 5, ""wer"": 0.6363636363636364}}","[{""operation"": ""insertion"", ""reference"": """", ""hypothesis"": ""ogola"", ""langid"": ""other""}, {""operation"": ""substitution"", ""reference"": ""kaya"", ""hypothesis"": ""kayok"", ""langid"": ""other""}, {""operation"": ""substitution"", ""reference"": ""těrus"", ""hypothesis"": ""trus"", ""langid"": ""other""}, {""operation"": ""substitution"", ""reference"": ""lèk"", ""hypothesis"": ""lek"", ""langid"": ""other""}, {""operation"": ""substitution"", ""reference"": ""ndèkèk"", ""hypothesis"": ""ndekek"", ""langid"": ""other""}, {""operation"": ""correct"", ""reference"": ""tas"", ""hypothesis"": ""tas"", ""langid"": ""other""}, {""operation"": ""correct"", ""reference"": ""nyangklong"", ""hypothesis"": ""nyangklong"", ""langid"": ""other""}, {""operation"": ""correct"", ""reference"": ""tas"", ""hypothesis"": ""tas"", ""langid"": ""other""}, {""operation"": ""correct"", ""reference"": ""iku"", ""hypothesis"": ""iku"", ""langid"": ""other""}, {""operation"": ""correct"", ""reference"": ""juga"", ""hypothesis"": ""juga"", ""langid"": ""other""}, {""operation"": ""correct"", ""reference"": ""sing"", ""hypothesis"": ""sing"", ""langid"": ""other""}, {""operation"": ""insertion"", ""reference"": """", ""hypothesis"": ""ati"", ""langid"": ""other""}, {""operation"": ""substitution"", ""reference"": ""ati-ati"", ""hypothesis"": ""at"", ""langid"": ""other""}]",wav2vec2,indonesian-nlp/wav2vec2-indonesian-javanese-sundanese,cpu
processed_indonesia/wav2vec2_300/02_vad/jember_109_0013.wav,"Cuma aku wingi ndêlok bandarane iku kaya, apa ya, kaya istana lolipop ngono.",sawan aya cemu aku wingi ndelok gandalan nekukayok apakayak istana lolingpebngh,"[""other""]",unknown,0.923077,"{""other"": {""deletions"": 2, ""insertions"": 0, ""reference_words"": 13, ""substitutions"": 10, ""wer"": 0.9230769230769231}}","[{""operation"": ""deletion"", ""reference"": ""cuma"", ""hypothesis"": """", ""langid"": ""other""}, {""operation"": ""substitution"", ""reference"": ""aku"", ""hypothesis"": ""sawan"", ""langid"": ""other""}, {""operation"": ""substitution"", ""reference"": ""wingi"", ""hypothesis"": ""aya"", ""langid"": ""other""}, {""operation"": ""substitution"", ""reference"": ""ndêlok"", ""hypothesis"": ""cemu"", ""langid"": ""other""}, {""operation"": ""substitution"", ""reference"": ""bandarane"", ""hypothesis"": ""aku"", ""langid"": ""other""}, {""operation"": ""substitution"", ""reference"": ""iku"", ""hypothesis"": ""wingi"", ""langid"": ""other""}, {""operation"": ""substitution"", ""reference"": ""kaya"", ""hypothesis"": ""ndelok"", ""langid"": ""other""}, {""operation"": ""substitution"", ""reference"": ""apa"", ""hypothesis"": ""gandalan"", ""langid"": ""other""}, {""operation"": ""substitution"", ""reference"": ""ya"", ""hypothesis"": ""nekukayok"", ""langid"": ""other""}, {""operation"": ""substitution"", ""reference"": ""kaya"", ""hypothesis"": ""apakayak"", ""langid"": ""other""}, {""operation"": ""correct"", ""reference"": ""istana"", ""hypothesis"": ""istana"", ""langid"": ""other""}, {""operation"": ""deletion"", ""reference"": ""lolipop"", ""hypothesis"": """", ""langid"": ""other""}, {""operation"": ""substitution"", ""reference"": ""ngono"", ""hypothesis"": ""lolingpebngh"", ""langid"": ""other""}]",wav2vec2,indonesian-nlp/wav2vec2-indonesian-javanese-sundanese,cpu
processed_indonesia/wav2vec2_300/02_vad/jember_138_0001.wav,"E, gawe selama iki rasane, e, gak ngrasa iki sih, apa jênênge, gak rukun sih.",gawe selama iki rasa ne oh gak ngerosa ikisi pujanngi gak rugunse,"[""other""]",unknown,0.733333,"{""other"": {""deletions"": 3, ""insertions"": 0, ""reference_words"": 15, ""substitutions"": 8, ""wer"": 0.7333333333333333}}","[{""operation"": ""deletion"", ""reference"": ""e"", ""hypothesis"": """", ""langid"": ""other""}, {""operation"": ""correct"", ""reference"": ""gawe"", ""hypothesis"": ""gawe"", ""langid"": ""other""}, {""operation"": ""correct"", ""reference"": ""selama"", ""hypothesis"": ""selama"", ""langid"": ""other""}, {""operation"": ""correct"", ""reference"": ""iki"", ""hypothesis"": ""iki"", ""langid"": ""other""}, {""operation"": ""deletion"", ""reference"": ""rasane"", ""hypothesis"": """", ""langid"": ""other""}, {""operation"": ""substitution"", ""reference"": ""e"", ""hypothesis"": ""rasa"", ""langid"": ""other""}, {""operation"": ""substitution"", ""reference"": ""gak"", ""hypothesis"": ""ne"", ""langid"": ""other""}, {""operation"": ""substitution"", ""reference"": ""ngrasa"", ""hypothesis"": ""oh"", ""langid"": ""other""}, {""operation"": ""substitution"", ""reference"": ""iki"", ""hypothesis"": ""gak"", ""langid"": ""other""}, {""operation"": ""substitution"", ""reference"": ""sih"", ""hypothesis"": ""ngerosa"", ""langid"": ""other""}, {""operation"": ""substitution"", ""reference"": ""apa"", ""hypothesis"": ""ikisi"", ""langid"": ""other""}, {""operation"": ""substitution"", ""reference"": ""jênênge"", ""hypothesis"": ""pujanngi"", ""langid"": ""other""}, {""operation"": ""correct"", ""reference"": ""gak"", ""hypothesis"": ""gak"", ""langid"": ""other""}, {""operation"": ""deletion"", ""reference"": ""rukun"", ""hypothesis"": """", ""langid"": ""other""}, {""operation"": ""substitution"", ""reference"": ""sih"", ""hypothesis"": ""rugunse"", ""langid"": ""other""}]",wav2vec2,indonesian-nlp/wav2vec2-indonesian-javanese-sundanese,cpu
processed_indonesia/wav2vec2_300/02_vad/jember_189_0015.wav,Dadine ana situasi-situasi sik marai de'e isa bangga.,iso bangga jadi ne ana situasi situasi sing marai dhee sobangga,"[""other""]",unknown,1.250000,"{""other"": {""deletions"": 0, ""insertions"": 3, ""reference_words"": 8, ""substitutions"": 7, ""wer"": 1.25}}","[{""operation"": ""insertion"", ""reference"": """", ""hypothesis"": ""iso"", ""langid"": ""other""}, {""operation"": ""insertion"", ""reference"": """", ""hypothesis"": ""bangga"", ""langid"": ""other""}, {""operation"": ""insertion"", ""reference"": """", ""hypothesis"": ""jadi"", ""langid"": ""other""}, {""operation"": ""substitution"", ""reference"": ""dadine"", ""hypothesis"": ""ne"", ""langid"": ""other""}, {""operation"": ""correct"", ""reference"": ""ana"", ""hypothesis"": ""ana"", ""langid"": ""other""}, {""operation"": ""substitution"", ""reference"": ""situasi-situasi"", ""hypothesis"": ""situasi"", ""langid"": ""other""}, {""operation"": ""substitution"", ""reference"": ""sik"", ""hypothesis"": ""situasi"", ""langid"": ""other""}, {""operation"": ""substitution"", ""reference"": ""marai"", ""hypothesis"": ""sing"", ""langid"": ""other""}, {""operation"": ""substitution"", ""reference"": ""de'e"", ""hypothesis"": ""marai"", ""langid"": ""other""}, {""operation"": ""substitution"", ""reference"": ""isa"", ""hypothesis"": ""dhee"", ""langid"": ""other""}, {""operation"": ""substitution"", ""reference"": ""bangga"", ""hypothesis"": ""sobangga"", ""langid"": ""other""}]",wav2vec2,indonesian-nlp/wav2vec2-indonesian-javanese-sundanese,cpu
processed_indonesia/wav2vec2_300/02_vad/jember_185_0077.wav,"Lho, ya apa?, ngono lho.",kak isha mesndoya apa,"[""other""]",unknown,1.000000,"{""other"": {""deletions"": 1, ""insertions"": 0, ""reference_words"": 5, ""substitutions"": 4, ""wer"": 1.0}}","[{""operation"": ""deletion"", ""reference"": ""lho"", ""hypothesis"": """", ""langid"": ""other""}, {""operation"": ""substitution"", ""reference"": ""ya"", ""hypothesis"": ""kak"", ""langid"": ""other""}, {""operation"": ""substitution"", ""reference"": ""apa"", ""hypothesis"": ""isha"", ""langid"": ""other""}, {""operation"": ""substitution"", ""reference"": ""ngono"", ""hypothesis"": ""mesndoya"", ""langid"": ""other""}, {""operation"": ""substitution"", ""reference"": ""lho"", ""hypothesis"": ""apa"", ""langid"": ""other""}]",wav2vec2,indonesian-nlp/wav2vec2-indonesian-javanese-sundanese,cpu
processed_indonesia/wav2vec2_300/02_vad/jember_173_0002.wav,"Dadine awal taun 2025 iki, aku kan isih iki, apa jênênge ana ya rong taun lah olèh rong taun setengah apa itungane lah.",n ya dadine awal taun rong ewu selawe iki aku kan iseh iki kepojenenge ono yould rong tau lah oleh rong taun setengah wak itu,"[""other""]",unknown,0.652174,"{""other"": {""deletions"": 2, ""insertions"": 4, ""reference_words"": 23, ""substitutions"": 9, ""wer"": 0.6521739130434783}}","[{""operation"": ""insertion"", ""reference"": """", ""hypothesis"": ""n"", ""langid"": ""other""}, {""operation"": ""insertion"", ""reference"": """", ""hypothesis"": ""ya"", ""langid"": ""other""}, {""operation"": ""correct"", ""reference"": ""dadine"", ""hypothesis"": ""dadine"", ""langid"": ""other""}, {""operation"": ""correct"", ""reference"": ""awal"", ""hypothesis"": ""awal"", ""langid"": ""other""}, {""operation"": ""correct"", ""reference"": ""taun"", ""hypothesis"": ""taun"", ""langid"": ""other""}, {""operation"": ""insertion"", ""reference"": """", ""hypothesis"": ""rong"", ""langid"": ""other""}, {""operation"": ""insertion"", ""reference"": """", ""hypothesis"": ""ewu"", ""langid"": ""other""}, {""operation"": ""substitution"", ""reference"": ""2025"", ""hypothesis"": ""selawe"", ""langid"": ""other""}, {""operation"": ""correct"", ""reference"": ""iki"", ""hypothesis"": ""iki"", ""langid"": ""other""}, {""operation"": ""correct"", ""reference"": ""aku"", ""hypothesis"": ""aku"", ""langid"": ""other""}, {""operation"": ""correct"", ""reference"": ""kan"", ""hypothesis"": ""kan"", ""langid"": ""other""}, {""operation"": ""substitution"", ""reference"": ""isih"", ""hypothesis"": ""iseh"", ""langid"": ""other""}, {""operation"": ""correct"", ""reference"": ""iki"", ""hypothesis"": ""iki"", ""langid"": ""other""}, {""operation"": ""deletion"", ""reference"": ""apa"", ""hypothesis"": """", ""langid"": ""other""}, {""operation"": ""substitution"", ""reference"": ""jênênge"", ""hypothesis"": ""kepojenenge"", ""langid"": ""other""}, {""operation"": ""substitution"", ""reference"": ""ana"", ""hypothesis"": ""ono"", ""langid"": ""other""}, {""operation"": ""substitution"", ""reference"": ""ya"", ""hypothesis"": ""yould"", ""langid"": ""other""}, {""operation"": ""correct"", ""reference"": ""rong"", ""hypothesis"": ""rong"", ""langid"": ""other""}, {""operation"": ""substitution"", ""reference"": ""taun"", ""hypothesis"": ""tau"", ""langid"": ""other""}, {""operation"": ""correct"", ""reference"": ""lah"", ""hypothesis"": ""lah"", ""langid"": ""other""}, {""operation"": ""substitution"", ""reference"": ""olèh"", ""hypothesis"": ""oleh"", ""langid"": ""other""}, {""operation"": ""correct"", ""reference"": ""rong"", ""hypothesis"": ""rong"", ""langid"": ""other""}, {""operation"": ""correct"", ""reference"": ""taun"", ""hypothesis"": ""taun"", ""langid"": ""other""}, {""operation"": ""correct"", ""reference"": ""setengah"", ""hypothesis"": ""setengah"", ""langid"": ""other""}, {""operation"": ""deletion"", ""reference"": ""apa"", ""hypothesis"": """", ""langid"": ""other""}, {""operation"": ""substitution"", ""reference"": ""itungane"", ""hypothesis"": ""wak"", ""langid"": ""other""}, {""operation"": ""substitution"", ""reference"": ""lah"", ""hypothesis"": ""itu"", ""langid"": ""other""}]",wav2vec2,indonesian-nlp/wav2vec2-indonesian-javanese-sundanese,cpu
processed_indonesia/wav2vec2_300/02_vad/jember_107_0001.wav,Berarti menurut sampeyan proses pengolahan hasil vanili iku isa nggak dilakoni industri rumahan?,dadi menurusamaan proses peolevanhasilvani lidinku isa nggak dipelakoni industri rumalam,"[""other""]",unknown,0.692308,"{""other"": {""deletions"": 3, ""insertions"": 0, ""reference_words"": 13, ""substitutions"": 6, ""wer"": 0.6923076923076923}}","[{""operation"": ""deletion"", ""reference"": ""berarti"", ""hypothesis"": """", ""langid"": ""other""}, {""operation"": ""substitution"", ""reference"": ""menurut"", ""hypothesis"": ""dadi"", ""langid"": ""other""}, {""operation"": ""substitution"", ""reference"": ""sampeyan"", ""hypothesis"": ""menurusamaan"", ""langid"": ""other""}, {""operation"": ""correct"", ""reference"": ""proses"", ""hypothesis"": ""proses"", ""langid"": ""other""}, {""operation"": ""deletion"", ""reference"": ""pengolahan"", ""hypothesis"": """", ""langid"": ""other""}, {""operation"": ""deletion"", ""reference"": ""hasil"", ""hypothesis"": """", ""langid"": ""other""}, {""operation"": ""substitution"", ""reference"": ""vanili"", ""hypothesis"": ""peolevanhasilvani"", ""langid"": ""other""}, {""operation"": ""substitution"", ""reference"": ""iku"", ""hypothesis"": ""lidinku"", ""langid"": ""other""}, {""operation"": ""correct"", ""reference"": ""isa"", ""hypothesis"": ""isa"", ""langid"": ""other""}, {""operation"": ""correct"", ""reference"": ""nggak"", ""hypothesis"": ""nggak"", ""langid"": ""other""}, {""operation"": ""substitution"", ""reference"": ""dilakoni"", ""hypothesis"": ""dipelakoni"", ""langid"": ""other""}, {""operation"": ""correct"", ""reference"": ""industri"", ""hypothesis"": ""industri"", ""langid"": ""other""}, {""operation"": ""substitution"", ""reference"": ""rumahan"", ""hypothesis"": ""rumalam"", ""langid"": ""other""}]",wav2vec2,indonesian-nlp/wav2vec2-indonesian-javanese-sundanese,cpu
processed_indonesia/wav2vec2_300/02_vad/jember_015_0002.wav,"Lèk mbiyèn iku, sepuluh taun mbiyèn iku, e, luwih teratur.",done lik mbiyen niku sepuluh taun mbiyen iku eluwih terad,"[""other""]",unknown,0.800000,"{""other"": {""deletions"": 1, ""insertions"": 1, ""reference_words"": 10, ""substitutions"": 6, ""wer"": 0.8}}","[{""operation"": ""insertion"", ""reference"": """", ""hypothesis"": ""done"", ""langid"": ""other""}, {""operation"": ""substitution"", ""reference"": ""lèk"", ""hypothesis"": ""lik"", ""langid"": ""other""}, {""operation"": ""substitution"", ""reference"": ""mbiyèn"", ""hypothesis"": ""mbiyen"", ""langid"": ""other""}, {""operation"": ""substitution"", ""reference"": ""iku"", ""hypothesis"": ""niku"", ""langid"": ""other""}, {""operation"": ""correct"", ""reference"": ""sepuluh"", ""hypothesis"": ""sepuluh"", ""langid"": ""other""}, {""operation"": ""correct"", ""reference"": ""taun"", ""hypothesis"": ""taun"", ""langid"": ""other""}, {""operation"": ""substitution"", ""reference"": ""mbiyèn"", ""hypothesis"": ""mbiyen"", ""langid"": ""other""}, {""operation"": ""correct"", ""reference"": ""iku"", ""hypothesis"": ""iku"", ""langid"": ""other""}, {""operation"": ""deletion"", ""reference"": ""e"", ""hypothesis"": """", ""langid"": ""other""}, {""operation"": ""substitution"", ""reference"": ""luwih"", ""hypothesis"": ""eluwih"", ""langid"": ""other""}, {""operation"": ""substitution"", ""reference"": ""teratur"", ""hypothesis"": ""terad"", ""langid"": ""other""}]",wav2vec2,indonesian-nlp/wav2vec2-indonesian-javanese-sundanese,cpu
processed_indonesia/wav2vec2_300/02_vad/jember_050_0074.wav,"Tanpa berpikir panjang, aku pengin dadi atlet sepak bola Mbak.",tanpa berpikir panjang aku peendati atir sepak bolama,"[""other""]",unknown,0.500000,"{""other"": {""deletions"": 2, ""insertions"": 0, ""reference_words"": 10, ""substitutions"": 3, ""wer"": 0.5}}","[{""operation"": ""correct"", ""reference"": ""tanpa"", ""hypothesis"": ""tanpa"", ""langid"": ""other""}, {""operation"": ""correct"", ""reference"": ""berpikir"", ""hypothesis"": ""berpikir"", ""langid"": ""other""}, {""operation"": ""correct"", ""reference"": ""panjang"", ""hypothesis"": ""panjang"", ""langid"": ""other""}, {""operation"": ""correct"", ""reference"": ""aku"", ""hypothesis"": ""aku"", ""langid"": ""other""}, {""operation"": ""deletion"", ""reference"": ""pengin"", ""hypothesis"": """", ""langid"": ""other""}, {""operation"": ""substitution"", ""reference"": ""dadi"", ""hypothesis"": ""peendati"", ""langid"": ""other""}, {""operation"": ""substitution"", ""reference"": ""atlet"", ""hypothesis"": ""atir"", ""langid"": ""other""}, {""operation"": ""correct"", ""reference"": ""sepak"", ""hypothesis"": ""sepak"", ""langid"": ""other""}, {""operation"": ""deletion"", ""reference"": ""bola"", ""hypothesis"": """", ""langid"": ""other""}, {""operation"": ""substitution"", ""reference"": ""Mbak"", ""hypothesis"": ""bolama"", ""langid"": ""other""}]",wav2vec2,indonesian-nlp/wav2vec2-indonesian-javanese-sundanese,cpu
processed_indonesia/wav2vec2_300/02_vad/jember_138_0002.wav,"Tapi, mungkin ya pas nang Jogja aku tau ngerasa kaya, e, pas nang kosan, kosan Jogja.",tapi mungkin eru pas naing jogja aku taku ngurosa kyaoh pas nengkosahaan kosan jogja,"[""other""]",unknown,0.625000,"{""other"": {""deletions"": 2, ""insertions"": 0, ""reference_words"": 16, ""substitutions"": 8, ""wer"": 0.625}}","[{""operation"": ""correct"", ""reference"": ""tapi"", ""hypothesis"": ""tapi"", ""langid"": ""other""}, {""operation"": ""correct"", ""reference"": ""mungkin"", ""hypothesis"": ""mungkin"", ""langid"": ""other""}, {""operation"": ""substitution"", ""reference"": ""ya"", ""hypothesis"": ""eru"", ""langid"": ""other""}, {""operation"": ""correct"", ""reference"": ""pas"", ""hypothesis"": ""pas"", ""langid"": ""other""}, {""operation"": ""substitution"", ""reference"": ""nang"", ""hypothesis"": ""naing"", ""langid"": ""other""}, {""operation"": ""substitution"", ""reference"": ""Jogja"", ""hypothesis"": ""jogja"", ""langid"": ""other""}, {""operation"": ""correct"", ""reference"": ""aku"", ""hypothesis"": ""aku"", ""langid"": ""other""}, {""operation"": ""deletion"", ""reference"": ""tau"", ""hypothesis"": """", ""langid"": ""other""}, {""operation"": ""substitution"", ""reference"": ""ngerasa"", ""hypothesis"": ""taku"", ""langid"": ""other""}, {""operation"": ""substitution"", ""reference"": ""kaya"", ""hypothesis"": ""ngurosa"", ""langid"": ""other""}, {""operation"": ""substitution"", ""reference"": ""e"", ""hypothesis"": ""kyaoh"", ""langid"": ""other""}, {""operation"": ""correct"", ""reference"": ""pas"", ""hypothesis"": ""pas"", ""langid"": ""other""}, {""operation"": ""deletion"", ""reference"": ""nang"", ""hypothesis"": """", ""langid"": ""other""}, {""operation"": ""substitution"", ""reference"": ""kosan"", ""hypothesis"": ""nengkosahaan"", ""langid"": ""other""}, {""operation"": ""correct"", ""reference"": ""kosan"", ""hypothesis"": ""kosan"", ""langid"": ""other""}, {""operation"": ""substitution"", ""reference"": ""Jogja"", ""hypothesis"": ""jogja"", ""langid"": ""other""}]",wav2vec2,indonesian-nlp/wav2vec2-indonesian-javanese-sundanese,cpu
processed_indonesia/wav2vec2_300/02_vad/jember_128_0001.wav,"Aku iku awal nduwe HP pas, e..., iku SD kelas loro.",akuku awal due hape pas pel iku es dhee kelas,"[""other""]",unknown,0.727273,"{""other"": {""deletions"": 1, ""insertions"": 0, ""reference_words"": 11, ""substitutions"": 7, ""wer"": 0.7272727272727273}}","[{""operation"": ""deletion"", ""reference"": ""aku"", ""hypothesis"": """", ""langid"": ""other""}, {""operation"": ""substitution"", ""reference"": ""iku"", ""hypothesis"": ""akuku"", ""langid"": ""other""}, {""operation"": ""correct"", ""reference"": ""awal"", ""hypothesis"": ""awal"", ""langid"": ""other""}, {""operation"": ""substitution"", ""reference"": ""nduwe"", ""hypothesis"": ""due"", ""langid"": ""other""}, {""operation"": ""substitution"", ""reference"": ""HP"", ""hypothesis"": ""hape"", ""langid"": ""other""}, {""operation"": ""correct"", ""reference"": ""pas"", ""hypothesis"": ""pas"", ""langid"": ""other""}, {""operation"": ""substitution"", ""reference"": ""e..."", ""hypothesis"": ""pel"", ""langid"": ""other""}, {""operation"": ""correct"", ""reference"": ""iku"", ""hypothesis"": ""iku"", ""langid"": ""other""}, {""operation"": ""substitution"", ""reference"": ""SD"", ""hypothesis"": ""es"", ""langid"": ""other""}, {""operation"": ""substitution"", ""reference"": ""kelas"", ""hypothesis"": ""dhee"", ""langid"": ""other""}, {""operation"": ""substitution"", ""reference"": ""loro"", ""hypothesis"": ""kelas"", ""langid"": ""other""}]",wav2vec2,indonesian-nlp/wav2vec2-indonesian-javanese-sundanese,cpu
processed_indonesia/wav2vec2_300/02_vad/jember_038_0012.wav,"Kaya, kaya gak nentu gitu sih sarapane, biasane ya sak tukune ae wis.",keyak koyok gak nentu gitusih sarapane biasane ya sak tukun,"[""other""]",unknown,0.538462,"{""other"": {""deletions"": 3, ""insertions"": 0, ""reference_words"": 13, ""substitutions"": 4, ""wer"": 0.5384615384615384}}","[{""operation"": ""substitution"", ""reference"": ""kaya"", ""hypothesis"": ""keyak"", ""langid"": ""other""}, {""operation"": ""substitution"", ""reference"": ""kaya"", ""hypothesis"": ""koyok"", ""langid"": ""other""}, {""operation"": ""correct"", ""reference"": ""gak"", ""hypothesis"": ""gak"", ""langid"": ""other""}, {""operation"": ""correct"", ""reference"": ""nentu"", ""hypothesis"": ""nentu"", ""langid"": ""other""}, {""operation"": ""deletion"", ""reference"": ""gitu"", ""hypothesis"": """", ""langid"": ""other""}, {""operation"": ""substitution"", ""reference"": ""sih"", ""hypothesis"": ""gitusih"", ""langid"": ""other""}, {""operation"": ""correct"", ""reference"": ""sarapane"", ""hypothesis"": ""sarapane"", ""langid"": ""other""}, {""operation"": ""correct"", ""reference"": ""biasane"", ""hypothesis"": ""biasane"", ""langid"": ""other""}, {""operation"": ""correct"", ""reference"": ""ya"", ""hypothesis"": ""ya"", ""langid"": ""other""}, {""operation"": ""correct"", ""reference"": ""sak"", ""hypothesis"": ""sak"", ""langid"": ""other""}, {""operation"": ""deletion"", ""reference"": ""tukune"", ""hypothesis"": """", ""langid"": ""other""}, {""operation"": ""deletion"", ""reference"": ""ae"", ""hypothesis"": """", ""langid"": ""other""}, {""operation"": ""substitution"", ""reference"": ""wis"", ""hypothesis"": ""tukun"", ""langid"": ""other""}]",wav2vec2,indonesian-nlp/wav2vec2-indonesian-javanese-sundanese,cpu
processed_indonesia/wav2vec2_300/02_vad/indonesian_dev_7b6ffd37370b4bf9a44d9c8e7126a733.wav,"Sekarang hobi kan, terus udah jadi berbasis teknologi semua, pakai HP, pakai laptop, udah beda banget dari dulu. Nah, kamu ingat nggak pertama kali pas punya HP dulu rasanya kayak gimana?",sekarang pobien terus sudah jadi berbasis teknologi semua pakek hapi pakai laptop arabedha penget deri dulunang kamu getikak pertama kali pas punya hapi tulu rasanya akak kimana,"[""other""]",unknown,0.548387,"{""other"": {""deletions"": 4, ""insertions"": 0, ""reference_words"": 31, ""substitutions"": 13, ""wer"": 0.5483870967741935}}","[{""operation"": ""correct"", ""reference"": ""sekarang"", ""hypothesis"": ""sekarang"", ""langid"": ""other""}, {""operation"": ""deletion"", ""reference"": ""hobi"", ""hypothesis"": """", ""langid"": ""other""}, {""operation"": ""substitution"", ""reference"": ""kan"", ""hypothesis"": ""pobien"", ""langid"": ""other""}, {""operation"": ""correct"", ""reference"": ""terus"", ""hypothesis"": ""terus"", ""langid"": ""other""}, {""operation"": ""substitution"", ""reference"": ""udah"", ""hypothesis"": ""sudah"", ""langid"": ""other""}, {""operation"": ""correct"", ""reference"": ""jadi"", ""hypothesis"": ""jadi"", ""langid"": ""other""}, {""operation"": ""correct"", ""reference"": ""berbasis"", ""hypothesis"": ""berbasis"", ""langid"": ""other""}, {""operation"": ""correct"", ""reference"": ""teknologi"", ""hypothesis"": ""teknologi"", ""langid"": ""other""}, {""operation"": ""correct"", ""reference"": ""semua"", ""hypothesis"": ""semua"", ""langid"": ""other""}, {""operation"": ""substitution"", ""reference"": ""pakai"", ""hypothesis"": ""pakek"", ""langid"": ""other""}, {""operation"": ""substitution"", ""reference"": ""HP"", ""hypothesis"": ""hapi"", ""langid"": ""other""}, {""operation"": ""correct"", ""reference"": ""pakai"", ""hypothesis"": ""pakai"", ""langid"": ""other""}, {""operation"": ""correct"", ""reference"": ""laptop"", ""hypothesis"": ""laptop"", ""langid"": ""other""}, {""operation"": ""deletion"", ""reference"": ""udah"", ""hypothesis"": """", ""langid"": ""other""}, {""operation"": ""deletion"", ""reference"": ""beda"", ""hypothesis"": """", ""langid"": ""other""}, {""operation"": ""substitution"", ""reference"": ""banget"", ""hypothesis"": ""arabedha"", ""langid"": ""other""}, {""operation"": ""substitution"", ""reference"": ""dari"", ""hypothesis"": ""penget"", ""langid"": ""other""}, {""operation"": ""substitution"", ""reference"": ""dulu"", ""hypothesis"": ""deri"", ""langid"": ""other""}, {""operation"": ""substitution"", ""reference"": ""nah"", ""hypothesis"": ""dulunang"", ""langid"": ""other""}, {""operation"": ""correct"", ""reference"": ""kamu"", ""hypothesis"": ""kamu"", ""langid"": ""other""}, {""operation"": ""deletion"", ""reference"": ""ingat"", ""hypothesis"": """", ""langid"": ""other""}, {""operation"": ""substitution"", ""reference"": ""nggak"", ""hypothesis"": ""getikak"", ""langid"": ""other""}, {""operation"": ""correct"", ""reference"": ""pertama"", ""hypothesis"": ""pertama"", ""langid"": ""other""}, {""operation"": ""correct"", ""reference"": ""kali"", ""hypothesis"": ""kali"", ""langid"": ""other""}, {""operation"": ""correct"", ""reference"": ""pas"", ""hypothesis"": ""pas"", ""langid"": ""other""}, {""operation"": ""correct"", ""reference"": ""punya"", ""hypothesis"": ""punya"", ""langid"": ""other""}, {""operation"": ""substitution"", ""reference"": ""HP"", ""hypothesis"": ""hapi"", ""langid"": ""other""}, {""operation"": ""substitution"", ""reference"": ""dulu"", ""hypothesis"": ""tulu"", ""langid"": ""other""}, {""operation"": ""correct"", ""reference"": ""rasanya"", ""hypothesis"": ""rasanya"", ""langid"": ""other""}, {""operation"": ""substitution"", ""reference"": ""kayak"", ""hypothesis"": ""akak"", ""langid"": ""other""}, {""operation"": ""substitution"", ""reference"": ""gimana"", ""hypothesis"": ""kimana"", ""langid"": ""other""}]",wav2vec2,indonesian-nlp/wav2vec2-indonesian-javanese-sundanese,cpu
processed_indonesia/wav2vec2_300/02_vad/jember_035_0002.wav,"Mulai isuk ibu iku insya Allah setiap hari, ibu jam têlu isuk jam têlu isuk, jam têlu isuk těrus langsung sholat dzikiran sampèk nunggu subuh setelah sawise subuh ibu lanjut bersih-bersih.",ibu pertanyaan yapertama kados puni kegiatan panjenengan nalika injina,"[""other""]",unknown,0.967742,"{""other"": {""deletions"": 22, ""insertions"": 0, ""reference_words"": 31, ""substitutions"": 8, ""wer"": 0.967741935483871}}","[{""operation"": ""deletion"", ""reference"": ""mulai"", ""hypothesis"": """", ""langid"": ""other""}, {""operation"": ""deletion"", ""reference"": ""isuk"", ""hypothesis"": """", ""langid"": ""other""}, {""operation"": ""deletion"", ""reference"": ""ibu"", ""hypothesis"": """", ""langid"": ""other""}, {""operation"": ""deletion"", ""reference"": ""iku"", ""hypothesis"": """", ""langid"": ""other""}, {""operation"": ""deletion"", ""reference"": ""insya"", ""hypothesis"": """", ""langid"": ""other""}, {""operation"": ""deletion"", ""reference"": ""Allah"", ""hypothesis"": """", ""langid"": ""other""}, {""operation"": ""deletion"", ""reference"": ""setiap"", ""hypothesis"": """", ""langid"": ""other""}, {""operation"": ""deletion"", ""reference"": ""hari"", ""hypothesis"": """", ""langid"": ""other""}, {""operation"": ""correct"", ""reference"": ""ibu"", ""hypothesis"": ""ibu"", ""langid"": ""other""}, {""operation"": ""deletion"", ""reference"": ""jam"", ""hypothesis"": """", ""langid"": ""other""}, {""operation"": ""deletion"", ""reference"": ""têlu"", ""hypothesis"": """", ""langid"": ""other""}, {""operation"": ""deletion"", ""reference"": ""isuk"", ""hypothesis"": """", ""langid"": ""other""}, {""operation"": ""deletion"", ""reference"": ""jam"", ""hypothesis"": """", ""langid"": ""other""}, {""operation"": ""deletion"", ""reference"": ""têlu"", ""hypothesis"": """", ""langid"": ""other""}, {""operation"": ""deletion"", ""reference"": ""isuk"", ""hypothesis"": """", ""langid"": ""other""}, {""operation"": ""deletion"", ""reference"": ""jam"", ""hypothesis"": """", ""langid"": ""other""}, {""operation"": ""deletion"", ""reference"": ""têlu"", ""hypothesis"": """", ""langid"": ""other""}, {""operation"": ""deletion"", ""reference"": ""isuk"", ""hypothesis"": """", ""langid"": ""other""}, {""operation"": ""deletion"", ""reference"": ""těrus"", ""hypothesis"": """", ""langid"": ""other""}, {""operation"": ""deletion"", ""reference"": ""langsung"", ""hypothesis"": """", ""langid"": ""other""}, {""operation"": ""deletion"", ""reference"": ""sholat"", ""hypothesis"": """", ""langid"": ""other""}, {""operation"": ""deletion"", ""reference"": ""dzikiran"", ""hypothesis"": """", ""langid"": ""other""}, {""operation"": ""deletion"", ""reference"": ""sampèk"", ""hypothesis"": """", ""langid"": ""other""}, {""operation"": ""substitution"", ""reference"": ""nunggu"", ""hypothesis"": ""pertanyaan"", ""langid"": ""other""}, {""operation"": ""substitution"", ""reference"": ""subuh"", ""hypothesis"": ""yapertama"", ""langid"": ""other""}, {""operation"": ""substitution"", ""reference"": ""setelah"", ""hypothesis"": ""kados"", ""langid"": ""other""}, {""operation"": ""substitution"", ""reference"": ""sawise"", ""hypothesis"": ""puni"", ""langid"": ""other""}, {""operation"": ""substitution"", ""reference"": ""subuh"", ""hypothesis"": ""kegiatan"", ""langid"": ""other""}, {""operation"": ""substitution"", ""reference"": ""ibu"", ""hypothesis"": ""panjenengan"", ""langid"": ""other""}, {""operation"": ""substitution"", ""reference"": ""lanjut"", ""hypothesis"": ""nalika"", ""langid"": ""other""}, {""operation"": ""substitution"", ""reference"": ""bersih-bersih"", ""hypothesis"": ""injina"", ""langid"": ""other""}]",wav2vec2,indonesian-nlp/wav2vec2-indonesian-javanese-sundanese,cpu
processed_indonesia/wav2vec2_300/02_vad/jember_129_0013.wav,"Mis, misale awak dhewe nggolèk Chat Bot ngono jaman.",ino kemis misalih ade nggolek cek,"[""other""]",unknown,1.000000,"{""other"": {""deletions"": 3, ""insertions"": 0, ""reference_words"": 9, ""substitutions"": 6, ""wer"": 1.0}}","[{""operation"": ""deletion"", ""reference"": ""mis"", ""hypothesis"": """", ""langid"": ""other""}, {""operation"": ""deletion"", ""reference"": ""misale"", ""hypothesis"": """", ""langid"": ""other""}, {""operation"": ""deletion"", ""reference"": ""awak"", ""hypothesis"": """", ""langid"": ""other""}, {""operation"": ""substitution"", ""reference"": ""dhewe"", ""hypothesis"": ""ino"", ""langid"": ""other""}, {""operation"": ""substitution"", ""reference"": ""nggolèk"", ""hypothesis"": ""kemis"", ""langid"": ""other""}, {""operation"": ""substitution"", ""reference"": ""Chat"", ""hypothesis"": ""misalih"", ""langid"": ""other""}, {""operation"": ""substitution"", ""reference"": ""Bot"", ""hypothesis"": ""ade"", ""langid"": ""other""}, {""operation"": ""substitution"", ""reference"": ""ngono"", ""hypothesis"": ""nggolek"", ""langid"": ""other""}, {""operation"": ""substitution"", ""reference"": ""jaman"", ""hypothesis"": ""cek"", ""langid"": ""other""}]",wav2vec2,indonesian-nlp/wav2vec2-indonesian-javanese-sundanese,cpu
processed_indonesia/wav2vec2_300/02_vad/jember_204_0057.wav,"Sêkolah ya, sêkolah ya ndèk cêdhêk-cêdhêk kene, ngono kan.",ne ngonokan sekolah ya sekolahea ndek cedek cedekgenadve ngona kan,"[""other""]",unknown,0.888889,"{""other"": {""deletions"": 0, ""insertions"": 1, ""reference_words"": 9, ""substitutions"": 7, ""wer"": 0.8888888888888888}}","[{""operation"": ""substitution"", ""reference"": ""sêkolah"", ""hypothesis"": ""ne"", ""langid"": ""other""}, {""operation"": ""substitution"", ""reference"": ""ya"", ""hypothesis"": ""ngonokan"", ""langid"": ""other""}, {""operation"": ""substitution"", ""reference"": ""sêkolah"", ""hypothesis"": ""sekolah"", ""langid"": ""other""}, {""operation"": ""correct"", ""reference"": ""ya"", ""hypothesis"": ""ya"", ""langid"": ""other""}, {""operation"": ""insertion"", ""reference"": """", ""hypothesis"": ""sekolahea"", ""langid"": ""other""}, {""operation"": ""substitution"", ""reference"": ""ndèk"", ""hypothesis"": ""ndek"", ""langid"": ""other""}, {""operation"": ""substitution"", ""reference"": ""cêdhêk-cêdhêk"", ""hypothesis"": ""cedek"", ""langid"": ""other""}, {""operation"": ""substitution"", ""reference"": ""kene"", ""hypothesis"": ""cedekgenadve"", ""langid"": ""other""}, {""operation"": ""substitution"", ""reference"": ""ngono"", ""hypothesis"": ""ngona"", ""langid"": ""other""}, {""operation"": ""correct"", ""reference"": ""kan"", ""hypothesis"": ""kan"", ""langid"": ""other""}]",wav2vec2,indonesian-nlp/wav2vec2-indonesian-javanese-sundanese,cpu
processed_indonesia/wav2vec2_300/02_vad/jember_171_0028.wav,Wong duwe gawe utawa apa jênênge.,unduwe ga wii utawa,"[""other""]",unknown,0.833333,"{""other"": {""deletions"": 2, ""insertions"": 0, ""reference_words"": 6, ""substitutions"": 3, ""wer"": 0.8333333333333334}}","[{""operation"": ""substitution"", ""reference"": ""wong"", ""hypothesis"": ""unduwe"", ""langid"": ""other""}, {""operation"": ""substitution"", ""reference"": ""duwe"", ""hypothesis"": ""ga"", ""langid"": ""other""}, {""operation"": ""substitution"", ""reference"": ""gawe"", ""hypothesis"": ""wii"", ""langid"": ""other""}, {""operation"": ""correct"", ""reference"": ""utawa"", ""hypothesis"": ""utawa"", ""langid"": ""other""}, {""operation"": ""deletion"", ""reference"": ""apa"", ""hypothesis"": """", ""langid"": ""other""}, {""operation"": ""deletion"", ""reference"": ""jênênge"", ""hypothesis"": """", ""langid"": ""other""}]",wav2vec2,indonesian-nlp/wav2vec2-indonesian-javanese-sundanese,cpu
processed_indonesia/wav2vec2_300/02_vad/jember_024_0047.wav,Lèk skripsi ndak tak candhak blas.,jarek iku lek skrepesi ndak tak candak blas,"[""other""]",unknown,0.833333,"{""other"": {""deletions"": 0, ""insertions"": 2, ""reference_words"": 6, ""substitutions"": 3, ""wer"": 0.8333333333333334}}","[{""operation"": ""insertion"", ""reference"": """", ""hypothesis"": ""jarek"", ""langid"": ""other""}, {""operation"": ""insertion"", ""reference"": """", ""hypothesis"": ""iku"", ""langid"": ""other""}, {""operation"": ""substitution"", ""reference"": ""lèk"", ""hypothesis"": ""lek"", ""langid"": ""other""}, {""operation"": ""substitution"", ""reference"": ""skripsi"", ""hypothesis"": ""skrepesi"", ""langid"": ""other""}, {""operation"": ""correct"", ""reference"": ""ndak"", ""hypothesis"": ""ndak"", ""langid"": ""other""}, {""operation"": ""correct"", ""reference"": ""tak"", ""hypothesis"": ""tak"", ""langid"": ""other""}, {""operation"": ""substitution"", ""reference"": ""candhak"", ""hypothesis"": ""candak"", ""langid"": ""other""}, {""operation"": ""correct"", ""reference"": ""blas"", ""hypothesis"": ""blas"", ""langid"": ""other""}]",wav2vec2,indonesian-nlp/wav2vec2-indonesian-javanese-sundanese,cpu
processed_indonesia/wav2vec2_300/02_vad/jember_043_0031.wav,"Oh, sampeyan pingin kêrja sing ndèk njaba Jember?",ee sanan pengin kerja sing ndik njaga,"[""other""]",unknown,0.875000,"{""other"": {""deletions"": 1, ""insertions"": 0, ""reference_words"": 8, ""substitutions"": 6, ""wer"": 0.875}}","[{""operation"": ""substitution"", ""reference"": ""oh"", ""hypothesis"": ""ee"", ""langid"": ""other""}, {""operation"": ""substitution"", ""reference"": ""sampeyan"", ""hypothesis"": ""sanan"", ""langid"": ""other""}, {""operation"": ""substitution"", ""reference"": ""pingin"", ""hypothesis"": ""pengin"", ""langid"": ""other""}, {""operation"": ""substitution"", ""reference"": ""kêrja"", ""hypothesis"": ""kerja"", ""langid"": ""other""}, {""operation"": ""correct"", ""reference"": ""sing"", ""hypothesis"": ""sing"", ""langid"": ""other""}, {""operation"": ""deletion"", ""reference"": ""ndèk"", ""hypothesis"": """", ""langid"": ""other""}, {""operation"": ""substitution"", ""reference"": ""njaba"", ""hypothesis"": ""ndik"", ""langid"": ""other""}, {""operation"": ""substitution"", ""reference"": ""Jember"", ""hypothesis"": ""njaga"", ""langid"": ""other""}]",wav2vec2,indonesian-nlp/wav2vec2-indonesian-javanese-sundanese,cpu
processed_indonesia/wav2vec2_300/02_vad/jember_030_0084.wav,"Aku gelas, gelasku tak kosongi, bene wonge ngisi nèng aku.",aku niku no aku gelas gelasku tak kosongi bene wong ingisineng,"[""other""]",unknown,0.700000,"{""other"": {""deletions"": 2, ""insertions"": 3, ""reference_words"": 10, ""substitutions"": 2, ""wer"": 0.7}}","[{""operation"": ""insertion"", ""reference"": """", ""hypothesis"": ""aku"", ""langid"": ""other""}, {""operation"": ""insertion"", ""reference"": """", ""hypothesis"": ""niku"", ""langid"": ""other""}, {""operation"": ""insertion"", ""reference"": """", ""hypothesis"": ""no"", ""langid"": ""other""}, {""operation"": ""correct"", ""reference"": ""aku"", ""hypothesis"": ""aku"", ""langid"": ""other""}, {""operation"": ""correct"", ""reference"": ""gelas"", ""hypothesis"": ""gelas"", ""langid"": ""other""}, {""operation"": ""correct"", ""reference"": ""gelasku"", ""hypothesis"": ""gelasku"", ""langid"": ""other""}, {""operation"": ""correct"", ""reference"": ""tak"", ""hypothesis"": ""tak"", ""langid"": ""other""}, {""operation"": ""correct"", ""reference"": ""kosongi"", ""hypothesis"": ""kosongi"", ""langid"": ""other""}, {""operation"": ""correct"", ""reference"": ""bene"", ""hypothesis"": ""bene"", ""langid"": ""other""}, {""operation"": ""deletion"", ""reference"": ""wonge"", ""hypothesis"": """", ""langid"": ""other""}, {""operation"": ""deletion"", ""reference"": ""ngisi"", ""hypothesis"": """", ""langid"": ""other""}, {""operation"": ""substitution"", ""reference"": ""nèng"", ""hypothesis"": ""wong"", ""langid"": ""other""}, {""operation"": ""substitution"", ""reference"": ""aku"", ""hypothesis"": ""ingisineng"", ""langid"": ""other""}]",wav2vec2,indonesian-nlp/wav2vec2-indonesian-javanese-sundanese,cpu
processed_indonesia/wav2vec2_300/02_vad/jember_103_0048.wav,"Ya, iku, wêdhine kado nyêlêneh sing tak gawe iku lhoh, klambi, kaos iku.",oyo iku wedhine kado nyeleneh sing tak gawe kul nggembi kaosiku,"[""other""]",unknown,0.615385,"{""other"": {""deletions"": 2, ""insertions"": 0, ""reference_words"": 13, ""substitutions"": 6, ""wer"": 0.6153846153846154}}","[{""operation"": ""substitution"", ""reference"": ""ya"", ""hypothesis"": ""oyo"", ""langid"": ""other""}, {""operation"": ""correct"", ""reference"": ""iku"", ""hypothesis"": ""iku"", ""langid"": ""other""}, {""operation"": ""substitution"", ""reference"": ""wêdhine"", ""hypothesis"": ""wedhine"", ""langid"": ""other""}, {""operation"": ""correct"", ""reference"": ""kado"", ""hypothesis"": ""kado"", ""langid"": ""other""}, {""operation"": ""substitution"", ""reference"": ""nyêlêneh"", ""hypothesis"": ""nyeleneh"", ""langid"": ""other""}, {""operation"": ""correct"", ""reference"": ""sing"", ""hypothesis"": ""sing"", ""langid"": ""other""}, {""operation"": ""correct"", ""reference"": ""tak"", ""hypothesis"": ""tak"", ""langid"": ""other""}, {""operation"": ""correct"", ""reference"": ""gawe"", ""hypothesis"": ""gawe"", ""langid"": ""other""}, {""operation"": ""deletion"", ""reference"": ""iku"", ""hypothesis"": """", ""langid"": ""other""}, {""operation"": ""deletion"", ""reference"": ""lhoh"", ""hypothesis"": """", ""langid"": ""other""}, {""operation"": ""substitution"", ""reference"": ""klambi"", ""hypothesis"": ""kul"", ""langid"": ""other""}, {""operation"": ""substitution"", ""reference"": ""kaos"", ""hypothesis"": ""nggembi"", ""langid"": ""other""}, {""operation"": ""substitution"", ""reference"": ""iku"", ""hypothesis"": ""kaosiku"", ""langid"": ""other""}]",wav2vec2,indonesian-nlp/wav2vec2-indonesian-javanese-sundanese,cpu
processed_indonesia/wav2vec2_300/02_vad/jember_046_0071.wav,"Tapi, lèk aku umpamane nang Jember těrus, aku kan, piye ya.",stres sderahtawi langanaku nang johmberteru sakukanki,"[""other""]",unknown,0.909091,"{""other"": {""deletions"": 5, ""insertions"": 0, ""reference_words"": 11, ""substitutions"": 5, ""wer"": 0.9090909090909091}}","[{""operation"": ""deletion"", ""reference"": ""tapi"", ""hypothesis"": """", ""langid"": ""other""}, {""operation"": ""substitution"", ""reference"": ""lèk"", ""hypothesis"": ""stres"", ""langid"": ""other""}, {""operation"": ""substitution"", ""reference"": ""aku"", ""hypothesis"": ""sderahtawi"", ""langid"": ""other""}, {""operation"": ""substitution"", ""reference"": ""umpamane"", ""hypothesis"": ""langanaku"", ""langid"": ""other""}, {""operation"": ""correct"", ""reference"": ""nang"", ""hypothesis"": ""nang"", ""langid"": ""other""}, {""operation"": ""deletion"", ""reference"": ""Jember"", ""hypothesis"": """", ""langid"": ""other""}, {""operation"": ""deletion"", ""reference"": ""těrus"", ""hypothesis"": """", ""langid"": ""other""}, {""operation"": ""deletion"", ""reference"": ""aku"", ""hypothesis"": """", ""langid"": ""other""}, {""operation"": ""deletion"", ""reference"": ""kan"", ""hypothesis"": """", ""langid"": ""other""}, {""operation"": ""substitution"", ""reference"": ""piye"", ""hypothesis"": ""johmberteru"", ""langid"": ""other""}, {""operation"": ""substitution"", ""reference"": ""ya"", ""hypothesis"": ""sakukanki"", ""langid"": ""other""}]",wav2vec2,indonesian-nlp/wav2vec2-indonesian-javanese-sundanese,cpu
processed_indonesia/wav2vec2_300/02_vad/jember_074_0003.wav,"Misale saiki ngantuk, ya aku turu.",misale saiki ngantuk ya aku turu,"[""other""]",unknown,0.000000,"{""other"": {""deletions"": 0, ""insertions"": 0, ""reference_words"": 6, ""substitutions"": 0, ""wer"": 0.0}}","[{""operation"": ""correct"", ""reference"": ""misale"", ""hypothesis"": ""misale"", ""langid"": ""other""}, {""operation"": ""correct"", ""reference"": ""saiki"", ""hypothesis"": ""saiki"", ""langid"": ""other""}, {""operation"": ""correct"", ""reference"": ""ngantuk"", ""hypothesis"": ""ngantuk"", ""langid"": ""other""}, {""operation"": ""correct"", ""reference"": ""ya"", ""hypothesis"": ""ya"", ""langid"": ""other""}, {""operation"": ""correct"", ""reference"": ""aku"", ""hypothesis"": ""aku"", ""langid"": ""other""}, {""operation"": ""correct"", ""reference"": ""turu"", ""hypothesis"": ""turu"", ""langid"": ""other""}]",wav2vec2,indonesian-nlp/wav2vec2-indonesian-javanese-sundanese,cpu
processed_indonesia/wav2vec2_300/02_vad/jember_053_0021.wav,"Ya, soale kan tanggaku dhewe, tapi ya piye manèh.",yok soalikan tanggaku dewe tapi yu bike maneh,"[""other""]",unknown,0.777778,"{""other"": {""deletions"": 1, ""insertions"": 0, ""reference_words"": 9, ""substitutions"": 6, ""wer"": 0.7777777777777778}}","[{""operation"": ""deletion"", ""reference"": ""ya"", ""hypothesis"": """", ""langid"": ""other""}, {""operation"": ""substitution"", ""reference"": ""soale"", ""hypothesis"": ""yok"", ""langid"": ""other""}, {""operation"": ""substitution"", ""reference"": ""kan"", ""hypothesis"": ""soalikan"", ""langid"": ""other""}, {""operation"": ""correct"", ""reference"": ""tanggaku"", ""hypothesis"": ""tanggaku"", ""langid"": ""other""}, {""operation"": ""substitution"", ""reference"": ""dhewe"", ""hypothesis"": ""dewe"", ""langid"": ""other""}, {""operation"": ""correct"", ""reference"": ""tapi"", ""hypothesis"": ""tapi"", ""langid"": ""other""}, {""operation"": ""substitution"", ""reference"": ""ya"", ""hypothesis"": ""yu"", ""langid"": ""other""}, {""operation"": ""substitution"", ""reference"": ""piye"", ""hypothesis"": ""bike"", ""langid"": ""other""}, {""operation"": ""substitution"", ""reference"": ""manèh"", ""hypothesis"": ""maneh"", ""langid"": ""other""}]",wav2vec2,indonesian-nlp/wav2vec2-indonesian-javanese-sundanese,cpu
processed_indonesia/wav2vec2_300/02_vad/jember_046_0040.wav,"lèk aku pri, lèk aku dhewe sih akhire aku merasa bahwa, e..., iki aku nggak menyimpulkan bahwa,",kelak aku aku dhewe si akhira aku merasa bahwa eiki aku nggak gak menyimpulkan gua,"[""other""]",unknown,0.529412,"{""other"": {""deletions"": 3, ""insertions"": 1, ""reference_words"": 17, ""substitutions"": 5, ""wer"": 0.5294117647058824}}","[{""operation"": ""substitution"", ""reference"": ""lèk"", ""hypothesis"": ""kelak"", ""langid"": ""other""}, {""operation"": ""correct"", ""reference"": ""aku"", ""hypothesis"": ""aku"", ""langid"": ""other""}, {""operation"": ""deletion"", ""reference"": ""pri"", ""hypothesis"": """", ""langid"": ""other""}, {""operation"": ""deletion"", ""reference"": ""lèk"", ""hypothesis"": """", ""langid"": ""other""}, {""operation"": ""correct"", ""reference"": ""aku"", ""hypothesis"": ""aku"", ""langid"": ""other""}, {""operation"": ""correct"", ""reference"": ""dhewe"", ""hypothesis"": ""dhewe"", ""langid"": ""other""}, {""operation"": ""substitution"", ""reference"": ""sih"", ""hypothesis"": ""si"", ""langid"": ""other""}, {""operation"": ""substitution"", ""reference"": ""akhire"", ""hypothesis"": ""akhira"", ""langid"": ""other""}, {""operation"": ""correct"", ""reference"": ""aku"", ""hypothesis"": ""aku"", ""langid"": ""other""}, {""operation"": ""correct"", ""reference"": ""merasa"", ""hypothesis"": ""merasa"", ""langid"": ""other""}, {""operation"": ""correct"", ""reference"": ""bahwa"", ""hypothesis"": ""bahwa"", ""langid"": ""other""}, {""operation"": ""deletion"", ""reference"": ""e..."", ""hypothesis"": """", ""langid"": ""other""}, {""operation"": ""substitution"", ""reference"": ""iki"", ""hypothesis"": ""eiki"", ""langid"": ""other""}, {""operation"": ""correct"", ""reference"": ""aku"", ""hypothesis"": ""aku"", ""langid"": ""other""}, {""operation"": ""correct"", ""reference"": ""nggak"", ""hypothesis"": ""nggak"", ""langid"": ""other""}, {""operation"": ""insertion"", ""reference"": """", ""hypothesis"": ""gak"", ""langid"": ""other""}, {""operation"": ""correct"", ""reference"": ""menyimpulkan"", ""hypothesis"": ""menyimpulkan"", ""langid"": ""other""}, {""operation"": ""substitution"", ""reference"": ""bahwa"", ""hypothesis"": ""gua"", ""langid"": ""other""}]",wav2vec2,indonesian-nlp/wav2vec2-indonesian-javanese-sundanese,cpu
processed_indonesia/wav2vec2_300/02_vad/jember_146_0006.wav,"Dadi, ketika kowe mangan, e, aku mangan pizza sing notabenene de'e iki roti plus keju dan kawan-kawannya.",ku iti ketika kuwi meaku mangan pitza sing netapanne deiki roti ples keju dan kawan kawannya,"[""other""]",unknown,0.764706,"{""other"": {""deletions"": 2, ""insertions"": 1, ""reference_words"": 17, ""substitutions"": 10, ""wer"": 0.7647058823529411}}","[{""operation"": ""deletion"", ""reference"": ""dadi"", ""hypothesis"": """", ""langid"": ""other""}, {""operation"": ""substitution"", ""reference"": ""ketika"", ""hypothesis"": ""ku"", ""langid"": ""other""}, {""operation"": ""substitution"", ""reference"": ""kowe"", ""hypothesis"": ""iti"", ""langid"": ""other""}, {""operation"": ""substitution"", ""reference"": ""mangan"", ""hypothesis"": ""ketika"", ""langid"": ""other""}, {""operation"": ""substitution"", ""reference"": ""e"", ""hypothesis"": ""kuwi"", ""langid"": ""other""}, {""operation"": ""substitution"", ""reference"": ""aku"", ""hypothesis"": ""meaku"", ""langid"": ""other""}, {""operation"": ""correct"", ""reference"": ""mangan"", ""hypothesis"": ""mangan"", ""langid"": ""other""}, {""operation"": ""substitution"", ""reference"": ""pizza"", ""hypothesis"": ""pitza"", ""langid"": ""other""}, {""operation"": ""correct"", ""reference"": ""sing"", ""hypothesis"": ""sing"", ""langid"": ""other""}, {""operation"": ""deletion"", ""reference"": ""notabenene"", ""hypothesis"": """", ""langid"": ""other""}, {""operation"": ""substitution"", ""reference"": ""de'e"", ""hypothesis"": ""netapanne"", ""langid"": ""other""}, {""operation"": ""substitution"", ""reference"": ""iki"", ""hypothesis"": ""deiki"", ""langid"": ""other""}, {""operation"": ""correct"", ""reference"": ""roti"", ""hypothesis"": ""roti"", ""langid"": ""other""}, {""operation"": ""substitution"", ""reference"": ""plus"", ""hypothesis"": ""ples"", ""langid"": ""other""}, {""operation"": ""correct"", ""reference"": ""keju"", ""hypothesis"": ""keju"", ""langid"": ""other""}, {""operation"": ""correct"", ""reference"": ""dan"", ""hypothesis"": ""dan"", ""langid"": ""other""}, {""operation"": ""insertion"", ""reference"": """", ""hypothesis"": ""kawan"", ""langid"": ""other""}, {""operation"": ""substitution"", ""reference"": ""kawan-kawannya"", ""hypothesis"": ""kawannya"", ""langid"": ""other""}]",wav2vec2,indonesian-nlp/wav2vec2-indonesian-javanese-sundanese,cpu
processed_indonesia/wav2vec2_300/02_vad/jember_050_0016.wav,"Dadi nèng nggenku ya paling rame sepak bola, voli, badminton, tapi sing paling sêring tak lakoni ya lari.",h isaoady enggenku ya paling rame sepakbola boli badminton tapi sing paling sering tak elakon alari,"[""other""]",unknown,0.555556,"{""other"": {""deletions"": 2, ""insertions"": 0, ""reference_words"": 18, ""substitutions"": 8, ""wer"": 0.5555555555555556}}","[{""operation"": ""substitution"", ""reference"": ""dadi"", ""hypothesis"": ""h"", ""langid"": ""other""}, {""operation"": ""substitution"", ""reference"": ""nèng"", ""hypothesis"": ""isaoady"", ""langid"": ""other""}, {""operation"": ""substitution"", ""reference"": ""nggenku"", ""hypothesis"": ""enggenku"", ""langid"": ""other""}, {""operation"": ""correct"", ""reference"": ""ya"", ""hypothesis"": ""ya"", ""langid"": ""other""}, {""operation"": ""correct"", ""reference"": ""paling"", ""hypothesis"": ""paling"", ""langid"": ""other""}, {""operation"": ""correct"", ""reference"": ""rame"", ""hypothesis"": ""rame"", ""langid"": ""other""}, {""operation"": ""deletion"", ""reference"": ""sepak"", ""hypothesis"": """", ""langid"": ""other""}, {""operation"": ""substitution"", ""reference"": ""bola"", ""hypothesis"": ""sepakbola"", ""langid"": ""other""}, {""operation"": ""substitution"", ""reference"": ""voli"", ""hypothesis"": ""boli"", ""langid"": ""other""}, {""operation"": ""correct"", ""reference"": ""badminton"", ""hypothesis"": ""badminton"", ""langid"": ""other""}, {""operation"": ""correct"", ""reference"": ""tapi"", ""hypothesis"": ""tapi"", ""langid"": ""other""}, {""operation"": ""correct"", ""reference"": ""sing"", ""hypothesis"": ""sing"", ""langid"": ""other""}, {""operation"": ""correct"", ""reference"": ""paling"", ""hypothesis"": ""paling"", ""langid"": ""other""}, {""operation"": ""substitution"", ""reference"": ""sêring"", ""hypothesis"": ""sering"", ""langid"": ""other""}, {""operation"": ""correct"", ""reference"": ""tak"", ""hypothesis"": ""tak"", ""langid"": ""other""}, {""operation"": ""deletion"", ""reference"": ""lakoni"", ""hypothesis"": """", ""langid"": ""other""}, {""operation"": ""substitution"", ""reference"": ""ya"", ""hypothesis"": ""elakon"", ""langid"": ""other""}, {""operation"": ""substitution"", ""reference"": ""lari"", ""hypothesis"": ""alari"", ""langid"": ""other""}]",wav2vec2,indonesian-nlp/wav2vec2-indonesian-javanese-sundanese,cpu
processed_indonesia/wav2vec2_300/02_vad/jember_095_0025.wav,"Ya, digawe jajan-jajanan.",yoh digei jacan cejanan,"[""other""]",unknown,1.333333,"{""other"": {""deletions"": 0, ""insertions"": 1, ""reference_words"": 3, ""substitutions"": 3, ""wer"": 1.3333333333333333}}","[{""operation"": ""insertion"", ""reference"": """", ""hypothesis"": ""yoh"", ""langid"": ""other""}, {""operation"": ""substitution"", ""reference"": ""ya"", ""hypothesis"": ""digei"", ""langid"": ""other""}, {""operation"": ""substitution"", ""reference"": ""digawe"", ""hypothesis"": ""jacan"", ""langid"": ""other""}, {""operation"": ""substitution"", ""reference"": ""jajan-jajanan"", ""hypothesis"": ""cejanan"", ""langid"": ""other""}]",wav2vec2,indonesian-nlp/wav2vec2-indonesian-javanese-sundanese,cpu
processed_indonesia/wav2vec2_300/02_vad/jember_030_0133.wav,"Cuma sikedar ngehibur diri, tapi gak ana isine.",cuma sekedar menhibur diri tapi gak ana is,"[""other""]",unknown,0.375000,"{""other"": {""deletions"": 0, ""insertions"": 0, ""reference_words"": 8, ""substitutions"": 3, ""wer"": 0.375}}","[{""operation"": ""correct"", ""reference"": ""cuma"", ""hypothesis"": ""cuma"", ""langid"": ""other""}, {""operation"": ""substitution"", ""reference"": ""sikedar"", ""hypothesis"": ""sekedar"", ""langid"": ""other""}, {""operation"": ""substitution"", ""reference"": ""ngehibur"", ""hypothesis"": ""menhibur"", ""langid"": ""other""}, {""operation"": ""correct"", ""reference"": ""diri"", ""hypothesis"": ""diri"", ""langid"": ""other""}, {""operation"": ""correct"", ""reference"": ""tapi"", ""hypothesis"": ""tapi"", ""langid"": ""other""}, {""operation"": ""correct"", ""reference"": ""gak"", ""hypothesis"": ""gak"", ""langid"": ""other""}, {""operation"": ""correct"", ""reference"": ""ana"", ""hypothesis"": ""ana"", ""langid"": ""other""}, {""operation"": ""substitution"", ""reference"": ""isine"", ""hypothesis"": ""is"", ""langid"": ""other""}]",wav2vec2,indonesian-nlp/wav2vec2-indonesian-javanese-sundanese,cpu
processed_indonesia/wav2vec2_300/02_vad/jember_040_0056.wav,Těrus nèk carane ngajak masyarakat utawa wong-wong cêdhak supaya gêlêm ngrawat lingkungan ngono piye menurutmu?,terus nek carane ngajak masyarakat utawa wong wong cedhak supaya gelem ngrawat lingkungan ngna bie menutut,"[""other""]",unknown,0.600000,"{""other"": {""deletions"": 0, ""insertions"": 1, ""reference_words"": 15, ""substitutions"": 8, ""wer"": 0.6}}","[{""operation"": ""substitution"", ""reference"": ""těrus"", ""hypothesis"": ""terus"", ""langid"": ""other""}, {""operation"": ""substitution"", ""reference"": ""nèk"", ""hypothesis"": ""nek"", ""langid"": ""other""}, {""operation"": ""correct"", ""reference"": ""carane"", ""hypothesis"": ""carane"", ""langid"": ""other""}, {""operation"": ""correct"", ""reference"": ""ngajak"", ""hypothesis"": ""ngajak"", ""langid"": ""other""}, {""operation"": ""correct"", ""reference"": ""masyarakat"", ""hypothesis"": ""masyarakat"", ""langid"": ""other""}, {""operation"": ""correct"", ""reference"": ""utawa"", ""hypothesis"": ""utawa"", ""langid"": ""other""}, {""operation"": ""insertion"", ""reference"": """", ""hypothesis"": ""wong"", ""langid"": ""other""}, {""operation"": ""substitution"", ""reference"": ""wong-wong"", ""hypothesis"": ""wong"", ""langid"": ""other""}, {""operation"": ""substitution"", ""reference"": ""cêdhak"", ""hypothesis"": ""cedhak"", ""langid"": ""other""}, {""operation"": ""correct"", ""reference"": ""supaya"", ""hypothesis"": ""supaya"", ""langid"": ""other""}, {""operation"": ""substitution"", ""reference"": ""gêlêm"", ""hypothesis"": ""gelem"", ""langid"": ""other""}, {""operation"": ""correct"", ""reference"": ""ngrawat"", ""hypothesis"": ""ngrawat"", ""langid"": ""other""}, {""operation"": ""correct"", ""reference"": ""lingkungan"", ""hypothesis"": ""lingkungan"", ""langid"": ""other""}, {""operation"": ""substitution"", ""reference"": ""ngono"", ""hypothesis"": ""ngna"", ""langid"": ""other""}, {""operation"": ""substitution"", ""reference"": ""piye"", ""hypothesis"": ""bie"", ""langid"": ""other""}, {""operation"": ""substitution"", ""reference"": ""menurutmu"", ""hypothesis"": ""menutut"", ""langid"": ""other""}]",wav2vec2,indonesian-nlp/wav2vec2-indonesian-javanese-sundanese,cpu
processed_indonesia/wav2vec2_300/02_vad/indonesian_dev_d448f57d6a4f42ea92a8f11e075a8df1.wav,"Kuwi ra hobi thuk, kuwi ya gur... kuwi kerja jenenge nek nggo cuan ki. Hobi ya ngentekke duwit, hobi ya... hobi ya... ngentekke kertu. Cuma kowe seneng ngono loh. Dadi ya, ya... hobi, lakukanlah hobimu dengan... dengan... dengan bahagia. Dadi kowe gak perlu mikir, hobi kudu cuan, hobi kudu iki, hobi kudu A, kudu B, kudu C, ora. Penting wes seneng, nglakuin kuwi, terus seneng, ya kuwi hobi.",kuira hopito ki ugur kuwi kerja jenengenek enggo cuanke hobi ya ngenteke duwit hobi ya hobi ya ngentiewertu jima aku wiseneng loh hedi ya ya hobi lakukan hobilumua dengan dengan dengan bahagiah titi ki gak memperlu mikir hobi gudu juan hobi kudu iki hobi kudu aku dube kudu bije orak penting wis reneng akquin kuwi terus seneng yapi hobi,"[""other""]",unknown,0.632353,"{""other"": {""deletions"": 9, ""insertions"": 0, ""reference_words"": 68, ""substitutions"": 34, ""wer"": 0.6323529411764706}}","[{""operation"": ""deletion"", ""reference"": ""kuwi"", ""hypothesis"": """", ""langid"": ""other""}, {""operation"": ""deletion"", ""reference"": ""ra"", ""hypothesis"": """", ""langid"": ""other""}, {""operation"": ""deletion"", ""reference"": ""hobi"", ""hypothesis"": """", ""langid"": ""other""}, {""operation"": ""substitution"", ""reference"": ""thuk"", ""hypothesis"": ""kuira"", ""langid"": ""other""}, {""operation"": ""substitution"", ""reference"": ""kuwi"", ""hypothesis"": ""hopito"", ""langid"": ""other""}, {""operation"": ""substitution"", ""reference"": ""ya"", ""hypothesis"": ""ki"", ""langid"": ""other""}, {""operation"": ""substitution"", ""reference"": ""gur..."", ""hypothesis"": ""ugur"", ""langid"": ""other""}, {""operation"": ""correct"", ""reference"": ""kuwi"", ""hypothesis"": ""kuwi"", ""langid"": ""other""}, {""operation"": ""correct"", ""reference"": ""kerja"", ""hypothesis"": ""kerja"", ""langid"": ""other""}, {""operation"": ""deletion"", ""reference"": ""jenenge"", ""hypothesis"": """", ""langid"": ""other""}, {""operation"": ""deletion"", ""reference"": ""nek"", ""hypothesis"": """", ""langid"": ""other""}, {""operation"": ""substitution"", ""reference"": ""nggo"", ""hypothesis"": ""jenengenek"", ""langid"": ""other""}, {""operation"": ""substitution"", ""reference"": ""cuan"", ""hypothesis"": ""enggo"", ""langid"": ""other""}, {""operation"": ""substitution"", ""reference"": ""ki"", ""hypothesis"": ""cuanke"", ""langid"": ""other""}, {""operation"": ""correct"", ""reference"": ""hobi"", ""hypothesis"": ""hobi"", ""langid"": ""other""}, {""operation"": ""correct"", ""reference"": ""ya"", ""hypothesis"": ""ya"", ""langid"": ""other""}, {""operation"": ""substitution"", ""reference"": ""ngentekke"", ""hypothesis"": ""ngenteke"", ""langid"": ""other""}, {""operation"": ""correct"", ""reference"": ""duwit"", ""hypothesis"": ""duwit"", ""langid"": ""other""}, {""operation"": ""correct"", ""reference"": ""hobi"", ""hypothesis"": ""hobi"", ""langid"": ""other""}, {""operation"": ""substitution"", ""reference"": ""ya..."", ""hypothesis"": ""ya"", ""langid"": ""other""}, {""operation"": ""correct"", ""reference"": ""hobi"", ""hypothesis"": ""hobi"", ""langid"": ""other""}, {""operation"": ""deletion"", ""reference"": ""ya..."", ""hypothesis"": """", ""langid"": ""other""}, {""operation"": ""deletion"", ""reference"": ""ngentekke"", ""hypothesis"": """", ""langid"": ""other""}, {""operation"": ""substitution"", ""reference"": ""kertu"", ""hypothesis"": ""ya"", ""langid"": ""other""}, {""operation"": ""substitution"", ""reference"": ""cuma"", ""hypothesis"": ""ngentiewertu"", ""langid"": ""other""}, {""operation"": ""substitution"", ""reference"": ""kowe"", ""hypothesis"": ""jima"", ""langid"": ""other""}, {""operation"": ""substitution"", ""reference"": ""seneng"", ""hypothesis"": ""aku"", ""langid"": ""other""}, {""operation"": ""substitution"", ""reference"": ""ngono"", ""hypothesis"": ""wiseneng"", ""langid"": ""other""}, {""operation"": ""correct"", ""reference"": ""loh"", ""hypothesis"": ""loh"", ""langid"": ""other""}, {""operation"": ""substitution"", ""reference"": ""dadi"", ""hypothesis"": ""hedi"", ""langid"": ""other""}, {""operation"": ""correct"", ""reference"": ""ya"", ""hypothesis"": ""ya"", ""langid"": ""other""}, {""operation"": ""substitution"", ""reference"": ""ya..."", ""hypothesis"": ""ya"", ""langid"": ""other""}, {""operation"": ""correct"", ""reference"": ""hobi"", ""hypothesis"": ""hobi"", ""langid"": ""other""}, {""operation"": ""substitution"", ""reference"": ""lakukanlah"", ""hypothesis"": ""lakukan"", ""langid"": ""other""}, {""operation"": ""substitution"", ""reference"": ""hobimu"", ""hypothesis"": ""hobilumua"", ""langid"": ""other""}, {""operation"": ""substitution"", ""reference"": ""dengan..."", ""hypothesis"": ""dengan"", ""langid"": ""other""}, {""operation"": ""substitution"", ""reference"": ""dengan..."", ""hypothesis"": ""dengan"", ""langid"": ""other""}, {""operation"": ""correct"", ""reference"": ""dengan"", ""hypothesis"": ""dengan"", ""langid"": ""other""}, {""operation"": ""substitution"", ""reference"": ""bahagia"", ""hypothesis"": ""bahagiah"", ""langid"": ""other""}, {""operation"": ""substitution"", ""reference"": ""dadi"", ""hypothesis"": ""titi"", ""langid"": ""other""}, {""operation"": ""substitution"", ""reference"": ""kowe"", ""hypothesis"": ""ki"", ""langid"": ""other""}, {""operation"": ""correct"", ""reference"": ""gak"", ""hypothesis"": ""gak"", ""langid"": ""other""}, {""operation"": ""substitution"", ""reference"": ""perlu"", ""hypothesis"": ""memperlu"", ""langid"": ""other""}, {""operation"": ""correct"", ""reference"": ""mikir"", ""hypothesis"": ""mikir"", ""langid"": ""other""}, {""operation"": ""correct"", ""reference"": ""hobi"", ""hypothesis"": ""hobi"", ""langid"": ""other""}, {""operation"": ""substitution"", ""reference"": ""kudu"", ""hypothesis"": ""gudu"", ""langid"": ""other""}, {""operation"": ""substitution"", ""reference"": ""cuan"", ""hypothesis"": ""juan"", ""langid"": ""other""}, {""operation"": ""correct"", ""reference"": ""hobi"", ""hypothesis"": ""hobi"", ""langid"": ""other""}, {""operation"": ""correct"", ""reference"": ""kudu"", ""hypothesis"": ""kudu"", ""langid"": ""other""}, {""operation"": ""correct"", ""reference"": ""iki"", ""hypothesis"": ""iki"", ""langid"": ""other""}, {""operation"": ""correct"", ""reference"": ""hobi"", ""hypothesis"": ""hobi"", ""langid"": ""other""}, {""operation"": ""correct"", ""reference"": ""kudu"", ""hypothesis"": ""kudu"", ""langid"": ""other""}, {""operation"": ""deletion"", ""reference"": ""A"", ""hypothesis"": """", ""langid"": ""other""}, {""operation"": ""substitution"", ""reference"": ""kudu"", ""hypothesis"": ""aku"", ""langid"": ""other""}, {""operation"": ""substitution"", ""reference"": ""B"", ""hypothesis"": ""dube"", ""langid"": ""other""}, {""operation"": ""correct"", ""reference"": ""kudu"", ""hypothesis"": ""kudu"", ""langid"": ""other""}, {""operation"": ""substitution"", ""reference"": ""C"", ""hypothesis"": ""bije"", ""langid"": ""other""}, {""operation"": ""substitution"", ""reference"": ""ora"", ""hypothesis"": ""orak"", ""langid"": ""other""}, {""operation"": ""correct"", ""reference"": ""penting"", ""hypothesis"": ""penting"", ""langid"": ""other""}, {""operation"": ""substitution"", ""reference"": ""wes"", ""hypothesis"": ""wis"", ""langid"": ""other""}, {""operation"": ""substitution"", ""reference"": ""seneng"", ""hypothesis"": ""reneng"", ""langid"": ""other""}, {""operation"": ""substitution"", ""reference"": ""nglakuin"", ""hypothesis"": ""akquin"", ""langid"": ""other""}, {""operation"": ""correct"", ""reference"": ""kuwi"", ""hypothesis"": ""kuwi"", ""langid"": ""other""}, {""operation"": ""correct"", ""reference"": ""terus"", ""hypothesis"": ""terus"", ""langid"": ""other""}, {""operation"": ""correct"", ""reference"": ""seneng"", ""hypothesis"": ""seneng"", ""langid"": ""other""}, {""operation"": ""deletion"", ""reference"": ""ya"", ""hypothesis"": """", ""langid"": ""other""}, {""operation"": ""substitution"", ""reference"": ""kuwi"", ""hypothesis"": ""yapi"", ""langid"": ""other""}, {""operation"": ""correct"", ""reference"": ""hobi"", ""hypothesis"": ""hobi"", ""langid"": ""other""}]",wav2vec2,indonesian-nlp/wav2vec2-indonesian-javanese-sundanese,cpu
processed_indonesia/wav2vec2_300/02_vad/jember_052_0001.wav,"Lèk kuliah Agrotêkalogi iku sinaune, iku pelajaran mulai têka budidaya tanaman, mulai têka nandur, mulai têka perawatan tanamane, těruskaya nyiram-nyiram, ngganti tanaman.",lkuliarger teknologi kusinaone iku pelajaran mulai tk budhidaya tanaman mulai takanandur mulai  perawatan tanamani terus kaok nyiram nyira engganti tanaman,"[""other""]",unknown,0.727273,"{""other"": {""deletions"": 2, ""insertions"": 0, ""reference_words"": 22, ""substitutions"": 14, ""wer"": 0.7272727272727273}}","[{""operation"": ""deletion"", ""reference"": ""lèk"", ""hypothesis"": """", ""langid"": ""other""}, {""operation"": ""deletion"", ""reference"": ""kuliah"", ""hypothesis"": """", ""langid"": ""other""}, {""operation"": ""substitution"", ""reference"": ""Agrotêkalogi"", ""hypothesis"": ""lkuliarger"", ""langid"": ""other""}, {""operation"": ""substitution"", ""reference"": ""iku"", ""hypothesis"": ""teknologi"", ""langid"": ""other""}, {""operation"": ""substitution"", ""reference"": ""sinaune"", ""hypothesis"": ""kusinaone"", ""langid"": ""other""}, {""operation"": ""correct"", ""reference"": ""iku"", ""hypothesis"": ""iku"", ""langid"": ""other""}, {""operation"": ""correct"", ""reference"": ""pelajaran"", ""hypothesis"": ""pelajaran"", ""langid"": ""other""}, {""operation"": ""correct"", ""reference"": ""mulai"", ""hypothesis"": ""mulai"", ""langid"": ""other""}, {""operation"": ""substitution"", ""reference"": ""têka"", ""hypothesis"": ""tk"", ""langid"": ""other""}, {""operation"": ""substitution"", ""reference"": ""budidaya"", ""hypothesis"": ""budhidaya"", ""langid"": ""other""}, {""operation"": ""correct"", ""reference"": ""tanaman"", ""hypothesis"": ""tanaman"", ""langid"": ""other""}, {""operation"": ""correct"", ""reference"": ""mulai"", ""hypothesis"": ""mulai"", ""langid"": ""other""}, {""operation"": ""substitution"", ""reference"": ""têka"", ""hypothesis"": ""takanandur"", ""langid"": ""other""}, {""operation"": ""substitution"", ""reference"": ""nandur"", ""hypothesis"": ""mulai"", ""langid"": ""other""}, {""operation"": ""substitution"", ""reference"": ""mulai"", ""hypothesis"": ""perawatan"", ""langid"": ""other""}, {""operation"": ""substitution"", ""reference"": ""têka"", ""hypothesis"": ""tanamani"", ""langid"": ""other""}, {""operation"": ""substitution"", ""reference"": ""perawatan"", ""hypothesis"": ""terus"", ""langid"": ""other""}, {""operation"": ""substitution"", ""reference"": ""tanamane"", ""hypothesis"": ""kaok"", ""langid"": ""other""}, {""operation"": ""substitution"", ""reference"": ""těruskaya"", ""hypothesis"": ""nyiram"", ""langid"": ""other""}, {""operation"": ""substitution"", ""reference"": ""nyiram-nyiram"", ""hypothesis"": ""nyira"", ""langid"": ""other""}, {""operation"": ""substitution"", ""reference"": ""ngganti"", ""hypothesis"": ""engganti"", ""langid"": ""other""}, {""operation"": ""correct"", ""reference"": ""tanaman"", ""hypothesis"": ""tanaman"", ""langid"": ""other""}]",wav2vec2,indonesian-nlp/wav2vec2-indonesian-javanese-sundanese,cpu
processed_indonesia/wav2vec2_300/02_vad/jember_178_0008.wav,Kaya contoe macan kumbang sing paling cêdhêk mbêk awake dhewe.,nothok koyok contoe macan kumbang sing paling cedhek ber tt,"[""other""]",unknown,0.600000,"{""other"": {""deletions"": 1, ""insertions"": 1, ""reference_words"": 10, ""substitutions"": 4, ""wer"": 0.6}}","[{""operation"": ""insertion"", ""reference"": """", ""hypothesis"": ""nothok"", ""langid"": ""other""}, {""operation"": ""substitution"", ""reference"": ""kaya"", ""hypothesis"": ""koyok"", ""langid"": ""other""}, {""operation"": ""correct"", ""reference"": ""contoe"", ""hypothesis"": ""contoe"", ""langid"": ""other""}, {""operation"": ""correct"", ""reference"": ""macan"", ""hypothesis"": ""macan"", ""langid"": ""other""}, {""operation"": ""correct"", ""reference"": ""kumbang"", ""hypothesis"": ""kumbang"", ""langid"": ""other""}, {""operation"": ""correct"", ""reference"": ""sing"", ""hypothesis"": ""sing"", ""langid"": ""other""}, {""operation"": ""correct"", ""reference"": ""paling"", ""hypothesis"": ""paling"", ""langid"": ""other""}, {""operation"": ""deletion"", ""reference"": ""cêdhêk"", ""hypothesis"": """", ""langid"": ""other""}, {""operation"": ""substitution"", ""reference"": ""mbêk"", ""hypothesis"": ""cedhek"", ""langid"": ""other""}, {""operation"": ""substitution"", ""reference"": ""awake"", ""hypothesis"": ""ber"", ""langid"": ""other""}, {""operation"": ""substitution"", ""reference"": ""dhewe"", ""hypothesis"": ""tt"", ""langid"": ""other""}]",wav2vec2,indonesian-nlp/wav2vec2-indonesian-javanese-sundanese,cpu
processed_indonesia/wav2vec2_300/02_vad/jember_131_0001.wav,"Em..., tak pikir-pikir, Bali sih.",e tak bikaypiir pali sih,"[""other""]",unknown,0.600000,"{""other"": {""deletions"": 0, ""insertions"": 0, ""reference_words"": 5, ""substitutions"": 3, ""wer"": 0.6}}","[{""operation"": ""substitution"", ""reference"": ""em..."", ""hypothesis"": ""e"", ""langid"": ""other""}, {""operation"": ""correct"", ""reference"": ""tak"", ""hypothesis"": ""tak"", ""langid"": ""other""}, {""operation"": ""substitution"", ""reference"": ""pikir-pikir"", ""hypothesis"": ""bikaypiir"", ""langid"": ""other""}, {""operation"": ""substitution"", ""reference"": ""Bali"", ""hypothesis"": ""pali"", ""langid"": ""other""}, {""operation"": ""correct"", ""reference"": ""sih"", ""hypothesis"": ""sih"", ""langid"": ""other""}]",wav2vec2,indonesian-nlp/wav2vec2-indonesian-javanese-sundanese,cpu
processed_indonesia/wav2vec2_300/02_vad/jember_036_0004.wav,"Biasane ki kêsêringan kuliah masuk jam sembilan, he'em, jam setengah sêpulahan ika, sampèk sore kuwi wis.",bersi resi biasane ke keseringan kuliah masuk jamsembilan jam stangah sepolah anikah sampai sore kues,"[""other""]",unknown,0.812500,"{""other"": {""deletions"": 3, ""insertions"": 2, ""reference_words"": 16, ""substitutions"": 8, ""wer"": 0.8125}}","[{""operation"": ""insertion"", ""reference"": """", ""hypothesis"": ""bersi"", ""langid"": ""other""}, {""operation"": ""insertion"", ""reference"": """", ""hypothesis"": ""resi"", ""langid"": ""other""}, {""operation"": ""correct"", ""reference"": ""biasane"", ""hypothesis"": ""biasane"", ""langid"": ""other""}, {""operation"": ""substitution"", ""reference"": ""ki"", ""hypothesis"": ""ke"", ""langid"": ""other""}, {""operation"": ""substitution"", ""reference"": ""kêsêringan"", ""hypothesis"": ""keseringan"", ""langid"": ""other""}, {""operation"": ""correct"", ""reference"": ""kuliah"", ""hypothesis"": ""kuliah"", ""langid"": ""other""}, {""operation"": ""correct"", ""reference"": ""masuk"", ""hypothesis"": ""masuk"", ""langid"": ""other""}, {""operation"": ""deletion"", ""reference"": ""jam"", ""hypothesis"": """", ""langid"": ""other""}, {""operation"": ""deletion"", ""reference"": ""sembilan"", ""hypothesis"": """", ""langid"": ""other""}, {""operation"": ""substitution"", ""reference"": ""he'em"", ""hypothesis"": ""jamsembilan"", ""langid"": ""other""}, {""operation"": ""correct"", ""reference"": ""jam"", ""hypothesis"": ""jam"", ""langid"": ""other""}, {""operation"": ""substitution"", ""reference"": ""setengah"", ""hypothesis"": ""stangah"", ""langid"": ""other""}, {""operation"": ""substitution"", ""reference"": ""sêpulahan"", ""hypothesis"": ""sepolah"", ""langid"": ""other""}, {""operation"": ""substitution"", ""reference"": ""ika"", ""hypothesis"": ""anikah"", ""langid"": ""other""}, {""operation"": ""substitution"", ""reference"": ""sampèk"", ""hypothesis"": ""sampai"", ""langid"": ""other""}, {""operation"": ""correct"", ""reference"": ""sore"", ""hypothesis"": ""sore"", ""langid"": ""other""}, {""operation"": ""deletion"", ""reference"": ""kuwi"", ""hypothesis"": """", ""langid"": ""other""}, {""operation"": ""substitution"", ""reference"": ""wis"", ""hypothesis"": ""kues"", ""langid"": ""other""}]",wav2vec2,indonesian-nlp/wav2vec2-indonesian-javanese-sundanese,cpu
processed_indonesia/wav2vec2_300/02_vad/jember_207_0029.wav,"Udu uwong sing emang sêring maca komik ngono, udu penikmat komik.",ara ngronu udu uwong sing emang sering maca komik menuduk pnikmat comik,"[""other""]",unknown,0.636364,"{""other"": {""deletions"": 1, ""insertions"": 2, ""reference_words"": 11, ""substitutions"": 4, ""wer"": 0.6363636363636364}}","[{""operation"": ""insertion"", ""reference"": """", ""hypothesis"": ""ara"", ""langid"": ""other""}, {""operation"": ""insertion"", ""reference"": """", ""hypothesis"": ""ngronu"", ""langid"": ""other""}, {""operation"": ""correct"", ""reference"": ""udu"", ""hypothesis"": ""udu"", ""langid"": ""other""}, {""operation"": ""correct"", ""reference"": ""uwong"", ""hypothesis"": ""uwong"", ""langid"": ""other""}, {""operation"": ""correct"", ""reference"": ""sing"", ""hypothesis"": ""sing"", ""langid"": ""other""}, {""operation"": ""correct"", ""reference"": ""emang"", ""hypothesis"": ""emang"", ""langid"": ""other""}, {""operation"": ""substitution"", ""reference"": ""sêring"", ""hypothesis"": ""sering"", ""langid"": ""other""}, {""operation"": ""correct"", ""reference"": ""maca"", ""hypothesis"": ""maca"", ""langid"": ""other""}, {""operation"": ""correct"", ""reference"": ""komik"", ""hypothesis"": ""komik"", ""langid"": ""other""}, {""operation"": ""deletion"", ""reference"": ""ngono"", ""hypothesis"": """", ""langid"": ""other""}, {""operation"": ""substitution"", ""reference"": ""udu"", ""hypothesis"": ""menuduk"", ""langid"": ""other""}, {""operation"": ""substitution"", ""reference"": ""penikmat"", ""hypothesis"": ""pnikmat"", ""langid"": ""other""}, {""operation"": ""substitution"", ""reference"": ""komik"", ""hypothesis"": ""comik"", ""langid"": ""other""}]",wav2vec2,indonesian-nlp/wav2vec2-indonesian-javanese-sundanese,cpu
processed_indonesia/wav2vec2_300/02_vad/jember_107_0043.wav,Soale kan duduk pabrikan.,iamai soale kan dedi pabrik,"[""other""]",unknown,0.750000,"{""other"": {""deletions"": 0, ""insertions"": 1, ""reference_words"": 4, ""substitutions"": 2, ""wer"": 0.75}}","[{""operation"": ""insertion"", ""reference"": """", ""hypothesis"": ""iamai"", ""langid"": ""other""}, {""operation"": ""correct"", ""reference"": ""soale"", ""hypothesis"": ""soale"", ""langid"": ""other""}, {""operation"": ""correct"", ""reference"": ""kan"", ""hypothesis"": ""kan"", ""langid"": ""other""}, {""operation"": ""substitution"", ""reference"": ""duduk"", ""hypothesis"": ""dedi"", ""langid"": ""other""}, {""operation"": ""substitution"", ""reference"": ""pabrikan"", ""hypothesis"": ""pabrik"", ""langid"": ""other""}]",wav2vec2,indonesian-nlp/wav2vec2-indonesian-javanese-sundanese,cpu
processed_indonesia/wav2vec2_300/02_vad/jember_202_0015.wav,Kan ana sêkolah swasta yayasan ngono sing biayane minim.,stucqi lara angken onok sekoloh swasta yayasan ngana sing biayan,"[""other""]",unknown,0.888889,"{""other"": {""deletions"": 1, ""insertions"": 2, ""reference_words"": 9, ""substitutions"": 5, ""wer"": 0.8888888888888888}}","[{""operation"": ""insertion"", ""reference"": """", ""hypothesis"": ""stucqi"", ""langid"": ""other""}, {""operation"": ""insertion"", ""reference"": """", ""hypothesis"": ""lara"", ""langid"": ""other""}, {""operation"": ""substitution"", ""reference"": ""kan"", ""hypothesis"": ""angken"", ""langid"": ""other""}, {""operation"": ""substitution"", ""reference"": ""ana"", ""hypothesis"": ""onok"", ""langid"": ""other""}, {""operation"": ""substitution"", ""reference"": ""sêkolah"", ""hypothesis"": ""sekoloh"", ""langid"": ""other""}, {""operation"": ""correct"", ""reference"": ""swasta"", ""hypothesis"": ""swasta"", ""langid"": ""other""}, {""operation"": ""correct"", ""reference"": ""yayasan"", ""hypothesis"": ""yayasan"", ""langid"": ""other""}, {""operation"": ""substitution"", ""reference"": ""ngono"", ""hypothesis"": ""ngana"", ""langid"": ""other""}, {""operation"": ""correct"", ""reference"": ""sing"", ""hypothesis"": ""sing"", ""langid"": ""other""}, {""operation"": ""deletion"", ""reference"": ""biayane"", ""hypothesis"": """", ""langid"": ""other""}, {""operation"": ""substitution"", ""reference"": ""minim"", ""hypothesis"": ""biayan"", ""langid"": ""other""}]",wav2vec2,indonesian-nlp/wav2vec2-indonesian-javanese-sundanese,cpu
processed_indonesia/wav2vec2_300/02_vad/jember_103_0033.wav,"Ya, maksude, dibahas poin-poine ae, soale arèk-arèk iki sêlak jumatan ngono kan.",yo mesti dibaspoyn poyn ni ae soale arek areki salak jumatannan,"[""other""]",unknown,0.916667,"{""other"": {""deletions"": 2, ""insertions"": 1, ""reference_words"": 12, ""substitutions"": 8, ""wer"": 0.9166666666666666}}","[{""operation"": ""insertion"", ""reference"": """", ""hypothesis"": ""yo"", ""langid"": ""other""}, {""operation"": ""substitution"", ""reference"": ""ya"", ""hypothesis"": ""mesti"", ""langid"": ""other""}, {""operation"": ""substitution"", ""reference"": ""maksude"", ""hypothesis"": ""dibaspoyn"", ""langid"": ""other""}, {""operation"": ""substitution"", ""reference"": ""dibahas"", ""hypothesis"": ""poyn"", ""langid"": ""other""}, {""operation"": ""substitution"", ""reference"": ""poin-poine"", ""hypothesis"": ""ni"", ""langid"": ""other""}, {""operation"": ""correct"", ""reference"": ""ae"", ""hypothesis"": ""ae"", ""langid"": ""other""}, {""operation"": ""correct"", ""reference"": ""soale"", ""hypothesis"": ""soale"", ""langid"": ""other""}, {""operation"": ""deletion"", ""reference"": ""arèk-arèk"", ""hypothesis"": """", ""langid"": ""other""}, {""operation"": ""deletion"", ""reference"": ""iki"", ""hypothesis"": """", ""langid"": ""other""}, {""operation"": ""substitution"", ""reference"": ""sêlak"", ""hypothesis"": ""arek"", ""langid"": ""other""}, {""operation"": ""substitution"", ""reference"": ""jumatan"", ""hypothesis"": ""areki"", ""langid"": ""other""}, {""operation"": ""substitution"", ""reference"": ""ngono"", ""hypothesis"": ""salak"", ""langid"": ""other""}, {""operation"": ""substitution"", ""reference"": ""kan"", ""hypothesis"": ""jumatannan"", ""langid"": ""other""}]",wav2vec2,indonesian-nlp/wav2vec2-indonesian-javanese-sundanese,cpu
processed_indonesia/wav2vec2_300/02_vad/jember_064_0008.wav,"Těrus sing ke loro ya biasane wong-wong nèk ngêrti carane ngelola, apa?",trus sing kloro ya biasane wong wong nek ngerti carane ngelola,"[""other""]",unknown,0.666667,"{""other"": {""deletions"": 2, ""insertions"": 1, ""reference_words"": 12, ""substitutions"": 5, ""wer"": 0.6666666666666666}}","[{""operation"": ""substitution"", ""reference"": ""těrus"", ""hypothesis"": ""trus"", ""langid"": ""other""}, {""operation"": ""correct"", ""reference"": ""sing"", ""hypothesis"": ""sing"", ""langid"": ""other""}, {""operation"": ""deletion"", ""reference"": ""ke"", ""hypothesis"": """", ""langid"": ""other""}, {""operation"": ""substitution"", ""reference"": ""loro"", ""hypothesis"": ""kloro"", ""langid"": ""other""}, {""operation"": ""correct"", ""reference"": ""ya"", ""hypothesis"": ""ya"", ""langid"": ""other""}, {""operation"": ""correct"", ""reference"": ""biasane"", ""hypothesis"": ""biasane"", ""langid"": ""other""}, {""operation"": ""insertion"", ""reference"": """", ""hypothesis"": ""wong"", ""langid"": ""other""}, {""operation"": ""substitution"", ""reference"": ""wong-wong"", ""hypothesis"": ""wong"", ""langid"": ""other""}, {""operation"": ""substitution"", ""reference"": ""nèk"", ""hypothesis"": ""nek"", ""langid"": ""other""}, {""operation"": ""substitution"", ""reference"": ""ngêrti"", ""hypothesis"": ""ngerti"", ""langid"": ""other""}, {""operation"": ""correct"", ""reference"": ""carane"", ""hypothesis"": ""carane"", ""langid"": ""other""}, {""operation"": ""correct"", ""reference"": ""ngelola"", ""hypothesis"": ""ngelola"", ""langid"": ""other""}, {""operation"": ""deletion"", ""reference"": ""apa"", ""hypothesis"": """", ""langid"": ""other""}]",wav2vec2,indonesian-nlp/wav2vec2-indonesian-javanese-sundanese,cpu
processed_indonesia/wav2vec2_300/02_vad/jember_103_0003.wav,"Nah, tak kira jam sanga wis rame.",ni kancaku sempruh lah tak kira jam sangu wis rame,"[""other""]",unknown,0.714286,"{""other"": {""deletions"": 0, ""insertions"": 3, ""reference_words"": 7, ""substitutions"": 2, ""wer"": 0.7142857142857143}}","[{""operation"": ""insertion"", ""reference"": """", ""hypothesis"": ""ni"", ""langid"": ""other""}, {""operation"": ""insertion"", ""reference"": """", ""hypothesis"": ""kancaku"", ""langid"": ""other""}, {""operation"": ""insertion"", ""reference"": """", ""hypothesis"": ""sempruh"", ""langid"": ""other""}, {""operation"": ""substitution"", ""reference"": ""nah"", ""hypothesis"": ""lah"", ""langid"": ""other""}, {""operation"": ""correct"", ""reference"": ""tak"", ""hypothesis"": ""tak"", ""langid"": ""other""}, {""operation"": ""correct"", ""reference"": ""kira"", ""hypothesis"": ""kira"", ""langid"": ""other""}, {""operation"": ""correct"", ""reference"": ""jam"", ""hypothesis"": ""jam"", ""langid"": ""other""}, {""operation"": ""substitution"", ""reference"": ""sanga"", ""hypothesis"": ""sangu"", ""langid"": ""other""}, {""operation"": ""correct"", ""reference"": ""wis"", ""hypothesis"": ""wis"", ""langid"": ""other""}, {""operation"": ""correct"", ""reference"": ""rame"", ""hypothesis"": ""rame"", ""langid"": ""other""}]",wav2vec2,indonesian-nlp/wav2vec2-indonesian-javanese-sundanese,cpu
processed_indonesia/wav2vec2_300/02_vad/jember_113_0023.wav,"Ampèk saiki, wong-wong iku sik, secara mutlak ngomong G30S PKI.",ampek saiki wongwong iku sik secara mutlak ngomonge tiga puluh espeer,"[""other""]",unknown,0.600000,"{""other"": {""deletions"": 0, ""insertions"": 1, ""reference_words"": 10, ""substitutions"": 5, ""wer"": 0.6}}","[{""operation"": ""substitution"", ""reference"": ""ampèk"", ""hypothesis"": ""ampek"", ""langid"": ""other""}, {""operation"": ""correct"", ""reference"": ""saiki"", ""hypothesis"": ""saiki"", ""langid"": ""other""}, {""operation"": ""substitution"", ""reference"": ""wong-wong"", ""hypothesis"": ""wongwong"", ""langid"": ""other""}, {""operation"": ""correct"", ""reference"": ""iku"", ""hypothesis"": ""iku"", ""langid"": ""other""}, {""operation"": ""correct"", ""reference"": ""sik"", ""hypothesis"": ""sik"", ""langid"": ""other""}, {""operation"": ""correct"", ""reference"": ""secara"", ""hypothesis"": ""secara"", ""langid"": ""other""}, {""operation"": ""correct"", ""reference"": ""mutlak"", ""hypothesis"": ""mutlak"", ""langid"": ""other""}, {""operation"": ""insertion"", ""reference"": """", ""hypothesis"": ""ngomonge"", ""langid"": ""other""}, {""operation"": ""substitution"", ""reference"": ""ngomong"", ""hypothesis"": ""tiga"", ""langid"": ""other""}, {""operation"": ""substitution"", ""reference"": ""G30S"", ""hypothesis"": ""puluh"", ""langid"": ""other""}, {""operation"": ""substitution"", ""reference"": ""PKI"", ""hypothesis"": ""espeer"", ""langid"": ""other""}]",wav2vec2,indonesian-nlp/wav2vec2-indonesian-javanese-sundanese,cpu
processed_indonesia/wav2vec2_300/02_vad/jember_183_0007.wav,"Awake dhewe, těrus, gak ana sinyal pisan kan, gak ana internet.",kanae dewe res gak onok sinyel pisan kank,"[""other""]",unknown,0.818182,"{""other"": {""deletions"": 3, ""insertions"": 0, ""reference_words"": 11, ""substitutions"": 6, ""wer"": 0.8181818181818182}}","[{""operation"": ""substitution"", ""reference"": ""awake"", ""hypothesis"": ""kanae"", ""langid"": ""other""}, {""operation"": ""substitution"", ""reference"": ""dhewe"", ""hypothesis"": ""dewe"", ""langid"": ""other""}, {""operation"": ""substitution"", ""reference"": ""těrus"", ""hypothesis"": ""res"", ""langid"": ""other""}, {""operation"": ""correct"", ""reference"": ""gak"", ""hypothesis"": ""gak"", ""langid"": ""other""}, {""operation"": ""substitution"", ""reference"": ""ana"", ""hypothesis"": ""onok"", ""langid"": ""other""}, {""operation"": ""substitution"", ""reference"": ""sinyal"", ""hypothesis"": ""sinyel"", ""langid"": ""other""}, {""operation"": ""correct"", ""reference"": ""pisan"", ""hypothesis"": ""pisan"", ""langid"": ""other""}, {""operation"": ""deletion"", ""reference"": ""kan"", ""hypothesis"": """", ""langid"": ""other""}, {""operation"": ""deletion"", ""reference"": ""gak"", ""hypothesis"": """", ""langid"": ""other""}, {""operation"": ""deletion"", ""reference"": ""ana"", ""hypothesis"": """", ""langid"": ""other""}, {""operation"": ""substitution"", ""reference"": ""internet"", ""hypothesis"": ""kank"", ""langid"": ""other""}]",wav2vec2,indonesian-nlp/wav2vec2-indonesian-javanese-sundanese,cpu
processed_indonesia/wav2vec2_300/02_vad/jember_107_0110.wav,"Ben apa ya? Ben mêsthi lah, mêsthi nguwoh iku lho.",ben opa ya ben mestilah mesti ngooingl,"[""other""]",unknown,0.700000,"{""other"": {""deletions"": 3, ""insertions"": 0, ""reference_words"": 10, ""substitutions"": 4, ""wer"": 0.7}}","[{""operation"": ""correct"", ""reference"": ""ben"", ""hypothesis"": ""ben"", ""langid"": ""other""}, {""operation"": ""substitution"", ""reference"": ""apa"", ""hypothesis"": ""opa"", ""langid"": ""other""}, {""operation"": ""correct"", ""reference"": ""ya"", ""hypothesis"": ""ya"", ""langid"": ""other""}, {""operation"": ""correct"", ""reference"": ""ben"", ""hypothesis"": ""ben"", ""langid"": ""other""}, {""operation"": ""deletion"", ""reference"": ""mêsthi"", ""hypothesis"": """", ""langid"": ""other""}, {""operation"": ""deletion"", ""reference"": ""lah"", ""hypothesis"": """", ""langid"": ""other""}, {""operation"": ""deletion"", ""reference"": ""mêsthi"", ""hypothesis"": """", ""langid"": ""other""}, {""operation"": ""substitution"", ""reference"": ""nguwoh"", ""hypothesis"": ""mestilah"", ""langid"": ""other""}, {""operation"": ""substitution"", ""reference"": ""iku"", ""hypothesis"": ""mesti"", ""langid"": ""other""}, {""operation"": ""substitution"", ""reference"": ""lho"", ""hypothesis"": ""ngooingl"", ""langid"": ""other""}]",wav2vec2,indonesian-nlp/wav2vec2-indonesian-javanese-sundanese,cpu
processed_indonesia/wav2vec2_300/02_vad/indonesian_dev_cbd5478514794022847722c78e1f4927.wav,"Aku ikut ekskul ini dari kelas satu, kelas sepuluh. Nah, biasanya kami latihan seminggu sekali habis selesai pelajaran sekolah terus ya main beberapa lagu atau disebut nama lagunya itu gending, gending Jawa gitu ya.",aku ikut ekskol ini dari kelas satu ka sepuluh nah biasanya kami latihan seminggu sekali api elesai pelasaran sekolah terus ya main beberapa lagu atau disebut nama lagunya itu kending gending jawa itu ya,"[""other""]",unknown,0.235294,"{""other"": {""deletions"": 0, ""insertions"": 0, ""reference_words"": 34, ""substitutions"": 8, ""wer"": 0.23529411764705882}}","[{""operation"": ""correct"", ""reference"": ""aku"", ""hypothesis"": ""aku"", ""langid"": ""other""}, {""operation"": ""correct"", ""reference"": ""ikut"", ""hypothesis"": ""ikut"", ""langid"": ""other""}, {""operation"": ""substitution"", ""reference"": ""ekskul"", ""hypothesis"": ""ekskol"", ""langid"": ""other""}, {""operation"": ""correct"", ""reference"": ""ini"", ""hypothesis"": ""ini"", ""langid"": ""other""}, {""operation"": ""correct"", ""reference"": ""dari"", ""hypothesis"": ""dari"", ""langid"": ""other""}, {""operation"": ""correct"", ""reference"": ""kelas"", ""hypothesis"": ""kelas"", ""langid"": ""other""}, {""operation"": ""correct"", ""reference"": ""satu"", ""hypothesis"": ""satu"", ""langid"": ""other""}, {""operation"": ""substitution"", ""reference"": ""kelas"", ""hypothesis"": ""ka"", ""langid"": ""other""}, {""operation"": ""correct"", ""reference"": ""sepuluh"", ""hypothesis"": ""sepuluh"", ""langid"": ""other""}, {""operation"": ""correct"", ""reference"": ""nah"", ""hypothesis"": ""nah"", ""langid"": ""other""}, {""operation"": ""correct"", ""reference"": ""biasanya"", ""hypothesis"": ""biasanya"", ""langid"": ""other""}, {""operation"": ""correct"", ""reference"": ""kami"", ""hypothesis"": ""kami"", ""langid"": ""other""}, {""operation"": ""correct"", ""reference"": ""latihan"", ""hypothesis"": ""latihan"", ""langid"": ""other""}, {""operation"": ""correct"", ""reference"": ""seminggu"", ""hypothesis"": ""seminggu"", ""langid"": ""other""}, {""operation"": ""correct"", ""reference"": ""sekali"", ""hypothesis"": ""sekali"", ""langid"": ""other""}, {""operation"": ""substitution"", ""reference"": ""habis"", ""hypothesis"": ""api"", ""langid"": ""other""}, {""operation"": ""substitution"", ""reference"": ""selesai"", ""hypothesis"": ""elesai"", ""langid"": ""other""}, {""operation"": ""substitution"", ""reference"": ""pelajaran"", ""hypothesis"": ""pelasaran"", ""langid"": ""other""}, {""operation"": ""correct"", ""reference"": ""sekolah"", ""hypothesis"": ""sekolah"", ""langid"": ""other""}, {""operation"": ""correct"", ""reference"": ""terus"", ""hypothesis"": ""terus"", ""langid"": ""other""}, {""operation"": ""correct"", ""reference"": ""ya"", ""hypothesis"": ""ya"", ""langid"": ""other""}, {""operation"": ""correct"", ""reference"": ""main"", ""hypothesis"": ""main"", ""langid"": ""other""}, {""operation"": ""correct"", ""reference"": ""beberapa"", ""hypothesis"": ""beberapa"", ""langid"": ""other""}, {""operation"": ""correct"", ""reference"": ""lagu"", ""hypothesis"": ""lagu"", ""langid"": ""other""}, {""operation"": ""correct"", ""reference"": ""atau"", ""hypothesis"": ""atau"", ""langid"": ""other""}, {""operation"": ""correct"", ""reference"": ""disebut"", ""hypothesis"": ""disebut"", ""langid"": ""other""}, {""operation"": ""correct"", ""reference"": ""nama"", ""hypothesis"": ""nama"", ""langid"": ""other""}, {""operation"": ""correct"", ""reference"": ""lagunya"", ""hypothesis"": ""lagunya"", ""langid"": ""other""}, {""operation"": ""correct"", ""reference"": ""itu"", ""hypothesis"": ""itu"", ""langid"": ""other""}, {""operation"": ""substitution"", ""reference"": ""gending"", ""hypothesis"": ""kending"", ""langid"": ""other""}, {""operation"": ""correct"", ""reference"": ""gending"", ""hypothesis"": ""gending"", ""langid"": ""other""}, {""operation"": ""substitution"", ""reference"": ""Jawa"", ""hypothesis"": ""jawa"", ""langid"": ""other""}, {""operation"": ""substitution"", ""reference"": ""gitu"", ""hypothesis"": ""itu"", ""langid"": ""other""}, {""operation"": ""correct"", ""reference"": ""ya"", ""hypothesis"": ""ya"", ""langid"": ""other""}]",wav2vec2,indonesian-nlp/wav2vec2-indonesian-javanese-sundanese,cpu
processed_indonesia/wav2vec2_300/02_vad/jember_002_0176.wav,Bioskop wae sik baru mbangun wingi.,he bios kopi sik baru mbangun wi,"[""other""]",unknown,0.666667,"{""other"": {""deletions"": 0, ""insertions"": 1, ""reference_words"": 6, ""substitutions"": 3, ""wer"": 0.6666666666666666}}","[{""operation"": ""insertion"", ""reference"": """", ""hypothesis"": ""he"", ""langid"": ""other""}, {""operation"": ""substitution"", ""reference"": ""bioskop"", ""hypothesis"": ""bios"", ""langid"": ""other""}, {""operation"": ""substitution"", ""reference"": ""wae"", ""hypothesis"": ""kopi"", ""langid"": ""other""}, {""operation"": ""correct"", ""reference"": ""sik"", ""hypothesis"": ""sik"", ""langid"": ""other""}, {""operation"": ""correct"", ""reference"": ""baru"", ""hypothesis"": ""baru"", ""langid"": ""other""}, {""operation"": ""correct"", ""reference"": ""mbangun"", ""hypothesis"": ""mbangun"", ""langid"": ""other""}, {""operation"": ""substitution"", ""reference"": ""wingi"", ""hypothesis"": ""wi"", ""langid"": ""other""}]",wav2vec2,indonesian-nlp/wav2vec2-indonesian-javanese-sundanese,cpu
processed_indonesia/wav2vec2_300/02_vad/jember_125_0006.wav,"Iku online ngono, nggawe zoom.",patikku oumlain ngono nggawe zu,"[""other""]",unknown,0.600000,"{""other"": {""deletions"": 0, ""insertions"": 0, ""reference_words"": 5, ""substitutions"": 3, ""wer"": 0.6}}","[{""operation"": ""substitution"", ""reference"": ""iku"", ""hypothesis"": ""patikku"", ""langid"": ""other""}, {""operation"": ""substitution"", ""reference"": ""online"", ""hypothesis"": ""oumlain"", ""langid"": ""other""}, {""operation"": ""correct"", ""reference"": ""ngono"", ""hypothesis"": ""ngono"", ""langid"": ""other""}, {""operation"": ""correct"", ""reference"": ""nggawe"", ""hypothesis"": ""nggawe"", ""langid"": ""other""}, {""operation"": ""substitution"", ""reference"": ""zoom"", ""hypothesis"": ""zu"", ""langid"": ""other""}]",wav2vec2,indonesian-nlp/wav2vec2-indonesian-javanese-sundanese,cpu
processed_indonesia/wav2vec2_300/02_vad/jember_151_0003.wav,"Ning meskipun begitu ya, kaya pertukaran ngono lah.",sala lekipang bagi toya koyok bertukar,"[""other""]",unknown,1.000000,"{""other"": {""deletions"": 2, ""insertions"": 0, ""reference_words"": 8, ""substitutions"": 6, ""wer"": 1.0}}","[{""operation"": ""deletion"", ""reference"": ""ning"", ""hypothesis"": """", ""langid"": ""other""}, {""operation"": ""deletion"", ""reference"": ""meskipun"", ""hypothesis"": """", ""langid"": ""other""}, {""operation"": ""substitution"", ""reference"": ""begitu"", ""hypothesis"": ""sala"", ""langid"": ""other""}, {""operation"": ""substitution"", ""reference"": ""ya"", ""hypothesis"": ""lekipang"", ""langid"": ""other""}, {""operation"": ""substitution"", ""reference"": ""kaya"", ""hypothesis"": ""bagi"", ""langid"": ""other""}, {""operation"": ""substitution"", ""reference"": ""pertukaran"", ""hypothesis"": ""toya"", ""langid"": ""other""}, {""operation"": ""substitution"", ""reference"": ""ngono"", ""hypothesis"": ""koyok"", ""langid"": ""other""}, {""operation"": ""substitution"", ""reference"": ""lah"", ""hypothesis"": ""bertukar"", ""langid"": ""other""}]",wav2vec2,indonesian-nlp/wav2vec2-indonesian-javanese-sundanese,cpu
processed_indonesia/wav2vec2_300/02_vad/indonesian_dev_8633ba5147a84fbf8d2a70ed371b191c.wav,"Pengalaman liburan bersama keluarga bisa dibilang agak-agak jarang ya. Jadi 'kan keluargaku itu biasanya kalau liburan panjang kayak Idul Fitri, kemudian liburan yang lainnya, biasanya itu kita menghabiskan waktu ndek rumahnya simbah, yang mana 'kan semua saudara-saudara juga lebaran di sana.",pengalaman liburan persama luarga bisa dipilang arga arga jarang ya jadikan keluargagu itu biasanya kala pan liburan panjang jayapa idul fiteri kemudian liburnyapenyang lainnya biasanya tu kita menghabiskan waktu ndik rumahnya simba yamanakan semua sotel suer juga e lebaran di sana,"[""other""]",unknown,0.585366,"{""other"": {""deletions"": 2, ""insertions"": 2, ""reference_words"": 41, ""substitutions"": 20, ""wer"": 0.5853658536585366}}","[{""operation"": ""correct"", ""reference"": ""pengalaman"", ""hypothesis"": ""pengalaman"", ""langid"": ""other""}, {""operation"": ""correct"", ""reference"": ""liburan"", ""hypothesis"": ""liburan"", ""langid"": ""other""}, {""operation"": ""substitution"", ""reference"": ""bersama"", ""hypothesis"": ""persama"", ""langid"": ""other""}, {""operation"": ""substitution"", ""reference"": ""keluarga"", ""hypothesis"": ""luarga"", ""langid"": ""other""}, {""operation"": ""correct"", ""reference"": ""bisa"", ""hypothesis"": ""bisa"", ""langid"": ""other""}, {""operation"": ""insertion"", ""reference"": """", ""hypothesis"": ""dipilang"", ""langid"": ""other""}, {""operation"": ""substitution"", ""reference"": ""dibilang"", ""hypothesis"": ""arga"", ""langid"": ""other""}, {""operation"": ""substitution"", ""reference"": ""agak-agak"", ""hypothesis"": ""arga"", ""langid"": ""other""}, {""operation"": ""correct"", ""reference"": ""jarang"", ""hypothesis"": ""jarang"", ""langid"": ""other""}, {""operation"": ""correct"", ""reference"": ""ya"", ""hypothesis"": ""ya"", ""langid"": ""other""}, {""operation"": ""deletion"", ""reference"": ""jadi"", ""hypothesis"": """", ""langid"": ""other""}, {""operation"": ""substitution"", ""reference"": ""'kan"", ""hypothesis"": ""jadikan"", ""langid"": ""other""}, {""operation"": ""substitution"", ""reference"": ""keluargaku"", ""hypothesis"": ""keluargagu"", ""langid"": ""other""}, {""operation"": ""correct"", ""reference"": ""itu"", ""hypothesis"": ""itu"", ""langid"": ""other""}, {""operation"": ""correct"", ""reference"": ""biasanya"", ""hypothesis"": ""biasanya"", ""langid"": ""other""}, {""operation"": ""insertion"", ""reference"": """", ""hypothesis"": ""kala"", ""langid"": ""other""}, {""operation"": ""substitution"", ""reference"": ""kalau"", ""hypothesis"": ""pan"", ""langid"": ""other""}, {""operation"": ""correct"", ""reference"": ""liburan"", ""hypothesis"": ""liburan"", ""langid"": ""other""}, {""operation"": ""correct"", ""reference"": ""panjang"", ""hypothesis"": ""panjang"", ""langid"": ""other""}, {""operation"": ""substitution"", ""reference"": ""kayak"", ""hypothesis"": ""jayapa"", ""langid"": ""other""}, {""operation"": ""substitution"", ""reference"": ""Idul"", ""hypothesis"": ""idul"", ""langid"": ""other""}, {""operation"": ""substitution"", ""reference"": ""Fitri"", ""hypothesis"": ""fiteri"", ""langid"": ""other""}, {""operation"": ""correct"", ""reference"": ""kemudian"", ""hypothesis"": ""kemudian"", ""langid"": ""other""}, {""operation"": ""deletion"", ""reference"": ""liburan"", ""hypothesis"": """", ""langid"": ""other""}, {""operation"": ""substitution"", ""reference"": ""yang"", ""hypothesis"": ""liburnyapenyang"", ""langid"": ""other""}, {""operation"": ""correct"", ""reference"": ""lainnya"", ""hypothesis"": ""lainnya"", ""langid"": ""other""}, {""operation"": ""correct"", ""reference"": ""biasanya"", ""hypothesis"": ""biasanya"", ""langid"": ""other""}, {""operation"": ""substitution"", ""reference"": ""itu"", ""hypothesis"": ""tu"", ""langid"": ""other""}, {""operation"": ""correct"", ""reference"": ""kita"", ""hypothesis"": ""kita"", ""langid"": ""other""}, {""operation"": ""correct"", ""reference"": ""menghabiskan"", ""hypothesis"": ""menghabiskan"", ""langid"": ""other""}, {""operation"": ""correct"", ""reference"": ""waktu"", ""hypothesis"": ""waktu"", ""langid"": ""other""}, {""operation"": ""substitution"", ""reference"": ""ndek"", ""hypothesis"": ""ndik"", ""langid"": ""other""}, {""operation"": ""correct"", ""reference"": ""rumahnya"", ""hypothesis"": ""rumahnya"", ""langid"": ""other""}, {""operation"": ""substitution"", ""reference"": ""simbah"", ""hypothesis"": ""simba"", ""langid"": ""other""}, {""operation"": ""substitution"", ""reference"": ""yang"", ""hypothesis"": ""yamanakan"", ""langid"": ""other""}, {""operation"": ""substitution"", ""reference"": ""mana"", ""hypothesis"": ""semua"", ""langid"": ""other""}, {""operation"": ""substitution"", ""reference"": ""'kan"", ""hypothesis"": ""sotel"", ""langid"": ""other""}, {""operation"": ""substitution"", ""reference"": ""semua"", ""hypothesis"": ""suer"", ""langid"": ""other""}, {""operation"": ""substitution"", ""reference"": ""saudara-saudara"", ""hypothesis"": ""juga"", ""langid"": ""other""}, {""operation"": ""substitution"", ""reference"": ""juga"", ""hypothesis"": ""e"", ""langid"": ""other""}, {""operation"": ""correct"", ""reference"": ""lebaran"", ""hypothesis"": ""lebaran"", ""langid"": ""other""}, {""operation"": ""correct"", ""reference"": ""di"", ""hypothesis"": ""di"", ""langid"": ""other""}, {""operation"": ""correct"", ""reference"": ""sana"", ""hypothesis"": ""sana"", ""langid"": ""other""}]",wav2vec2,indonesian-nlp/wav2vec2-indonesian-javanese-sundanese,cpu
processed_indonesia/wav2vec2_300/02_vad/jember_106_0032.wav,"Těrus, apa, e..., berat têlêse akar, těrus berat garinge akar ngono ya.",terus apa e berap pelse akars berat garingakarono ya,"[""other""]",unknown,0.750000,"{""other"": {""deletions"": 3, ""insertions"": 0, ""reference_words"": 12, ""substitutions"": 6, ""wer"": 0.75}}","[{""operation"": ""substitution"", ""reference"": ""těrus"", ""hypothesis"": ""terus"", ""langid"": ""other""}, {""operation"": ""correct"", ""reference"": ""apa"", ""hypothesis"": ""apa"", ""langid"": ""other""}, {""operation"": ""deletion"", ""reference"": ""e..."", ""hypothesis"": """", ""langid"": ""other""}, {""operation"": ""substitution"", ""reference"": ""berat"", ""hypothesis"": ""e"", ""langid"": ""other""}, {""operation"": ""substitution"", ""reference"": ""têlêse"", ""hypothesis"": ""berap"", ""langid"": ""other""}, {""operation"": ""substitution"", ""reference"": ""akar"", ""hypothesis"": ""pelse"", ""langid"": ""other""}, {""operation"": ""substitution"", ""reference"": ""těrus"", ""hypothesis"": ""akars"", ""langid"": ""other""}, {""operation"": ""correct"", ""reference"": ""berat"", ""hypothesis"": ""berat"", ""langid"": ""other""}, {""operation"": ""deletion"", ""reference"": ""garinge"", ""hypothesis"": """", ""langid"": ""other""}, {""operation"": ""deletion"", ""reference"": ""akar"", ""hypothesis"": """", ""langid"": ""other""}, {""operation"": ""substitution"", ""reference"": ""ngono"", ""hypothesis"": ""garingakarono"", ""langid"": ""other""}, {""operation"": ""correct"", ""reference"": ""ya"", ""hypothesis"": ""ya"", ""langid"": ""other""}]",wav2vec2,indonesian-nlp/wav2vec2-indonesian-javanese-sundanese,cpu
processed_indonesia/wav2vec2_300/02_vad/jember_208_0010.wav,"Judule ""Because This Is My First Life"", artine iku krana iki urip pertamaku.",cudule bikestesis miperslife artine iku kerana iki urip pertamaku,"[""other""]",unknown,0.615385,"{""other"": {""deletions"": 4, ""insertions"": 0, ""reference_words"": 13, ""substitutions"": 4, ""wer"": 0.6153846153846154}}","[{""operation"": ""deletion"", ""reference"": ""judule"", ""hypothesis"": """", ""langid"": ""other""}, {""operation"": ""deletion"", ""reference"": ""Because"", ""hypothesis"": """", ""langid"": ""other""}, {""operation"": ""deletion"", ""reference"": ""This"", ""hypothesis"": """", ""langid"": ""other""}, {""operation"": ""deletion"", ""reference"": ""Is"", ""hypothesis"": """", ""langid"": ""other""}, {""operation"": ""substitution"", ""reference"": ""My"", ""hypothesis"": ""cudule"", ""langid"": ""other""}, {""operation"": ""substitution"", ""reference"": ""First"", ""hypothesis"": ""bikestesis"", ""langid"": ""other""}, {""operation"": ""substitution"", ""reference"": ""Life"", ""hypothesis"": ""miperslife"", ""langid"": ""other""}, {""operation"": ""correct"", ""reference"": ""artine"", ""hypothesis"": ""artine"", ""langid"": ""other""}, {""operation"": ""correct"", ""reference"": ""iku"", ""hypothesis"": ""iku"", ""langid"": ""other""}, {""operation"": ""substitution"", ""reference"": ""krana"", ""hypothesis"": ""kerana"", ""langid"": ""other""}, {""operation"": ""correct"", ""reference"": ""iki"", ""hypothesis"": ""iki"", ""langid"": ""other""}, {""operation"": ""correct"", ""reference"": ""urip"", ""hypothesis"": ""urip"", ""langid"": ""other""}, {""operation"": ""correct"", ""reference"": ""pertamaku"", ""hypothesis"": ""pertamaku"", ""langid"": ""other""}]",wav2vec2,indonesian-nlp/wav2vec2-indonesian-javanese-sundanese,cpu
processed_indonesia/wav2vec2_300/02_vad/jember_208_0021.wav,"Nah, e, tapi, selain crita-crita romantis iku, luwih akèh crita sing nguwehi nilai-nilai kehidupan.",nah etapi selain cirita cerita rumantis iku luwih akeh cerita sing nguwei nilai nilai kehidupan,"[""other""]",unknown,0.714286,"{""other"": {""deletions"": 0, ""insertions"": 1, ""reference_words"": 14, ""substitutions"": 9, ""wer"": 0.7142857142857143}}","[{""operation"": ""correct"", ""reference"": ""nah"", ""hypothesis"": ""nah"", ""langid"": ""other""}, {""operation"": ""substitution"", ""reference"": ""e"", ""hypothesis"": ""etapi"", ""langid"": ""other""}, {""operation"": ""substitution"", ""reference"": ""tapi"", ""hypothesis"": ""selain"", ""langid"": ""other""}, {""operation"": ""substitution"", ""reference"": ""selain"", ""hypothesis"": ""cirita"", ""langid"": ""other""}, {""operation"": ""substitution"", ""reference"": ""crita-crita"", ""hypothesis"": ""cerita"", ""langid"": ""other""}, {""operation"": ""substitution"", ""reference"": ""romantis"", ""hypothesis"": ""rumantis"", ""langid"": ""other""}, {""operation"": ""correct"", ""reference"": ""iku"", ""hypothesis"": ""iku"", ""langid"": ""other""}, {""operation"": ""correct"", ""reference"": ""luwih"", ""hypothesis"": ""luwih"", ""langid"": ""other""}, {""operation"": ""substitution"", ""reference"": ""akèh"", ""hypothesis"": ""akeh"", ""langid"": ""other""}, {""operation"": ""substitution"", ""reference"": ""crita"", ""hypothesis"": ""cerita"", ""langid"": ""other""}, {""operation"": ""correct"", ""reference"": ""sing"", ""hypothesis"": ""sing"", ""langid"": ""other""}, {""operation"": ""insertion"", ""reference"": """", ""hypothesis"": ""nguwei"", ""langid"": ""other""}, {""operation"": ""substitution"", ""reference"": ""nguwehi"", ""hypothesis"": ""nilai"", ""langid"": ""other""}, {""operation"": ""substitution"", ""reference"": ""nilai-nilai"", ""hypothesis"": ""nilai"", ""langid"": ""other""}, {""operation"": ""correct"", ""reference"": ""kehidupan"", ""hypothesis"": ""kehidupan"", ""langid"": ""other""}]",wav2vec2,indonesian-nlp/wav2vec2-indonesian-javanese-sundanese,cpu
processed_indonesia/wav2vec2_300/02_vad/jember_086_0001.wav,Sebut lan jêlasne kegiatan apa sing tak sênêngi?,bot lan jelasnyi kegiatan apa sing tak seneng,"[""other""]",unknown,0.375000,"{""other"": {""deletions"": 0, ""insertions"": 0, ""reference_words"": 8, ""substitutions"": 3, ""wer"": 0.375}}","[{""operation"": ""substitution"", ""reference"": ""sebut"", ""hypothesis"": ""bot"", ""langid"": ""other""}, {""operation"": ""correct"", ""reference"": ""lan"", ""hypothesis"": ""lan"", ""langid"": ""other""}, {""operation"": ""substitution"", ""reference"": ""jêlasne"", ""hypothesis"": ""jelasnyi"", ""langid"": ""other""}, {""operation"": ""correct"", ""reference"": ""kegiatan"", ""hypothesis"": ""kegiatan"", ""langid"": ""other""}, {""operation"": ""correct"", ""reference"": ""apa"", ""hypothesis"": ""apa"", ""langid"": ""other""}, {""operation"": ""correct"", ""reference"": ""sing"", ""hypothesis"": ""sing"", ""langid"": ""other""}, {""operation"": ""correct"", ""reference"": ""tak"", ""hypothesis"": ""tak"", ""langid"": ""other""}, {""operation"": ""substitution"", ""reference"": ""sênêngi"", ""hypothesis"": ""seneng"", ""langid"": ""other""}]",wav2vec2,indonesian-nlp/wav2vec2-indonesian-javanese-sundanese,cpu
processed_indonesia/wav2vec2_300/02_vad/jember_171_0033.wav,"Kebutuhan iki, e..., apa, e..., arêpe mlêbu S2 kan kudu maca.",maca sakjane gubutuhan iki eapa e arepe mul bua s luru an kudu maca,"[""other""]",unknown,1.000000,"{""other"": {""deletions"": 0, ""insertions"": 3, ""reference_words"": 11, ""substitutions"": 8, ""wer"": 1.0}}","[{""operation"": ""insertion"", ""reference"": """", ""hypothesis"": ""maca"", ""langid"": ""other""}, {""operation"": ""insertion"", ""reference"": """", ""hypothesis"": ""sakjane"", ""langid"": ""other""}, {""operation"": ""substitution"", ""reference"": ""kebutuhan"", ""hypothesis"": ""gubutuhan"", ""langid"": ""other""}, {""operation"": ""correct"", ""reference"": ""iki"", ""hypothesis"": ""iki"", ""langid"": ""other""}, {""operation"": ""insertion"", ""reference"": """", ""hypothesis"": ""eapa"", ""langid"": ""other""}, {""operation"": ""substitution"", ""reference"": ""e..."", ""hypothesis"": ""e"", ""langid"": ""other""}, {""operation"": ""substitution"", ""reference"": ""apa"", ""hypothesis"": ""arepe"", ""langid"": ""other""}, {""operation"": ""substitution"", ""reference"": ""e..."", ""hypothesis"": ""mul"", ""langid"": ""other""}, {""operation"": ""substitution"", ""reference"": ""arêpe"", ""hypothesis"": ""bua"", ""langid"": ""other""}, {""operation"": ""substitution"", ""reference"": ""mlêbu"", ""hypothesis"": ""s"", ""langid"": ""other""}, {""operation"": ""substitution"", ""reference"": ""S2"", ""hypothesis"": ""luru"", ""langid"": ""other""}, {""operation"": ""substitution"", ""reference"": ""kan"", ""hypothesis"": ""an"", ""langid"": ""other""}, {""operation"": ""correct"", ""reference"": ""kudu"", ""hypothesis"": ""kudu"", ""langid"": ""other""}, {""operation"": ""correct"", ""reference"": ""maca"", ""hypothesis"": ""maca"", ""langid"": ""other""}]",wav2vec2,indonesian-nlp/wav2vec2-indonesian-javanese-sundanese,cpu
processed_indonesia/wav2vec2_300/02_vad/jember_141_0012.wav,"Dadi, ya wis upgrade PC.",dadi yowowi sabir tabisi,"[""other""]",unknown,0.800000,"{""other"": {""deletions"": 1, ""insertions"": 0, ""reference_words"": 5, ""substitutions"": 3, ""wer"": 0.8}}","[{""operation"": ""correct"", ""reference"": ""dadi"", ""hypothesis"": ""dadi"", ""langid"": ""other""}, {""operation"": ""deletion"", ""reference"": ""ya"", ""hypothesis"": """", ""langid"": ""other""}, {""operation"": ""substitution"", ""reference"": ""wis"", ""hypothesis"": ""yowowi"", ""langid"": ""other""}, {""operation"": ""substitution"", ""reference"": ""upgrade"", ""hypothesis"": ""sabir"", ""langid"": ""other""}, {""operation"": ""substitution"", ""reference"": ""PC"", ""hypothesis"": ""tabisi"", ""langid"": ""other""}]",wav2vec2,indonesian-nlp/wav2vec2-indonesian-javanese-sundanese,cpu
processed_indonesia/wav2vec2_300/02_vad/jember_097_0037.wav,Perjalanan liburan sing paling berkesan?,perjalan liburan sing paling berkesan,"[""other""]",unknown,0.200000,"{""other"": {""deletions"": 0, ""insertions"": 0, ""reference_words"": 5, ""substitutions"": 1, ""wer"": 0.2}}","[{""operation"": ""substitution"", ""reference"": ""perjalanan"", ""hypothesis"": ""perjalan"", ""langid"": ""other""}, {""operation"": ""correct"", ""reference"": ""liburan"", ""hypothesis"": ""liburan"", ""langid"": ""other""}, {""operation"": ""correct"", ""reference"": ""sing"", ""hypothesis"": ""sing"", ""langid"": ""other""}, {""operation"": ""correct"", ""reference"": ""paling"", ""hypothesis"": ""paling"", ""langid"": ""other""}, {""operation"": ""correct"", ""reference"": ""berkesan"", ""hypothesis"": ""berkesan"", ""langid"": ""other""}]",wav2vec2,indonesian-nlp/wav2vec2-indonesian-javanese-sundanese,cpu
processed_indonesia/wav2vec2_300/02_vad/jember_034_0027.wav,Carane bên manungsa ambe kewan ki isa urip bêbarêngan ngono menurute sampeyan piye?,carane peandmenungsa ambek kewan ki isaurip bebarengan genolak menerute samian piye,"[""other""]",unknown,0.692308,"{""other"": {""deletions"": 2, ""insertions"": 0, ""reference_words"": 13, ""substitutions"": 7, ""wer"": 0.6923076923076923}}","[{""operation"": ""correct"", ""reference"": ""carane"", ""hypothesis"": ""carane"", ""langid"": ""other""}, {""operation"": ""deletion"", ""reference"": ""bên"", ""hypothesis"": """", ""langid"": ""other""}, {""operation"": ""substitution"", ""reference"": ""manungsa"", ""hypothesis"": ""peandmenungsa"", ""langid"": ""other""}, {""operation"": ""substitution"", ""reference"": ""ambe"", ""hypothesis"": ""ambek"", ""langid"": ""other""}, {""operation"": ""correct"", ""reference"": ""kewan"", ""hypothesis"": ""kewan"", ""langid"": ""other""}, {""operation"": ""correct"", ""reference"": ""ki"", ""hypothesis"": ""ki"", ""langid"": ""other""}, {""operation"": ""deletion"", ""reference"": ""isa"", ""hypothesis"": """", ""langid"": ""other""}, {""operation"": ""substitution"", ""reference"": ""urip"", ""hypothesis"": ""isaurip"", ""langid"": ""other""}, {""operation"": ""substitution"", ""reference"": ""bêbarêngan"", ""hypothesis"": ""bebarengan"", ""langid"": ""other""}, {""operation"": ""substitution"", ""reference"": ""ngono"", ""hypothesis"": ""genolak"", ""langid"": ""other""}, {""operation"": ""substitution"", ""reference"": ""menurute"", ""hypothesis"": ""menerute"", ""langid"": ""other""}, {""operation"": ""substitution"", ""reference"": ""sampeyan"", ""hypothesis"": ""samian"", ""langid"": ""other""}, {""operation"": ""correct"", ""reference"": ""piye"", ""hypothesis"": ""piye"", ""langid"": ""other""}]",wav2vec2,indonesian-nlp/wav2vec2-indonesian-javanese-sundanese,cpu
processed_indonesia/wav2vec2_300/02_vad/jember_036_0016.wav,Pancêt nèng warung mênèh.,mandia pancet yang warong meneh sus ise,"[""other""]",unknown,1.750000,"{""other"": {""deletions"": 0, ""insertions"": 3, ""reference_words"": 4, ""substitutions"": 4, ""wer"": 1.75}}","[{""operation"": ""insertion"", ""reference"": """", ""hypothesis"": ""mandia"", ""langid"": ""other""}, {""operation"": ""insertion"", ""reference"": """", ""hypothesis"": ""pancet"", ""langid"": ""other""}, {""operation"": ""insertion"", ""reference"": """", ""hypothesis"": ""yang"", ""langid"": ""other""}, {""operation"": ""substitution"", ""reference"": ""pancêt"", ""hypothesis"": ""warong"", ""langid"": ""other""}, {""operation"": ""substitution"", ""reference"": ""nèng"", ""hypothesis"": ""meneh"", ""langid"": ""other""}, {""operation"": ""substitution"", ""reference"": ""warung"", ""hypothesis"": ""sus"", ""langid"": ""other""}, {""operation"": ""substitution"", ""reference"": ""mênèh"", ""hypothesis"": ""ise"", ""langid"": ""other""}]",wav2vec2,indonesian-nlp/wav2vec2-indonesian-javanese-sundanese,cpu
processed_indonesia/wav2vec2_300/02_vad/jember_205_0008.wav,Karena ya iku keterbatasan kan ya berhubungan mbèk kondisi ekonomi.,ilahkon yokarna yaiku keterbatasan kan ya berhubungan mbek kondisi ekonomi,"[""other""]",unknown,0.400000,"{""other"": {""deletions"": 0, ""insertions"": 0, ""reference_words"": 10, ""substitutions"": 4, ""wer"": 0.4}}","[{""operation"": ""substitution"", ""reference"": ""karena"", ""hypothesis"": ""ilahkon"", ""langid"": ""other""}, {""operation"": ""substitution"", ""reference"": ""ya"", ""hypothesis"": ""yokarna"", ""langid"": ""other""}, {""operation"": ""substitution"", ""reference"": ""iku"", ""hypothesis"": ""yaiku"", ""langid"": ""other""}, {""operation"": ""correct"", ""reference"": ""keterbatasan"", ""hypothesis"": ""keterbatasan"", ""langid"": ""other""}, {""operation"": ""correct"", ""reference"": ""kan"", ""hypothesis"": ""kan"", ""langid"": ""other""}, {""operation"": ""correct"", ""reference"": ""ya"", ""hypothesis"": ""ya"", ""langid"": ""other""}, {""operation"": ""correct"", ""reference"": ""berhubungan"", ""hypothesis"": ""berhubungan"", ""langid"": ""other""}, {""operation"": ""substitution"", ""reference"": ""mbèk"", ""hypothesis"": ""mbek"", ""langid"": ""other""}, {""operation"": ""correct"", ""reference"": ""kondisi"", ""hypothesis"": ""kondisi"", ""langid"": ""other""}, {""operation"": ""correct"", ""reference"": ""ekonomi"", ""hypothesis"": ""ekonomi"", ""langid"": ""other""}]",wav2vec2,indonesian-nlp/wav2vec2-indonesian-javanese-sundanese,cpu
processed_indonesia/wav2vec2_300/02_vad/jember_124_0013.wav,"Mêrga nèk Pak Gedhe iku kan pendèkatane ora pati formal lah, gampange ngono.",nemergo nek pagedenan pendekatane rapati formal dama,"[""other""]",unknown,0.923077,"{""other"": {""deletions"": 6, ""insertions"": 0, ""reference_words"": 13, ""substitutions"": 6, ""wer"": 0.9230769230769231}}","[{""operation"": ""deletion"", ""reference"": ""mêrga"", ""hypothesis"": """", ""langid"": ""other""}, {""operation"": ""deletion"", ""reference"": ""nèk"", ""hypothesis"": """", ""langid"": ""other""}, {""operation"": ""deletion"", ""reference"": ""Pak"", ""hypothesis"": """", ""langid"": ""other""}, {""operation"": ""deletion"", ""reference"": ""Gedhe"", ""hypothesis"": """", ""langid"": ""other""}, {""operation"": ""substitution"", ""reference"": ""iku"", ""hypothesis"": ""nemergo"", ""langid"": ""other""}, {""operation"": ""substitution"", ""reference"": ""kan"", ""hypothesis"": ""nek"", ""langid"": ""other""}, {""operation"": ""substitution"", ""reference"": ""pendèkatane"", ""hypothesis"": ""pagedenan"", ""langid"": ""other""}, {""operation"": ""substitution"", ""reference"": ""ora"", ""hypothesis"": ""pendekatane"", ""langid"": ""other""}, {""operation"": ""substitution"", ""reference"": ""pati"", ""hypothesis"": ""rapati"", ""langid"": ""other""}, {""operation"": ""correct"", ""reference"": ""formal"", ""hypothesis"": ""formal"", ""langid"": ""other""}, {""operation"": ""deletion"", ""reference"": ""lah"", ""hypothesis"": """", ""langid"": ""other""}, {""operation"": ""deletion"", ""reference"": ""gampange"", ""hypothesis"": """", ""langid"": ""other""}, {""operation"": ""substitution"", ""reference"": ""ngono"", ""hypothesis"": ""dama"", ""langid"": ""other""}]",wav2vec2,indonesian-nlp/wav2vec2-indonesian-javanese-sundanese,cpu
processed_indonesia/wav2vec2_300/02_vad/jember_031_0018.wav,"Pendhidhikan ndèk sêkolah iku lèk jarèku ya pênting, mêrga karakter, moral.",nting roto roto kabeh anake wong kene iki dipondokne dadi yoilmu aku mo mbik masyarakat keneadvhe produk kentel radak penting gerani mono,"[""other""]",unknown,2.000000,"{""other"": {""deletions"": 0, ""insertions"": 11, ""reference_words"": 11, ""substitutions"": 11, ""wer"": 2.0}}","[{""operation"": ""insertion"", ""reference"": """", ""hypothesis"": ""nting"", ""langid"": ""other""}, {""operation"": ""insertion"", ""reference"": """", ""hypothesis"": ""roto"", ""langid"": ""other""}, {""operation"": ""insertion"", ""reference"": """", ""hypothesis"": ""roto"", ""langid"": ""other""}, {""operation"": ""insertion"", ""reference"": """", ""hypothesis"": ""kabeh"", ""langid"": ""other""}, {""operation"": ""insertion"", ""reference"": """", ""hypothesis"": ""anake"", ""langid"": ""other""}, {""operation"": ""insertion"", ""reference"": """", ""hypothesis"": ""wong"", ""langid"": ""other""}, {""operation"": ""insertion"", ""reference"": """", ""hypothesis"": ""kene"", ""langid"": ""other""}, {""operation"": ""insertion"", ""reference"": """", ""hypothesis"": ""iki"", ""langid"": ""other""}, {""operation"": ""insertion"", ""reference"": """", ""hypothesis"": ""dipondokne"", ""langid"": ""other""}, {""operation"": ""insertion"", ""reference"": """", ""hypothesis"": ""dadi"", ""langid"": ""other""}, {""operation"": ""insertion"", ""reference"": """", ""hypothesis"": ""yoilmu"", ""langid"": ""other""}, {""operation"": ""substitution"", ""reference"": ""pendhidhikan"", ""hypothesis"": ""aku"", ""langid"": ""other""}, {""operation"": ""substitution"", ""reference"": ""ndèk"", ""hypothesis"": ""mo"", ""langid"": ""other""}, {""operation"": ""substitution"", ""reference"": ""sêkolah"", ""hypothesis"": ""mbik"", ""langid"": ""other""}, {""operation"": ""substitution"", ""reference"": ""iku"", ""hypothesis"": ""masyarakat"", ""langid"": ""other""}, {""operation"": ""substitution"", ""reference"": ""lèk"", ""hypothesis"": ""keneadvhe"", ""langid"": ""other""}, {""operation"": ""substitution"", ""reference"": ""jarèku"", ""hypothesis"": ""produk"", ""langid"": ""other""}, {""operation"": ""substitution"", ""reference"": ""ya"", ""hypothesis"": ""kentel"", ""langid"": ""other""}, {""operation"": ""substitution"", ""reference"": ""pênting"", ""hypothesis"": ""radak"", ""langid"": ""other""}, {""operation"": ""substitution"", ""reference"": ""mêrga"", ""hypothesis"": ""penting"", ""langid"": ""other""}, {""operation"": ""substitution"", ""reference"": ""karakter"", ""hypothesis"": ""gerani"", ""langid"": ""other""}, {""operation"": ""substitution"", ""reference"": ""moral"", ""hypothesis"": ""mono"", ""langid"": ""other""}]",wav2vec2,indonesian-nlp/wav2vec2-indonesian-javanese-sundanese,cpu
processed_indonesia/wav2vec2_300/02_vad/jember_118_0012.wav,Lèk aku pengin nèng kutha-kutha iku.,e u pingin ning kutha kuta,"[""other""]",unknown,1.000000,"{""other"": {""deletions"": 0, ""insertions"": 0, ""reference_words"": 6, ""substitutions"": 6, ""wer"": 1.0}}","[{""operation"": ""substitution"", ""reference"": ""lèk"", ""hypothesis"": ""e"", ""langid"": ""other""}, {""operation"": ""substitution"", ""reference"": ""aku"", ""hypothesis"": ""u"", ""langid"": ""other""}, {""operation"": ""substitution"", ""reference"": ""pengin"", ""hypothesis"": ""pingin"", ""langid"": ""other""}, {""operation"": ""substitution"", ""reference"": ""nèng"", ""hypothesis"": ""ning"", ""langid"": ""other""}, {""operation"": ""substitution"", ""reference"": ""kutha-kutha"", ""hypothesis"": ""kutha"", ""langid"": ""other""}, {""operation"": ""substitution"", ""reference"": ""iku"", ""hypothesis"": ""kuta"", ""langid"": ""other""}]",wav2vec2,indonesian-nlp/wav2vec2-indonesian-javanese-sundanese,cpu
processed_indonesia/wav2vec2_300/02_vad/jember_096_0005.wav,"Tempate apik, dalane ya apik. ndèk kono iku akèh spot foto sing e gawe foto-foto ngono iku.",demateapi dalane api dekono iku akeh sepat foto sing egawe foto foto nguno iku,"[""other""]",unknown,0.705882,"{""other"": {""deletions"": 3, ""insertions"": 0, ""reference_words"": 17, ""substitutions"": 9, ""wer"": 0.7058823529411765}}","[{""operation"": ""deletion"", ""reference"": ""tempate"", ""hypothesis"": """", ""langid"": ""other""}, {""operation"": ""substitution"", ""reference"": ""apik"", ""hypothesis"": ""demateapi"", ""langid"": ""other""}, {""operation"": ""correct"", ""reference"": ""dalane"", ""hypothesis"": ""dalane"", ""langid"": ""other""}, {""operation"": ""deletion"", ""reference"": ""ya"", ""hypothesis"": """", ""langid"": ""other""}, {""operation"": ""deletion"", ""reference"": ""apik"", ""hypothesis"": """", ""langid"": ""other""}, {""operation"": ""substitution"", ""reference"": ""ndèk"", ""hypothesis"": ""api"", ""langid"": ""other""}, {""operation"": ""substitution"", ""reference"": ""kono"", ""hypothesis"": ""dekono"", ""langid"": ""other""}, {""operation"": ""correct"", ""reference"": ""iku"", ""hypothesis"": ""iku"", ""langid"": ""other""}, {""operation"": ""substitution"", ""reference"": ""akèh"", ""hypothesis"": ""akeh"", ""langid"": ""other""}, {""operation"": ""substitution"", ""reference"": ""spot"", ""hypothesis"": ""sepat"", ""langid"": ""other""}, {""operation"": ""correct"", ""reference"": ""foto"", ""hypothesis"": ""foto"", ""langid"": ""other""}, {""operation"": ""correct"", ""reference"": ""sing"", ""hypothesis"": ""sing"", ""langid"": ""other""}, {""operation"": ""substitution"", ""reference"": ""e"", ""hypothesis"": ""egawe"", ""langid"": ""other""}, {""operation"": ""substitution"", ""reference"": ""gawe"", ""hypothesis"": ""foto"", ""langid"": ""other""}, {""operation"": ""substitution"", ""reference"": ""foto-foto"", ""hypothesis"": ""foto"", ""langid"": ""other""}, {""operation"": ""substitution"", ""reference"": ""ngono"", ""hypothesis"": ""nguno"", ""langid"": ""other""}, {""operation"": ""correct"", ""reference"": ""iku"", ""hypothesis"": ""iku"", ""langid"": ""other""}]",wav2vec2,indonesian-nlp/wav2vec2-indonesian-javanese-sundanese,cpu
processed_indonesia/wav2vec2_300/02_vad/jember_030_0025.wav,"Sarapanku gak adoh-adoh, mêsthi mangane  sêga pecel.",sarapanku kak adoado mestima,"[""other""]",unknown,0.857143,"{""other"": {""deletions"": 3, ""insertions"": 0, ""reference_words"": 7, ""substitutions"": 3, ""wer"": 0.8571428571428571}}","[{""operation"": ""correct"", ""reference"": ""sarapanku"", ""hypothesis"": ""sarapanku"", ""langid"": ""other""}, {""operation"": ""deletion"", ""reference"": ""gak"", ""hypothesis"": """", ""langid"": ""other""}, {""operation"": ""deletion"", ""reference"": ""adoh-adoh"", ""hypothesis"": """", ""langid"": ""other""}, {""operation"": ""deletion"", ""reference"": ""mêsthi"", ""hypothesis"": """", ""langid"": ""other""}, {""operation"": ""substitution"", ""reference"": ""mangane"", ""hypothesis"": ""kak"", ""langid"": ""other""}, {""operation"": ""substitution"", ""reference"": ""sêga"", ""hypothesis"": ""adoado"", ""langid"": ""other""}, {""operation"": ""substitution"", ""reference"": ""pecel"", ""hypothesis"": ""mestima"", ""langid"": ""other""}]",wav2vec2,indonesian-nlp/wav2vec2-indonesian-javanese-sundanese,cpu
processed_indonesia/wav2vec2_300/02_vad/jember_199_0017.wav,"Misale têka jagung, těrus, e, wong-wong sing, e, ngolah-ngolah iku nyêlèpne jagung, nyêlèpne pari, ngono sing olèh.",ani engonomi sali teka jakung trus die wong wong sing ongolah ngolah iku nyelepne jakung ngilipne paringgonu,"[""other""]",unknown,1.000000,"{""other"": {""deletions"": 0, ""insertions"": 0, ""reference_words"": 17, ""substitutions"": 17, ""wer"": 1.0}}","[{""operation"": ""substitution"", ""reference"": ""misale"", ""hypothesis"": ""ani"", ""langid"": ""other""}, {""operation"": ""substitution"", ""reference"": ""têka"", ""hypothesis"": ""engonomi"", ""langid"": ""other""}, {""operation"": ""substitution"", ""reference"": ""jagung"", ""hypothesis"": ""sali"", ""langid"": ""other""}, {""operation"": ""substitution"", ""reference"": ""těrus"", ""hypothesis"": ""teka"", ""langid"": ""other""}, {""operation"": ""substitution"", ""reference"": ""e"", ""hypothesis"": ""jakung"", ""langid"": ""other""}, {""operation"": ""substitution"", ""reference"": ""wong-wong"", ""hypothesis"": ""trus"", ""langid"": ""other""}, {""operation"": ""substitution"", ""reference"": ""sing"", ""hypothesis"": ""die"", ""langid"": ""other""}, {""operation"": ""substitution"", ""reference"": ""e"", ""hypothesis"": ""wong"", ""langid"": ""other""}, {""operation"": ""substitution"", ""reference"": ""ngolah-ngolah"", ""hypothesis"": ""wong"", ""langid"": ""other""}, {""operation"": ""substitution"", ""reference"": ""iku"", ""hypothesis"": ""sing"", ""langid"": ""other""}, {""operation"": ""substitution"", ""reference"": ""nyêlèpne"", ""hypothesis"": ""ongolah"", ""langid"": ""other""}, {""operation"": ""substitution"", ""reference"": ""jagung"", ""hypothesis"": ""ngolah"", ""langid"": ""other""}, {""operation"": ""substitution"", ""reference"": ""nyêlèpne"", ""hypothesis"": ""iku"", ""langid"": ""other""}, {""operation"": ""substitution"", ""reference"": ""pari"", ""hypothesis"": ""nyelepne"", ""langid"": ""other""}, {""operation"": ""substitution"", ""reference"": ""ngono"", ""hypothesis"": ""jakung"", ""langid"": ""other""}, {""operation"": ""substitution"", ""reference"": ""sing"", ""hypothesis"": ""ngilipne"", ""langid"": ""other""}, {""operation"": ""substitution"", ""reference"": ""olèh"", ""hypothesis"": ""paringgonu"", ""langid"": ""other""}]",wav2vec2,indonesian-nlp/wav2vec2-indonesian-javanese-sundanese,cpu
processed_indonesia/wav2vec2_300/02_vad/jember_168_0001.wav,"Aku nggak ngêrti ya, tapi nèk misal ana maling de'e lewat kuwi mêsthi digebuki sih.",a kak engertiotapi nemi telalu nau maling nang daerah aku ipatla digebuki,"[""other""]",unknown,0.866667,"{""other"": {""deletions"": 3, ""insertions"": 0, ""reference_words"": 15, ""substitutions"": 10, ""wer"": 0.8666666666666667}}","[{""operation"": ""deletion"", ""reference"": ""aku"", ""hypothesis"": """", ""langid"": ""other""}, {""operation"": ""deletion"", ""reference"": ""nggak"", ""hypothesis"": """", ""langid"": ""other""}, {""operation"": ""substitution"", ""reference"": ""ngêrti"", ""hypothesis"": ""a"", ""langid"": ""other""}, {""operation"": ""substitution"", ""reference"": ""ya"", ""hypothesis"": ""kak"", ""langid"": ""other""}, {""operation"": ""substitution"", ""reference"": ""tapi"", ""hypothesis"": ""engertiotapi"", ""langid"": ""other""}, {""operation"": ""substitution"", ""reference"": ""nèk"", ""hypothesis"": ""nemi"", ""langid"": ""other""}, {""operation"": ""substitution"", ""reference"": ""misal"", ""hypothesis"": ""telalu"", ""langid"": ""other""}, {""operation"": ""substitution"", ""reference"": ""ana"", ""hypothesis"": ""nau"", ""langid"": ""other""}, {""operation"": ""correct"", ""reference"": ""maling"", ""hypothesis"": ""maling"", ""langid"": ""other""}, {""operation"": ""substitution"", ""reference"": ""de'e"", ""hypothesis"": ""nang"", ""langid"": ""other""}, {""operation"": ""substitution"", ""reference"": ""lewat"", ""hypothesis"": ""daerah"", ""langid"": ""other""}, {""operation"": ""substitution"", ""reference"": ""kuwi"", ""hypothesis"": ""aku"", ""langid"": ""other""}, {""operation"": ""substitution"", ""reference"": ""mêsthi"", ""hypothesis"": ""ipatla"", ""langid"": ""other""}, {""operation"": ""correct"", ""reference"": ""digebuki"", ""hypothesis"": ""digebuki"", ""langid"": ""other""}, {""operation"": ""deletion"", ""reference"": ""sih"", ""hypothesis"": """", ""langid"": ""other""}]",wav2vec2,indonesian-nlp/wav2vec2-indonesian-javanese-sundanese,cpu
processed_indonesia/wav2vec2_300/02_vad/jember_002_0198.wav,Rata-rata wong kene iku nggae Shopee.,petrota wong kene iku nggae sopie,"[""other""]",unknown,0.333333,"{""other"": {""deletions"": 0, ""insertions"": 0, ""reference_words"": 6, ""substitutions"": 2, ""wer"": 0.3333333333333333}}","[{""operation"": ""substitution"", ""reference"": ""rata-rata"", ""hypothesis"": ""petrota"", ""langid"": ""other""}, {""operation"": ""correct"", ""reference"": ""wong"", ""hypothesis"": ""wong"", ""langid"": ""other""}, {""operation"": ""correct"", ""reference"": ""kene"", ""hypothesis"": ""kene"", ""langid"": ""other""}, {""operation"": ""correct"", ""reference"": ""iku"", ""hypothesis"": ""iku"", ""langid"": ""other""}, {""operation"": ""correct"", ""reference"": ""nggae"", ""hypothesis"": ""nggae"", ""langid"": ""other""}, {""operation"": ""substitution"", ""reference"": ""Shopee"", ""hypothesis"": ""sopie"", ""langid"": ""other""}]",wav2vec2,indonesian-nlp/wav2vec2-indonesian-javanese-sundanese,cpu
processed_indonesia/wav2vec2_300/02_vad/jember_048_0022.wav,"Dadi, aku ki nggak, nggak, nggak sênêng KKN wêktu iku karna, e..",tadiangi nggak nggak gak seneng kakakan oku iku karena,"[""other""]",unknown,0.750000,"{""other"": {""deletions"": 3, ""insertions"": 0, ""reference_words"": 12, ""substitutions"": 6, ""wer"": 0.75}}","[{""operation"": ""deletion"", ""reference"": ""dadi"", ""hypothesis"": """", ""langid"": ""other""}, {""operation"": ""deletion"", ""reference"": ""aku"", ""hypothesis"": """", ""langid"": ""other""}, {""operation"": ""substitution"", ""reference"": ""ki"", ""hypothesis"": ""tadiangi"", ""langid"": ""other""}, {""operation"": ""correct"", ""reference"": ""nggak"", ""hypothesis"": ""nggak"", ""langid"": ""other""}, {""operation"": ""correct"", ""reference"": ""nggak"", ""hypothesis"": ""nggak"", ""langid"": ""other""}, {""operation"": ""substitution"", ""reference"": ""nggak"", ""hypothesis"": ""gak"", ""langid"": ""other""}, {""operation"": ""substitution"", ""reference"": ""sênêng"", ""hypothesis"": ""seneng"", ""langid"": ""other""}, {""operation"": ""substitution"", ""reference"": ""KKN"", ""hypothesis"": ""kakakan"", ""langid"": ""other""}, {""operation"": ""substitution"", ""reference"": ""wêktu"", ""hypothesis"": ""oku"", ""langid"": ""other""}, {""operation"": ""correct"", ""reference"": ""iku"", ""hypothesis"": ""iku"", ""langid"": ""other""}, {""operation"": ""deletion"", ""reference"": ""karna"", ""hypothesis"": """", ""langid"": ""other""}, {""operation"": ""substitution"", ""reference"": ""e"", ""hypothesis"": ""karena"", ""langid"": ""other""}]",wav2vec2,indonesian-nlp/wav2vec2-indonesian-javanese-sundanese,cpu
processed_indonesia/wav2vec2_300/02_vad/jember_043_0072.wav,"Dadi de'e iku pas ndèk pondok nggak dadi pengurus, ngono.",sasi dadi dheke iku asnikponno gadadi pengurs,"[""other""]",unknown,0.900000,"{""other"": {""deletions"": 4, ""insertions"": 1, ""reference_words"": 10, ""substitutions"": 4, ""wer"": 0.9}}","[{""operation"": ""insertion"", ""reference"": """", ""hypothesis"": ""sasi"", ""langid"": ""other""}, {""operation"": ""correct"", ""reference"": ""dadi"", ""hypothesis"": ""dadi"", ""langid"": ""other""}, {""operation"": ""substitution"", ""reference"": ""de'e"", ""hypothesis"": ""dheke"", ""langid"": ""other""}, {""operation"": ""correct"", ""reference"": ""iku"", ""hypothesis"": ""iku"", ""langid"": ""other""}, {""operation"": ""deletion"", ""reference"": ""pas"", ""hypothesis"": """", ""langid"": ""other""}, {""operation"": ""deletion"", ""reference"": ""ndèk"", ""hypothesis"": """", ""langid"": ""other""}, {""operation"": ""deletion"", ""reference"": ""pondok"", ""hypothesis"": """", ""langid"": ""other""}, {""operation"": ""deletion"", ""reference"": ""nggak"", ""hypothesis"": """", ""langid"": ""other""}, {""operation"": ""substitution"", ""reference"": ""dadi"", ""hypothesis"": ""asnikponno"", ""langid"": ""other""}, {""operation"": ""substitution"", ""reference"": ""pengurus"", ""hypothesis"": ""gadadi"", ""langid"": ""other""}, {""operation"": ""substitution"", ""reference"": ""ngono"", ""hypothesis"": ""pengurs"", ""langid"": ""other""}]",wav2vec2,indonesian-nlp/wav2vec2-indonesian-javanese-sundanese,cpu
processed_indonesia/wav2vec2_300/02_vad/jember_202_0026.wav,Sak pira pêntinge agama gae njalani kehidupan sabên dinane?,sak piro pentingi agamou gawe njalani kehidupan,"[""other""]",unknown,0.666667,"{""other"": {""deletions"": 2, ""insertions"": 0, ""reference_words"": 9, ""substitutions"": 4, ""wer"": 0.6666666666666666}}","[{""operation"": ""correct"", ""reference"": ""sak"", ""hypothesis"": ""sak"", ""langid"": ""other""}, {""operation"": ""substitution"", ""reference"": ""pira"", ""hypothesis"": ""piro"", ""langid"": ""other""}, {""operation"": ""substitution"", ""reference"": ""pêntinge"", ""hypothesis"": ""pentingi"", ""langid"": ""other""}, {""operation"": ""substitution"", ""reference"": ""agama"", ""hypothesis"": ""agamou"", ""langid"": ""other""}, {""operation"": ""substitution"", ""reference"": ""gae"", ""hypothesis"": ""gawe"", ""langid"": ""other""}, {""operation"": ""correct"", ""reference"": ""njalani"", ""hypothesis"": ""njalani"", ""langid"": ""other""}, {""operation"": ""correct"", ""reference"": ""kehidupan"", ""hypothesis"": ""kehidupan"", ""langid"": ""other""}, {""operation"": ""deletion"", ""reference"": ""sabên"", ""hypothesis"": """", ""langid"": ""other""}, {""operation"": ""deletion"", ""reference"": ""dinane"", ""hypothesis"": """", ""langid"": ""other""}]",wav2vec2,indonesian-nlp/wav2vec2-indonesian-javanese-sundanese,cpu
processed_indonesia/wav2vec2_300/02_vad/jember_112_0018.wav,"Boro-boro isa sêkolah, isa urip ae alhamdulillah wis.",boroboro isa sekolah isa urip aya laha mdulin,"[""other""]",unknown,0.625000,"{""other"": {""deletions"": 0, ""insertions"": 0, ""reference_words"": 8, ""substitutions"": 5, ""wer"": 0.625}}","[{""operation"": ""substitution"", ""reference"": ""boro-boro"", ""hypothesis"": ""boroboro"", ""langid"": ""other""}, {""operation"": ""correct"", ""reference"": ""isa"", ""hypothesis"": ""isa"", ""langid"": ""other""}, {""operation"": ""substitution"", ""reference"": ""sêkolah"", ""hypothesis"": ""sekolah"", ""langid"": ""other""}, {""operation"": ""correct"", ""reference"": ""isa"", ""hypothesis"": ""isa"", ""langid"": ""other""}, {""operation"": ""correct"", ""reference"": ""urip"", ""hypothesis"": ""urip"", ""langid"": ""other""}, {""operation"": ""substitution"", ""reference"": ""ae"", ""hypothesis"": ""aya"", ""langid"": ""other""}, {""operation"": ""substitution"", ""reference"": ""alhamdulillah"", ""hypothesis"": ""laha"", ""langid"": ""other""}, {""operation"": ""substitution"", ""reference"": ""wis"", ""hypothesis"": ""mdulin"", ""langid"": ""other""}]",wav2vec2,indonesian-nlp/wav2vec2-indonesian-javanese-sundanese,cpu
processed_indonesia/wav2vec2_300/02_vad/jember_024_0075.wav,Menurutku ndak masuk akal sih.,a ya nurutku ndak masuk akel se,"[""other""]",unknown,1.000000,"{""other"": {""deletions"": 0, ""insertions"": 2, ""reference_words"": 5, ""substitutions"": 3, ""wer"": 1.0}}","[{""operation"": ""insertion"", ""reference"": """", ""hypothesis"": ""a"", ""langid"": ""other""}, {""operation"": ""insertion"", ""reference"": """", ""hypothesis"": ""ya"", ""langid"": ""other""}, {""operation"": ""substitution"", ""reference"": ""menurutku"", ""hypothesis"": ""nurutku"", ""langid"": ""other""}, {""operation"": ""correct"", ""reference"": ""ndak"", ""hypothesis"": ""ndak"", ""langid"": ""other""}, {""operation"": ""correct"", ""reference"": ""masuk"", ""hypothesis"": ""masuk"", ""langid"": ""other""}, {""operation"": ""substitution"", ""reference"": ""akal"", ""hypothesis"": ""akel"", ""langid"": ""other""}, {""operation"": ""substitution"", ""reference"": ""sih"", ""hypothesis"": ""se"", ""langid"": ""other""}]",wav2vec2,indonesian-nlp/wav2vec2-indonesian-javanese-sundanese,cpu
processed_indonesia/wav2vec2_300/02_vad/jember_128_0021.wav,"Iku seh awal-awal aku nduwe HP sing, sing Android ya.",stmiku sih awal awal aku ndehape sing sing androidya,"[""other""]",unknown,0.800000,"{""other"": {""deletions"": 1, ""insertions"": 0, ""reference_words"": 10, ""substitutions"": 7, ""wer"": 0.8}}","[{""operation"": ""substitution"", ""reference"": ""iku"", ""hypothesis"": ""stmiku"", ""langid"": ""other""}, {""operation"": ""substitution"", ""reference"": ""seh"", ""hypothesis"": ""sih"", ""langid"": ""other""}, {""operation"": ""substitution"", ""reference"": ""awal-awal"", ""hypothesis"": ""awal"", ""langid"": ""other""}, {""operation"": ""substitution"", ""reference"": ""aku"", ""hypothesis"": ""awal"", ""langid"": ""other""}, {""operation"": ""substitution"", ""reference"": ""nduwe"", ""hypothesis"": ""aku"", ""langid"": ""other""}, {""operation"": ""substitution"", ""reference"": ""HP"", ""hypothesis"": ""ndehape"", ""langid"": ""other""}, {""operation"": ""correct"", ""reference"": ""sing"", ""hypothesis"": ""sing"", ""langid"": ""other""}, {""operation"": ""correct"", ""reference"": ""sing"", ""hypothesis"": ""sing"", ""langid"": ""other""}, {""operation"": ""deletion"", ""reference"": ""Android"", ""hypothesis"": """", ""langid"": ""other""}, {""operation"": ""substitution"", ""reference"": ""ya"", ""hypothesis"": ""androidya"", ""langid"": ""other""}]",wav2vec2,indonesian-nlp/wav2vec2-indonesian-javanese-sundanese,cpu
processed_indonesia/wav2vec2_300/02_vad/jember_111_0007.wav,"Těrus, ngambil hikmah iku apa, têka peristiwa sejarah iku.",o terusngambil hikmaiku apa taka beristiwa sejarah,"[""other""]",unknown,0.777778,"{""other"": {""deletions"": 2, ""insertions"": 0, ""reference_words"": 9, ""substitutions"": 5, ""wer"": 0.7777777777777778}}","[{""operation"": ""deletion"", ""reference"": ""těrus"", ""hypothesis"": """", ""langid"": ""other""}, {""operation"": ""substitution"", ""reference"": ""ngambil"", ""hypothesis"": ""o"", ""langid"": ""other""}, {""operation"": ""substitution"", ""reference"": ""hikmah"", ""hypothesis"": ""terusngambil"", ""langid"": ""other""}, {""operation"": ""substitution"", ""reference"": ""iku"", ""hypothesis"": ""hikmaiku"", ""langid"": ""other""}, {""operation"": ""correct"", ""reference"": ""apa"", ""hypothesis"": ""apa"", ""langid"": ""other""}, {""operation"": ""substitution"", ""reference"": ""têka"", ""hypothesis"": ""taka"", ""langid"": ""other""}, {""operation"": ""substitution"", ""reference"": ""peristiwa"", ""hypothesis"": ""beristiwa"", ""langid"": ""other""}, {""operation"": ""correct"", ""reference"": ""sejarah"", ""hypothesis"": ""sejarah"", ""langid"": ""other""}, {""operation"": ""deletion"", ""reference"": ""iku"", ""hypothesis"": """", ""langid"": ""other""}]",wav2vec2,indonesian-nlp/wav2vec2-indonesian-javanese-sundanese,cpu
processed_indonesia/wav2vec2_300/02_vad/jember_188_0037.wav,"Iku kaya, kadang lèk, lèk panas iku panase panas nêmên.",panas nu iku kayok kadang laklakpanas iku panase panas,"[""other""]",unknown,0.700000,"{""other"": {""deletions"": 1, ""insertions"": 0, ""reference_words"": 10, ""substitutions"": 6, ""wer"": 0.7}}","[{""operation"": ""substitution"", ""reference"": ""iku"", ""hypothesis"": ""panas"", ""langid"": ""other""}, {""operation"": ""substitution"", ""reference"": ""kaya"", ""hypothesis"": ""nu"", ""langid"": ""other""}, {""operation"": ""substitution"", ""reference"": ""kadang"", ""hypothesis"": ""iku"", ""langid"": ""other""}, {""operation"": ""substitution"", ""reference"": ""lèk"", ""hypothesis"": ""kayok"", ""langid"": ""other""}, {""operation"": ""substitution"", ""reference"": ""lèk"", ""hypothesis"": ""kadang"", ""langid"": ""other""}, {""operation"": ""substitution"", ""reference"": ""panas"", ""hypothesis"": ""laklakpanas"", ""langid"": ""other""}, {""operation"": ""correct"", ""reference"": ""iku"", ""hypothesis"": ""iku"", ""langid"": ""other""}, {""operation"": ""correct"", ""reference"": ""panase"", ""hypothesis"": ""panase"", ""langid"": ""other""}, {""operation"": ""correct"", ""reference"": ""panas"", ""hypothesis"": ""panas"", ""langid"": ""other""}, {""operation"": ""deletion"", ""reference"": ""nêmên"", ""hypothesis"": """", ""langid"": ""other""}]",wav2vec2,indonesian-nlp/wav2vec2-indonesian-javanese-sundanese,cpu
processed_indonesia/wav2vec2_300/02_vad/jember_088_0007.wav,Dadi pênting rutinitas iku.,gone lho dadi penting rutini tasiku,"[""other""]",unknown,1.250000,"{""other"": {""deletions"": 0, ""insertions"": 2, ""reference_words"": 4, ""substitutions"": 3, ""wer"": 1.25}}","[{""operation"": ""insertion"", ""reference"": """", ""hypothesis"": ""gone"", ""langid"": ""other""}, {""operation"": ""insertion"", ""reference"": """", ""hypothesis"": ""lho"", ""langid"": ""other""}, {""operation"": ""correct"", ""reference"": ""dadi"", ""hypothesis"": ""dadi"", ""langid"": ""other""}, {""operation"": ""substitution"", ""reference"": ""pênting"", ""hypothesis"": ""penting"", ""langid"": ""other""}, {""operation"": ""substitution"", ""reference"": ""rutinitas"", ""hypothesis"": ""rutini"", ""langid"": ""other""}, {""operation"": ""substitution"", ""reference"": ""iku"", ""hypothesis"": ""tasiku"", ""langid"": ""other""}]",wav2vec2,indonesian-nlp/wav2vec2-indonesian-javanese-sundanese,cpu
processed_indonesia/wav2vec2_300/02_vad/jember_042_0026.wav,"Nggak bangêt sih, ya lima puluh persen bedane.",gak tangat si yar lima puluh persen nain beldone,"[""other""]",unknown,0.750000,"{""other"": {""deletions"": 0, ""insertions"": 1, ""reference_words"": 8, ""substitutions"": 5, ""wer"": 0.75}}","[{""operation"": ""substitution"", ""reference"": ""nggak"", ""hypothesis"": ""gak"", ""langid"": ""other""}, {""operation"": ""substitution"", ""reference"": ""bangêt"", ""hypothesis"": ""tangat"", ""langid"": ""other""}, {""operation"": ""substitution"", ""reference"": ""sih"", ""hypothesis"": ""si"", ""langid"": ""other""}, {""operation"": ""substitution"", ""reference"": ""ya"", ""hypothesis"": ""yar"", ""langid"": ""other""}, {""operation"": ""correct"", ""reference"": ""lima"", ""hypothesis"": ""lima"", ""langid"": ""other""}, {""operation"": ""correct"", ""reference"": ""puluh"", ""hypothesis"": ""puluh"", ""langid"": ""other""}, {""operation"": ""correct"", ""reference"": ""persen"", ""hypothesis"": ""persen"", ""langid"": ""other""}, {""operation"": ""insertion"", ""reference"": """", ""hypothesis"": ""nain"", ""langid"": ""other""}, {""operation"": ""substitution"", ""reference"": ""bedane"", ""hypothesis"": ""beldone"", ""langid"": ""other""}]",wav2vec2,indonesian-nlp/wav2vec2-indonesian-javanese-sundanese,cpu
processed_indonesia/wav2vec2_300/02_vad/jember_160_0003.wav,"Nah, pas aku main catur iki mbiyèn aku ya ora dong kan iki mlakune piye, piye-piye.",h pata aku mencatur kiki biyen aku yo ora dong gak menigki melaku ne bi pipi,"[""other""]",unknown,0.812500,"{""other"": {""deletions"": 1, ""insertions"": 1, ""reference_words"": 16, ""substitutions"": 11, ""wer"": 0.8125}}","[{""operation"": ""substitution"", ""reference"": ""nah"", ""hypothesis"": ""h"", ""langid"": ""other""}, {""operation"": ""substitution"", ""reference"": ""pas"", ""hypothesis"": ""pata"", ""langid"": ""other""}, {""operation"": ""correct"", ""reference"": ""aku"", ""hypothesis"": ""aku"", ""langid"": ""other""}, {""operation"": ""deletion"", ""reference"": ""main"", ""hypothesis"": """", ""langid"": ""other""}, {""operation"": ""substitution"", ""reference"": ""catur"", ""hypothesis"": ""mencatur"", ""langid"": ""other""}, {""operation"": ""substitution"", ""reference"": ""iki"", ""hypothesis"": ""kiki"", ""langid"": ""other""}, {""operation"": ""substitution"", ""reference"": ""mbiyèn"", ""hypothesis"": ""biyen"", ""langid"": ""other""}, {""operation"": ""correct"", ""reference"": ""aku"", ""hypothesis"": ""aku"", ""langid"": ""other""}, {""operation"": ""substitution"", ""reference"": ""ya"", ""hypothesis"": ""yo"", ""langid"": ""other""}, {""operation"": ""correct"", ""reference"": ""ora"", ""hypothesis"": ""ora"", ""langid"": ""other""}, {""operation"": ""correct"", ""reference"": ""dong"", ""hypothesis"": ""dong"", ""langid"": ""other""}, {""operation"": ""insertion"", ""reference"": """", ""hypothesis"": ""gak"", ""langid"": ""other""}, {""operation"": ""substitution"", ""reference"": ""kan"", ""hypothesis"": ""menigki"", ""langid"": ""other""}, {""operation"": ""substitution"", ""reference"": ""iki"", ""hypothesis"": ""melaku"", ""langid"": ""other""}, {""operation"": ""substitution"", ""reference"": ""mlakune"", ""hypothesis"": ""ne"", ""langid"": ""other""}, {""operation"": ""substitution"", ""reference"": ""piye"", ""hypothesis"": ""bi"", ""langid"": ""other""}, {""operation"": ""substitution"", ""reference"": ""piye-piye"", ""hypothesis"": ""pipi"", ""langid"": ""other""}]",wav2vec2,indonesian-nlp/wav2vec2-indonesian-javanese-sundanese,cpu
processed_indonesia/wav2vec2_300/02_vad/jember_162_0012.wav,"Aku melakukan itu, tapi aku tidak lemu-lemu mbuh ngapa ya.",aku melakukan itu tapi aku tidak lemung,"[""other""]",unknown,0.400000,"{""other"": {""deletions"": 3, ""insertions"": 0, ""reference_words"": 10, ""substitutions"": 1, ""wer"": 0.4}}","[{""operation"": ""correct"", ""reference"": ""aku"", ""hypothesis"": ""aku"", ""langid"": ""other""}, {""operation"": ""correct"", ""reference"": ""melakukan"", ""hypothesis"": ""melakukan"", ""langid"": ""other""}, {""operation"": ""correct"", ""reference"": ""itu"", ""hypothesis"": ""itu"", ""langid"": ""other""}, {""operation"": ""correct"", ""reference"": ""tapi"", ""hypothesis"": ""tapi"", ""langid"": ""other""}, {""operation"": ""correct"", ""reference"": ""aku"", ""hypothesis"": ""aku"", ""langid"": ""other""}, {""operation"": ""correct"", ""reference"": ""tidak"", ""hypothesis"": ""tidak"", ""langid"": ""other""}, {""operation"": ""deletion"", ""reference"": ""lemu-lemu"", ""hypothesis"": """", ""langid"": ""other""}, {""operation"": ""deletion"", ""reference"": ""mbuh"", ""hypothesis"": """", ""langid"": ""other""}, {""operation"": ""deletion"", ""reference"": ""ngapa"", ""hypothesis"": """", ""langid"": ""other""}, {""operation"": ""substitution"", ""reference"": ""ya"", ""hypothesis"": ""lemung"", ""langid"": ""other""}]",wav2vec2,indonesian-nlp/wav2vec2-indonesian-javanese-sundanese,cpu
processed_indonesia/wav2vec2_300/02_vad/jember_048_0070.wav,"Tapi de'e iku, karna kalem iku de'e nggak, nggak apa ya, apa ya bahasae biasane lanang iku kan sênêng sing ngene, ngene, ngene, ngene, ngene, ngono.",ah tapi dhekekiku karena kalem iku dikengak ngga apa ya ngap ya biasare biasar lanangu kan seneng sing ngene ngenneng nene ngenaeng,"[""other""]",unknown,0.692308,"{""other"": {""deletions"": 4, ""insertions"": 0, ""reference_words"": 26, ""substitutions"": 14, ""wer"": 0.6923076923076923}}","[{""operation"": ""substitution"", ""reference"": ""tapi"", ""hypothesis"": ""ah"", ""langid"": ""other""}, {""operation"": ""substitution"", ""reference"": ""de'e"", ""hypothesis"": ""tapi"", ""langid"": ""other""}, {""operation"": ""substitution"", ""reference"": ""iku"", ""hypothesis"": ""dhekekiku"", ""langid"": ""other""}, {""operation"": ""substitution"", ""reference"": ""karna"", ""hypothesis"": ""karena"", ""langid"": ""other""}, {""operation"": ""correct"", ""reference"": ""kalem"", ""hypothesis"": ""kalem"", ""langid"": ""other""}, {""operation"": ""correct"", ""reference"": ""iku"", ""hypothesis"": ""iku"", ""langid"": ""other""}, {""operation"": ""deletion"", ""reference"": ""de'e"", ""hypothesis"": """", ""langid"": ""other""}, {""operation"": ""substitution"", ""reference"": ""nggak"", ""hypothesis"": ""dikengak"", ""langid"": ""other""}, {""operation"": ""substitution"", ""reference"": ""nggak"", ""hypothesis"": ""ngga"", ""langid"": ""other""}, {""operation"": ""correct"", ""reference"": ""apa"", ""hypothesis"": ""apa"", ""langid"": ""other""}, {""operation"": ""correct"", ""reference"": ""ya"", ""hypothesis"": ""ya"", ""langid"": ""other""}, {""operation"": ""substitution"", ""reference"": ""apa"", ""hypothesis"": ""ngap"", ""langid"": ""other""}, {""operation"": ""correct"", ""reference"": ""ya"", ""hypothesis"": ""ya"", ""langid"": ""other""}, {""operation"": ""deletion"", ""reference"": ""bahasae"", ""hypothesis"": """", ""langid"": ""other""}, {""operation"": ""substitution"", ""reference"": ""biasane"", ""hypothesis"": ""biasare"", ""langid"": ""other""}, {""operation"": ""substitution"", ""reference"": ""lanang"", ""hypothesis"": ""biasar"", ""langid"": ""other""}, {""operation"": ""substitution"", ""reference"": ""iku"", ""hypothesis"": ""lanangu"", ""langid"": ""other""}, {""operation"": ""correct"", ""reference"": ""kan"", ""hypothesis"": ""kan"", ""langid"": ""other""}, {""operation"": ""substitution"", ""reference"": ""sênêng"", ""hypothesis"": ""seneng"", ""langid"": ""other""}, {""operation"": ""correct"", ""reference"": ""sing"", ""hypothesis"": ""sing"", ""langid"": ""other""}, {""operation"": ""deletion"", ""reference"": ""ngene"", ""hypothesis"": """", ""langid"": ""other""}, {""operation"": ""deletion"", ""reference"": ""ngene"", ""hypothesis"": """", ""langid"": ""other""}, {""operation"": ""correct"", ""reference"": ""ngene"", ""hypothesis"": ""ngene"", ""langid"": ""other""}, {""operation"": ""substitution"", ""reference"": ""ngene"", ""hypothesis"": ""ngenneng"", ""langid"": ""other""}, {""operation"": ""substitution"", ""reference"": ""ngene"", ""hypothesis"": ""nene"", ""langid"": ""other""}, {""operation"": ""substitution"", ""reference"": ""ngono"", ""hypothesis"": ""ngenaeng"", ""langid"": ""other""}]",wav2vec2,indonesian-nlp/wav2vec2-indonesian-javanese-sundanese,cpu
processed_indonesia/wav2vec2_300/02_vad/jember_045_0027.wav,"Dadi nggak ngêrti, nggak ngêrti sing lèk wong nèng omah ya nonton piala, piala dunia atau kepiye.",ititi nggak ngerti nggak ngerti sing rakwong gonang omah iki ya nentan tiala pialat dunia atau wakiy,"[""other""]",unknown,0.647059,"{""other"": {""deletions"": 0, ""insertions"": 0, ""reference_words"": 17, ""substitutions"": 11, ""wer"": 0.6470588235294118}}","[{""operation"": ""substitution"", ""reference"": ""dadi"", ""hypothesis"": ""ititi"", ""langid"": ""other""}, {""operation"": ""correct"", ""reference"": ""nggak"", ""hypothesis"": ""nggak"", ""langid"": ""other""}, {""operation"": ""substitution"", ""reference"": ""ngêrti"", ""hypothesis"": ""ngerti"", ""langid"": ""other""}, {""operation"": ""correct"", ""reference"": ""nggak"", ""hypothesis"": ""nggak"", ""langid"": ""other""}, {""operation"": ""substitution"", ""reference"": ""ngêrti"", ""hypothesis"": ""ngerti"", ""langid"": ""other""}, {""operation"": ""correct"", ""reference"": ""sing"", ""hypothesis"": ""sing"", ""langid"": ""other""}, {""operation"": ""substitution"", ""reference"": ""lèk"", ""hypothesis"": ""rakwong"", ""langid"": ""other""}, {""operation"": ""substitution"", ""reference"": ""wong"", ""hypothesis"": ""gonang"", ""langid"": ""other""}, {""operation"": ""substitution"", ""reference"": ""nèng"", ""hypothesis"": ""omah"", ""langid"": ""other""}, {""operation"": ""substitution"", ""reference"": ""omah"", ""hypothesis"": ""iki"", ""langid"": ""other""}, {""operation"": ""correct"", ""reference"": ""ya"", ""hypothesis"": ""ya"", ""langid"": ""other""}, {""operation"": ""substitution"", ""reference"": ""nonton"", ""hypothesis"": ""nentan"", ""langid"": ""other""}, {""operation"": ""substitution"", ""reference"": ""piala"", ""hypothesis"": ""tiala"", ""langid"": ""other""}, {""operation"": ""substitution"", ""reference"": ""piala"", ""hypothesis"": ""pialat"", ""langid"": ""other""}, {""operation"": ""correct"", ""reference"": ""dunia"", ""hypothesis"": ""dunia"", ""langid"": ""other""}, {""operation"": ""correct"", ""reference"": ""atau"", ""hypothesis"": ""atau"", ""langid"": ""other""}, {""operation"": ""substitution"", ""reference"": ""kepiye"", ""hypothesis"": ""wakiy"", ""langid"": ""other""}]",wav2vec2,indonesian-nlp/wav2vec2-indonesian-javanese-sundanese,cpu
processed_indonesia/wav2vec2_300/02_vad/jember_046_0015.wav,"Sifate awake dhewe iki, karaktere awak dhewe iku ana karna lingkungan dan diri sêndiri.",sifate al dewe iki karakter eal dewe iku onok karene lingkungan den diri sendiri,"[""other""]",unknown,0.642857,"{""other"": {""deletions"": 0, ""insertions"": 0, ""reference_words"": 14, ""substitutions"": 9, ""wer"": 0.6428571428571429}}","[{""operation"": ""correct"", ""reference"": ""sifate"", ""hypothesis"": ""sifate"", ""langid"": ""other""}, {""operation"": ""substitution"", ""reference"": ""awake"", ""hypothesis"": ""al"", ""langid"": ""other""}, {""operation"": ""substitution"", ""reference"": ""dhewe"", ""hypothesis"": ""dewe"", ""langid"": ""other""}, {""operation"": ""correct"", ""reference"": ""iki"", ""hypothesis"": ""iki"", ""langid"": ""other""}, {""operation"": ""substitution"", ""reference"": ""karaktere"", ""hypothesis"": ""karakter"", ""langid"": ""other""}, {""operation"": ""substitution"", ""reference"": ""awak"", ""hypothesis"": ""eal"", ""langid"": ""other""}, {""operation"": ""substitution"", ""reference"": ""dhewe"", ""hypothesis"": ""dewe"", ""langid"": ""other""}, {""operation"": ""correct"", ""reference"": ""iku"", ""hypothesis"": ""iku"", ""langid"": ""other""}, {""operation"": ""substitution"", ""reference"": ""ana"", ""hypothesis"": ""onok"", ""langid"": ""other""}, {""operation"": ""substitution"", ""reference"": ""karna"", ""hypothesis"": ""karene"", ""langid"": ""other""}, {""operation"": ""correct"", ""reference"": ""lingkungan"", ""hypothesis"": ""lingkungan"", ""langid"": ""other""}, {""operation"": ""substitution"", ""reference"": ""dan"", ""hypothesis"": ""den"", ""langid"": ""other""}, {""operation"": ""correct"", ""reference"": ""diri"", ""hypothesis"": ""diri"", ""langid"": ""other""}, {""operation"": ""substitution"", ""reference"": ""sêndiri"", ""hypothesis"": ""sendiri"", ""langid"": ""other""}]",wav2vec2,indonesian-nlp/wav2vec2-indonesian-javanese-sundanese,cpu
processed_indonesia/wav2vec2_300/02_vad/jember_203_0028.wav,"Soale ya, e..., pertimbanganku ki secara psikologis.",s taun soale ya e pertimbanganku ki secara sia,"[""other""]",unknown,0.571429,"{""other"": {""deletions"": 0, ""insertions"": 2, ""reference_words"": 7, ""substitutions"": 2, ""wer"": 0.5714285714285714}}","[{""operation"": ""insertion"", ""reference"": """", ""hypothesis"": ""s"", ""langid"": ""other""}, {""operation"": ""insertion"", ""reference"": """", ""hypothesis"": ""taun"", ""langid"": ""other""}, {""operation"": ""correct"", ""reference"": ""soale"", ""hypothesis"": ""soale"", ""langid"": ""other""}, {""operation"": ""correct"", ""reference"": ""ya"", ""hypothesis"": ""ya"", ""langid"": ""other""}, {""operation"": ""substitution"", ""reference"": ""e..."", ""hypothesis"": ""e"", ""langid"": ""other""}, {""operation"": ""correct"", ""reference"": ""pertimbanganku"", ""hypothesis"": ""pertimbanganku"", ""langid"": ""other""}, {""operation"": ""correct"", ""reference"": ""ki"", ""hypothesis"": ""ki"", ""langid"": ""other""}, {""operation"": ""correct"", ""reference"": ""secara"", ""hypothesis"": ""secara"", ""langid"": ""other""}, {""operation"": ""substitution"", ""reference"": ""psikologis"", ""hypothesis"": ""sia"", ""langid"": ""other""}]",wav2vec2,indonesian-nlp/wav2vec2-indonesian-javanese-sundanese,cpu
processed_indonesia/wav2vec2_300/02_vad/jember_206_0056.wav,"Maksude, e..., paling pênting ki keluargane sing isa memberi perhatian ning arèk-arèk meler ngono kuwi.",ngti gonomostik e paling pentingki keluargane sing iso memberi perhatian ning arek arek meler menkui,"[""other""]",unknown,0.666667,"{""other"": {""deletions"": 0, ""insertions"": 0, ""reference_words"": 15, ""substitutions"": 10, ""wer"": 0.6666666666666666}}","[{""operation"": ""substitution"", ""reference"": ""maksude"", ""hypothesis"": ""ngti"", ""langid"": ""other""}, {""operation"": ""substitution"", ""reference"": ""e..."", ""hypothesis"": ""gonomostik"", ""langid"": ""other""}, {""operation"": ""substitution"", ""reference"": ""paling"", ""hypothesis"": ""e"", ""langid"": ""other""}, {""operation"": ""substitution"", ""reference"": ""pênting"", ""hypothesis"": ""paling"", ""langid"": ""other""}, {""operation"": ""substitution"", ""reference"": ""ki"", ""hypothesis"": ""pentingki"", ""langid"": ""other""}, {""operation"": ""correct"", ""reference"": ""keluargane"", ""hypothesis"": ""keluargane"", ""langid"": ""other""}, {""operation"": ""correct"", ""reference"": ""sing"", ""hypothesis"": ""sing"", ""langid"": ""other""}, {""operation"": ""substitution"", ""reference"": ""isa"", ""hypothesis"": ""iso"", ""langid"": ""other""}, {""operation"": ""correct"", ""reference"": ""memberi"", ""hypothesis"": ""memberi"", ""langid"": ""other""}, {""operation"": ""correct"", ""reference"": ""perhatian"", ""hypothesis"": ""perhatian"", ""langid"": ""other""}, {""operation"": ""correct"", ""reference"": ""ning"", ""hypothesis"": ""ning"", ""langid"": ""other""}, {""operation"": ""substitution"", ""reference"": ""arèk-arèk"", ""hypothesis"": ""arek"", ""langid"": ""other""}, {""operation"": ""substitution"", ""reference"": ""meler"", ""hypothesis"": ""arek"", ""langid"": ""other""}, {""operation"": ""substitution"", ""reference"": ""ngono"", ""hypothesis"": ""meler"", ""langid"": ""other""}, {""operation"": ""substitution"", ""reference"": ""kuwi"", ""hypothesis"": ""menkui"", ""langid"": ""other""}]",wav2vec2,indonesian-nlp/wav2vec2-indonesian-javanese-sundanese,cpu
processed_indonesia/wav2vec2_300/02_vad/jember_185_0082.wav,"Těrus, akhire ambèk mase iku kaya diajari ngono Mbak.",ingonmu terus aire ambek mase aku koyok di ac,"[""other""]",unknown,1.000000,"{""other"": {""deletions"": 0, ""insertions"": 0, ""reference_words"": 9, ""substitutions"": 9, ""wer"": 1.0}}","[{""operation"": ""substitution"", ""reference"": ""těrus"", ""hypothesis"": ""ingonmu"", ""langid"": ""other""}, {""operation"": ""substitution"", ""reference"": ""akhire"", ""hypothesis"": ""terus"", ""langid"": ""other""}, {""operation"": ""substitution"", ""reference"": ""ambèk"", ""hypothesis"": ""aire"", ""langid"": ""other""}, {""operation"": ""substitution"", ""reference"": ""mase"", ""hypothesis"": ""ambek"", ""langid"": ""other""}, {""operation"": ""substitution"", ""reference"": ""iku"", ""hypothesis"": ""mase"", ""langid"": ""other""}, {""operation"": ""substitution"", ""reference"": ""kaya"", ""hypothesis"": ""aku"", ""langid"": ""other""}, {""operation"": ""substitution"", ""reference"": ""diajari"", ""hypothesis"": ""koyok"", ""langid"": ""other""}, {""operation"": ""substitution"", ""reference"": ""ngono"", ""hypothesis"": ""di"", ""langid"": ""other""}, {""operation"": ""substitution"", ""reference"": ""Mbak"", ""hypothesis"": ""ac"", ""langid"": ""other""}]",wav2vec2,indonesian-nlp/wav2vec2-indonesian-javanese-sundanese,cpu
processed_indonesia/wav2vec2_300/02_vad/jember_124_0017.wav,Tak gawa dadi formal.,rine ngenuta ikawu dadi formal,"[""other""]",unknown,0.750000,"{""other"": {""deletions"": 0, ""insertions"": 1, ""reference_words"": 4, ""substitutions"": 2, ""wer"": 0.75}}","[{""operation"": ""insertion"", ""reference"": """", ""hypothesis"": ""rine"", ""langid"": ""other""}, {""operation"": ""substitution"", ""reference"": ""tak"", ""hypothesis"": ""ngenuta"", ""langid"": ""other""}, {""operation"": ""substitution"", ""reference"": ""gawa"", ""hypothesis"": ""ikawu"", ""langid"": ""other""}, {""operation"": ""correct"", ""reference"": ""dadi"", ""hypothesis"": ""dadi"", ""langid"": ""other""}, {""operation"": ""correct"", ""reference"": ""formal"", ""hypothesis"": ""formal"", ""langid"": ""other""}]",wav2vec2,indonesian-nlp/wav2vec2-indonesian-javanese-sundanese,cpu
processed_indonesia/wav2vec2_300/02_vad/jember_112_0044.wav,"Bandingna jaman mbiyèn mbek jaman saiki, plus minuse ki piye.",esuh ur woh ban dina jaman biyen mbek jaman saiki plesminisi biye,"[""other""]",unknown,1.000000,"{""other"": {""deletions"": 2, ""insertions"": 4, ""reference_words"": 10, ""substitutions"": 4, ""wer"": 1.0}}","[{""operation"": ""insertion"", ""reference"": """", ""hypothesis"": ""esuh"", ""langid"": ""other""}, {""operation"": ""insertion"", ""reference"": """", ""hypothesis"": ""ur"", ""langid"": ""other""}, {""operation"": ""insertion"", ""reference"": """", ""hypothesis"": ""woh"", ""langid"": ""other""}, {""operation"": ""insertion"", ""reference"": """", ""hypothesis"": ""ban"", ""langid"": ""other""}, {""operation"": ""substitution"", ""reference"": ""bandingna"", ""hypothesis"": ""dina"", ""langid"": ""other""}, {""operation"": ""correct"", ""reference"": ""jaman"", ""hypothesis"": ""jaman"", ""langid"": ""other""}, {""operation"": ""substitution"", ""reference"": ""mbiyèn"", ""hypothesis"": ""biyen"", ""langid"": ""other""}, {""operation"": ""correct"", ""reference"": ""mbek"", ""hypothesis"": ""mbek"", ""langid"": ""other""}, {""operation"": ""correct"", ""reference"": ""jaman"", ""hypothesis"": ""jaman"", ""langid"": ""other""}, {""operation"": ""correct"", ""reference"": ""saiki"", ""hypothesis"": ""saiki"", ""langid"": ""other""}, {""operation"": ""deletion"", ""reference"": ""plus"", ""hypothesis"": """", ""langid"": ""other""}, {""operation"": ""deletion"", ""reference"": ""minuse"", ""hypothesis"": """", ""langid"": ""other""}, {""operation"": ""substitution"", ""reference"": ""ki"", ""hypothesis"": ""plesminisi"", ""langid"": ""other""}, {""operation"": ""substitution"", ""reference"": ""piye"", ""hypothesis"": ""biye"", ""langid"": ""other""}]",wav2vec2,indonesian-nlp/wav2vec2-indonesian-javanese-sundanese,cpu
processed_indonesia/wav2vec2_300/02_vad/jember_175_0028.wav,"Mèk..., contoe kaya ning Semeru ya. Ning Semeru aku gak ning Semeru ne, mèk ning Ranupanine thok.",yakimbak me contoe kayok ning semeru ya nisemera kogak ning semeru nit mek ning ra nupani,"[""other""]",unknown,0.764706,"{""other"": {""deletions"": 2, ""insertions"": 1, ""reference_words"": 17, ""substitutions"": 10, ""wer"": 0.7647058823529411}}","[{""operation"": ""insertion"", ""reference"": """", ""hypothesis"": ""yakimbak"", ""langid"": ""other""}, {""operation"": ""substitution"", ""reference"": ""mèk..."", ""hypothesis"": ""me"", ""langid"": ""other""}, {""operation"": ""correct"", ""reference"": ""contoe"", ""hypothesis"": ""contoe"", ""langid"": ""other""}, {""operation"": ""substitution"", ""reference"": ""kaya"", ""hypothesis"": ""kayok"", ""langid"": ""other""}, {""operation"": ""correct"", ""reference"": ""ning"", ""hypothesis"": ""ning"", ""langid"": ""other""}, {""operation"": ""substitution"", ""reference"": ""Semeru"", ""hypothesis"": ""semeru"", ""langid"": ""other""}, {""operation"": ""correct"", ""reference"": ""ya"", ""hypothesis"": ""ya"", ""langid"": ""other""}, {""operation"": ""deletion"", ""reference"": ""ning"", ""hypothesis"": """", ""langid"": ""other""}, {""operation"": ""deletion"", ""reference"": ""Semeru"", ""hypothesis"": """", ""langid"": ""other""}, {""operation"": ""substitution"", ""reference"": ""aku"", ""hypothesis"": ""nisemera"", ""langid"": ""other""}, {""operation"": ""substitution"", ""reference"": ""gak"", ""hypothesis"": ""kogak"", ""langid"": ""other""}, {""operation"": ""correct"", ""reference"": ""ning"", ""hypothesis"": ""ning"", ""langid"": ""other""}, {""operation"": ""substitution"", ""reference"": ""Semeru"", ""hypothesis"": ""semeru"", ""langid"": ""other""}, {""operation"": ""substitution"", ""reference"": ""ne"", ""hypothesis"": ""nit"", ""langid"": ""other""}, {""operation"": ""substitution"", ""reference"": ""mèk"", ""hypothesis"": ""mek"", ""langid"": ""other""}, {""operation"": ""correct"", ""reference"": ""ning"", ""hypothesis"": ""ning"", ""langid"": ""other""}, {""operation"": ""substitution"", ""reference"": ""Ranupanine"", ""hypothesis"": ""ra"", ""langid"": ""other""}, {""operation"": ""substitution"", ""reference"": ""thok"", ""hypothesis"": ""nupani"", ""langid"": ""other""}]",wav2vec2,indonesian-nlp/wav2vec2-indonesian-javanese-sundanese,cpu
processed_indonesia/wav2vec2_300/02_vad/jember_185_0006.wav,"Soale ya lèk awake dhewe apa jênênge, kaya nyiapna barang-barange kan, nyiapna perlengkapane, kaya tendha, těrustas-tas kaya carrier contoe, matras ngono iku kan.",soale yo lik awek dhewey apa jenenge kayanyiapna barang barange gkan nyiapna pelengkapane kayok tendo terus tas tas kayek karrier contoe matras mguniku kan,"[""other""]",unknown,0.826087,"{""other"": {""deletions"": 1, ""insertions"": 2, ""reference_words"": 23, ""substitutions"": 16, ""wer"": 0.8260869565217391}}","[{""operation"": ""correct"", ""reference"": ""soale"", ""hypothesis"": ""soale"", ""langid"": ""other""}, {""operation"": ""substitution"", ""reference"": ""ya"", ""hypothesis"": ""yo"", ""langid"": ""other""}, {""operation"": ""substitution"", ""reference"": ""lèk"", ""hypothesis"": ""lik"", ""langid"": ""other""}, {""operation"": ""substitution"", ""reference"": ""awake"", ""hypothesis"": ""awek"", ""langid"": ""other""}, {""operation"": ""substitution"", ""reference"": ""dhewe"", ""hypothesis"": ""dhewey"", ""langid"": ""other""}, {""operation"": ""correct"", ""reference"": ""apa"", ""hypothesis"": ""apa"", ""langid"": ""other""}, {""operation"": ""substitution"", ""reference"": ""jênênge"", ""hypothesis"": ""jenenge"", ""langid"": ""other""}, {""operation"": ""substitution"", ""reference"": ""kaya"", ""hypothesis"": ""kayanyiapna"", ""langid"": ""other""}, {""operation"": ""substitution"", ""reference"": ""nyiapna"", ""hypothesis"": ""barang"", ""langid"": ""other""}, {""operation"": ""substitution"", ""reference"": ""barang-barange"", ""hypothesis"": ""barange"", ""langid"": ""other""}, {""operation"": ""substitution"", ""reference"": ""kan"", ""hypothesis"": ""gkan"", ""langid"": ""other""}, {""operation"": ""correct"", ""reference"": ""nyiapna"", ""hypothesis"": ""nyiapna"", ""langid"": ""other""}, {""operation"": ""insertion"", ""reference"": """", ""hypothesis"": ""pelengkapane"", ""langid"": ""other""}, {""operation"": ""insertion"", ""reference"": """", ""hypothesis"": ""kayok"", ""langid"": ""other""}, {""operation"": ""substitution"", ""reference"": ""perlengkapane"", ""hypothesis"": ""tendo"", ""langid"": ""other""}, {""operation"": ""substitution"", ""reference"": ""kaya"", ""hypothesis"": ""terus"", ""langid"": ""other""}, {""operation"": ""substitution"", ""reference"": ""tendha"", ""hypothesis"": ""tas"", ""langid"": ""other""}, {""operation"": ""substitution"", ""reference"": ""těrustas-tas"", ""hypothesis"": ""tas"", ""langid"": ""other""}, {""operation"": ""substitution"", ""reference"": ""kaya"", ""hypothesis"": ""kayek"", ""langid"": ""other""}, {""operation"": ""substitution"", ""reference"": ""carrier"", ""hypothesis"": ""karrier"", ""langid"": ""other""}, {""operation"": ""correct"", ""reference"": ""contoe"", ""hypothesis"": ""contoe"", ""langid"": ""other""}, {""operation"": ""correct"", ""reference"": ""matras"", ""hypothesis"": ""matras"", ""langid"": ""other""}, {""operation"": ""deletion"", ""reference"": ""ngono"", ""hypothesis"": """", ""langid"": ""other""}, {""operation"": ""substitution"", ""reference"": ""iku"", ""hypothesis"": ""mguniku"", ""langid"": ""other""}, {""operation"": ""correct"", ""reference"": ""kan"", ""hypothesis"": ""kan"", ""langid"": ""other""}]",wav2vec2,indonesian-nlp/wav2vec2-indonesian-javanese-sundanese,cpu
processed_indonesia/wav2vec2_300/02_vad/jember_199_0026.wav,"Těrus, selain iku ya, e..., karena hasil tani utawa residu apa ya, kaya sisa-sisa hasil pertanian iku kan akèh ya.",kenadvher trus selain iku yo a karena hasiltani yutawa resi dua paya poyok siso sisa hasil pertanian iku kan ya,"[""other""]",unknown,0.650000,"{""other"": {""deletions"": 1, ""insertions"": 1, ""reference_words"": 20, ""substitutions"": 11, ""wer"": 0.65}}","[{""operation"": ""insertion"", ""reference"": """", ""hypothesis"": ""kenadvher"", ""langid"": ""other""}, {""operation"": ""substitution"", ""reference"": ""těrus"", ""hypothesis"": ""trus"", ""langid"": ""other""}, {""operation"": ""correct"", ""reference"": ""selain"", ""hypothesis"": ""selain"", ""langid"": ""other""}, {""operation"": ""correct"", ""reference"": ""iku"", ""hypothesis"": ""iku"", ""langid"": ""other""}, {""operation"": ""substitution"", ""reference"": ""ya"", ""hypothesis"": ""yo"", ""langid"": ""other""}, {""operation"": ""substitution"", ""reference"": ""e..."", ""hypothesis"": ""a"", ""langid"": ""other""}, {""operation"": ""correct"", ""reference"": ""karena"", ""hypothesis"": ""karena"", ""langid"": ""other""}, {""operation"": ""substitution"", ""reference"": ""hasil"", ""hypothesis"": ""hasiltani"", ""langid"": ""other""}, {""operation"": ""substitution"", ""reference"": ""tani"", ""hypothesis"": ""yutawa"", ""langid"": ""other""}, {""operation"": ""substitution"", ""reference"": ""utawa"", ""hypothesis"": ""resi"", ""langid"": ""other""}, {""operation"": ""substitution"", ""reference"": ""residu"", ""hypothesis"": ""dua"", ""langid"": ""other""}, {""operation"": ""substitution"", ""reference"": ""apa"", ""hypothesis"": ""paya"", ""langid"": ""other""}, {""operation"": ""substitution"", ""reference"": ""ya"", ""hypothesis"": ""poyok"", ""langid"": ""other""}, {""operation"": ""substitution"", ""reference"": ""kaya"", ""hypothesis"": ""siso"", ""langid"": ""other""}, {""operation"": ""substitution"", ""reference"": ""sisa-sisa"", ""hypothesis"": ""sisa"", ""langid"": ""other""}, {""operation"": ""correct"", ""reference"": ""hasil"", ""hypothesis"": ""hasil"", ""langid"": ""other""}, {""operation"": ""correct"", ""reference"": ""pertanian"", ""hypothesis"": ""pertanian"", ""langid"": ""other""}, {""operation"": ""correct"", ""reference"": ""iku"", ""hypothesis"": ""iku"", ""langid"": ""other""}, {""operation"": ""correct"", ""reference"": ""kan"", ""hypothesis"": ""kan"", ""langid"": ""other""}, {""operation"": ""deletion"", ""reference"": ""akèh"", ""hypothesis"": """", ""langid"": ""other""}, {""operation"": ""correct"", ""reference"": ""ya"", ""hypothesis"": ""ya"", ""langid"": ""other""}]",wav2vec2,indonesian-nlp/wav2vec2-indonesian-javanese-sundanese,cpu
processed_indonesia/wav2vec2_300/02_vad/jember_042_0071.wav,"Istilahe iku mungkin ngapusi lah, ngono.",bahasae istilah ini mungkin kapusilah,"[""other""]",unknown,1.000000,"{""other"": {""deletions"": 1, ""insertions"": 0, ""reference_words"": 6, ""substitutions"": 5, ""wer"": 1.0}}","[{""operation"": ""deletion"", ""reference"": ""istilahe"", ""hypothesis"": """", ""langid"": ""other""}, {""operation"": ""substitution"", ""reference"": ""iku"", ""hypothesis"": ""bahasae"", ""langid"": ""other""}, {""operation"": ""substitution"", ""reference"": ""mungkin"", ""hypothesis"": ""istilah"", ""langid"": ""other""}, {""operation"": ""substitution"", ""reference"": ""ngapusi"", ""hypothesis"": ""ini"", ""langid"": ""other""}, {""operation"": ""substitution"", ""reference"": ""lah"", ""hypothesis"": ""mungkin"", ""langid"": ""other""}, {""operation"": ""substitution"", ""reference"": ""ngono"", ""hypothesis"": ""kapusilah"", ""langid"": ""other""}]",wav2vec2,indonesian-nlp/wav2vec2-indonesian-javanese-sundanese,cpu
processed_indonesia/wav2vec2_300/02_vad/jember_196_0024.wav,"Dadi mlaku sak menit, mandhêg.",joga dadi mlaku sak menit mande,"[""other""]",unknown,0.400000,"{""other"": {""deletions"": 0, ""insertions"": 1, ""reference_words"": 5, ""substitutions"": 1, ""wer"": 0.4}}","[{""operation"": ""insertion"", ""reference"": """", ""hypothesis"": ""joga"", ""langid"": ""other""}, {""operation"": ""correct"", ""reference"": ""dadi"", ""hypothesis"": ""dadi"", ""langid"": ""other""}, {""operation"": ""correct"", ""reference"": ""mlaku"", ""hypothesis"": ""mlaku"", ""langid"": ""other""}, {""operation"": ""correct"", ""reference"": ""sak"", ""hypothesis"": ""sak"", ""langid"": ""other""}, {""operation"": ""correct"", ""reference"": ""menit"", ""hypothesis"": ""menit"", ""langid"": ""other""}, {""operation"": ""substitution"", ""reference"": ""mandhêg"", ""hypothesis"": ""mande"", ""langid"": ""other""}]",wav2vec2,indonesian-nlp/wav2vec2-indonesian-javanese-sundanese,cpu
processed_indonesia/wav2vec2_300/02_vad/jember_043_0016.wav,"Mereka kuwi ya têtêp dicampur karo kanca-kancane, tapi de'e nduwe guru dhewe.",mereka kelha tetap dicampur nar kanca kancane tapi dheke nduwe guru dhewee,"[""other""]",unknown,0.666667,"{""other"": {""deletions"": 0, ""insertions"": 0, ""reference_words"": 12, ""substitutions"": 8, ""wer"": 0.6666666666666666}}","[{""operation"": ""correct"", ""reference"": ""mereka"", ""hypothesis"": ""mereka"", ""langid"": ""other""}, {""operation"": ""substitution"", ""reference"": ""kuwi"", ""hypothesis"": ""kelha"", ""langid"": ""other""}, {""operation"": ""substitution"", ""reference"": ""ya"", ""hypothesis"": ""tetap"", ""langid"": ""other""}, {""operation"": ""substitution"", ""reference"": ""têtêp"", ""hypothesis"": ""dicampur"", ""langid"": ""other""}, {""operation"": ""substitution"", ""reference"": ""dicampur"", ""hypothesis"": ""nar"", ""langid"": ""other""}, {""operation"": ""substitution"", ""reference"": ""karo"", ""hypothesis"": ""kanca"", ""langid"": ""other""}, {""operation"": ""substitution"", ""reference"": ""kanca-kancane"", ""hypothesis"": ""kancane"", ""langid"": ""other""}, {""operation"": ""correct"", ""reference"": ""tapi"", ""hypothesis"": ""tapi"", ""langid"": ""other""}, {""operation"": ""substitution"", ""reference"": ""de'e"", ""hypothesis"": ""dheke"", ""langid"": ""other""}, {""operation"": ""correct"", ""reference"": ""nduwe"", ""hypothesis"": ""nduwe"", ""langid"": ""other""}, {""operation"": ""correct"", ""reference"": ""guru"", ""hypothesis"": ""guru"", ""langid"": ""other""}, {""operation"": ""substitution"", ""reference"": ""dhewe"", ""hypothesis"": ""dhewee"", ""langid"": ""other""}]",wav2vec2,indonesian-nlp/wav2vec2-indonesian-javanese-sundanese,cpu
processed_indonesia/wav2vec2_300/02_vad/jember_032_0002.wav,"Contohe anggrek, těrus, e..., aglonema, těrus, em, lidah buaya.",contoy anggrek tus reagdonemah terusemuuida buaya,"[""other""]",unknown,0.777778,"{""other"": {""deletions"": 3, ""insertions"": 0, ""reference_words"": 9, ""substitutions"": 4, ""wer"": 0.7777777777777778}}","[{""operation"": ""substitution"", ""reference"": ""contohe"", ""hypothesis"": ""contoy"", ""langid"": ""other""}, {""operation"": ""correct"", ""reference"": ""anggrek"", ""hypothesis"": ""anggrek"", ""langid"": ""other""}, {""operation"": ""deletion"", ""reference"": ""těrus"", ""hypothesis"": """", ""langid"": ""other""}, {""operation"": ""deletion"", ""reference"": ""e..."", ""hypothesis"": """", ""langid"": ""other""}, {""operation"": ""deletion"", ""reference"": ""aglonema"", ""hypothesis"": """", ""langid"": ""other""}, {""operation"": ""substitution"", ""reference"": ""těrus"", ""hypothesis"": ""tus"", ""langid"": ""other""}, {""operation"": ""substitution"", ""reference"": ""em"", ""hypothesis"": ""reagdonemah"", ""langid"": ""other""}, {""operation"": ""substitution"", ""reference"": ""lidah"", ""hypothesis"": ""terusemuuida"", ""langid"": ""other""}, {""operation"": ""correct"", ""reference"": ""buaya"", ""hypothesis"": ""buaya"", ""langid"": ""other""}]",wav2vec2,indonesian-nlp/wav2vec2-indonesian-javanese-sundanese,cpu
processed_indonesia/wav2vec2_300/02_vad/jember_171_0003.wav,Aku apa mulih nang Banyuwangi.,akan aup etu muleh nang ngaja,"[""other""]",unknown,1.000000,"{""other"": {""deletions"": 0, ""insertions"": 1, ""reference_words"": 5, ""substitutions"": 4, ""wer"": 1.0}}","[{""operation"": ""insertion"", ""reference"": """", ""hypothesis"": ""akan"", ""langid"": ""other""}, {""operation"": ""substitution"", ""reference"": ""aku"", ""hypothesis"": ""aup"", ""langid"": ""other""}, {""operation"": ""substitution"", ""reference"": ""apa"", ""hypothesis"": ""etu"", ""langid"": ""other""}, {""operation"": ""substitution"", ""reference"": ""mulih"", ""hypothesis"": ""muleh"", ""langid"": ""other""}, {""operation"": ""correct"", ""reference"": ""nang"", ""hypothesis"": ""nang"", ""langid"": ""other""}, {""operation"": ""substitution"", ""reference"": ""Banyuwangi"", ""hypothesis"": ""ngaja"", ""langid"": ""other""}]",wav2vec2,indonesian-nlp/wav2vec2-indonesian-javanese-sundanese,cpu
processed_indonesia/wav2vec2_300/02_vad/indonesian_dev_031234872a734351bf6f80fddeca2418.wav,"Nah, jadi, dua itu pengalaman menyenangkan gitu ya, pas aku makan soto. Ya, ada juga yang lain sih tapi yang paling berkesan itu. Cuma pernah juga sekali, aku makan soto yang kurang cocok di lidahku dan kayaknya, emang aku kurang cocok sama rasa soto di daerah Kebumen, gitu ya, Jawa Tengah sek sisi barat.",najadi dua itu pengalaman menyenangkan wida pas aku makan soto ya ada juga yang lain sih tabi paling perkasan itu cema pernah jugak sekali aku makan soto yang kurang sosok dilidahku dan kayak nyemaaku kurang socoksamah rasaan sotu di daerah kebumen hidoyajawatengah sek sisi barat,"[""other""]",unknown,0.444444,"{""other"": {""deletions"": 9, ""insertions"": 0, ""reference_words"": 54, ""substitutions"": 15, ""wer"": 0.4444444444444444}}","[{""operation"": ""deletion"", ""reference"": ""nah"", ""hypothesis"": """", ""langid"": ""other""}, {""operation"": ""substitution"", ""reference"": ""jadi"", ""hypothesis"": ""najadi"", ""langid"": ""other""}, {""operation"": ""correct"", ""reference"": ""dua"", ""hypothesis"": ""dua"", ""langid"": ""other""}, {""operation"": ""correct"", ""reference"": ""itu"", ""hypothesis"": ""itu"", ""langid"": ""other""}, {""operation"": ""correct"", ""reference"": ""pengalaman"", ""hypothesis"": ""pengalaman"", ""langid"": ""other""}, {""operation"": ""correct"", ""reference"": ""menyenangkan"", ""hypothesis"": ""menyenangkan"", ""langid"": ""other""}, {""operation"": ""deletion"", ""reference"": ""gitu"", ""hypothesis"": """", ""langid"": ""other""}, {""operation"": ""substitution"", ""reference"": ""ya"", ""hypothesis"": ""wida"", ""langid"": ""other""}, {""operation"": ""correct"", ""reference"": ""pas"", ""hypothesis"": ""pas"", ""langid"": ""other""}, {""operation"": ""correct"", ""reference"": ""aku"", ""hypothesis"": ""aku"", ""langid"": ""other""}, {""operation"": ""correct"", ""reference"": ""makan"", ""hypothesis"": ""makan"", ""langid"": ""other""}, {""operation"": ""correct"", ""reference"": ""soto"", ""hypothesis"": ""soto"", ""langid"": ""other""}, {""operation"": ""correct"", ""reference"": ""ya"", ""hypothesis"": ""ya"", ""langid"": ""other""}, {""operation"": ""correct"", ""reference"": ""ada"", ""hypothesis"": ""ada"", ""langid"": ""other""}, {""operation"": ""correct"", ""reference"": ""juga"", ""hypothesis"": ""juga"", ""langid"": ""other""}, {""operation"": ""correct"", ""reference"": ""yang"", ""hypothesis"": ""yang"", ""langid"": ""other""}, {""operation"": ""correct"", ""reference"": ""lain"", ""hypothesis"": ""lain"", ""langid"": ""other""}, {""operation"": ""correct"", ""reference"": ""sih"", ""hypothesis"": ""sih"", ""langid"": ""other""}, {""operation"": ""deletion"", ""reference"": ""tapi"", ""hypothesis"": """", ""langid"": ""other""}, {""operation"": ""substitution"", ""reference"": ""yang"", ""hypothesis"": ""tabi"", ""langid"": ""other""}, {""operation"": ""correct"", ""reference"": ""paling"", ""hypothesis"": ""paling"", ""langid"": ""other""}, {""operation"": ""substitution"", ""reference"": ""berkesan"", ""hypothesis"": ""perkasan"", ""langid"": ""other""}, {""operation"": ""correct"", ""reference"": ""itu"", ""hypothesis"": ""itu"", ""langid"": ""other""}, {""operation"": ""substitution"", ""reference"": ""cuma"", ""hypothesis"": ""cema"", ""langid"": ""other""}, {""operation"": ""correct"", ""reference"": ""pernah"", ""hypothesis"": ""pernah"", ""langid"": ""other""}, {""operation"": ""substitution"", ""reference"": ""juga"", ""hypothesis"": ""jugak"", ""langid"": ""other""}, {""operation"": ""correct"", ""reference"": ""sekali"", ""hypothesis"": ""sekali"", ""langid"": ""other""}, {""operation"": ""correct"", ""reference"": ""aku"", ""hypothesis"": ""aku"", ""langid"": ""other""}, {""operation"": ""correct"", ""reference"": ""makan"", ""hypothesis"": ""makan"", ""langid"": ""other""}, {""operation"": ""correct"", ""reference"": ""soto"", ""hypothesis"": ""soto"", ""langid"": ""other""}, {""operation"": ""correct"", ""reference"": ""yang"", ""hypothesis"": ""yang"", ""langid"": ""other""}, {""operation"": ""correct"", ""reference"": ""kurang"", ""hypothesis"": ""kurang"", ""langid"": ""other""}, {""operation"": ""deletion"", ""reference"": ""cocok"", ""hypothesis"": """", ""langid"": ""other""}, {""operation"": ""substitution"", ""reference"": ""di"", ""hypothesis"": ""sosok"", ""langid"": ""other""}, {""operation"": ""substitution"", ""reference"": ""lidahku"", ""hypothesis"": ""dilidahku"", ""langid"": ""other""}, {""operation"": ""correct"", ""reference"": ""dan"", ""hypothesis"": ""dan"", ""langid"": ""other""}, {""operation"": ""deletion"", ""reference"": ""kayaknya"", ""hypothesis"": """", ""langid"": ""other""}, {""operation"": ""substitution"", ""reference"": ""emang"", ""hypothesis"": ""kayak"", ""langid"": ""other""}, {""operation"": ""substitution"", ""reference"": ""aku"", ""hypothesis"": ""nyemaaku"", ""langid"": ""other""}, {""operation"": ""correct"", ""reference"": ""kurang"", ""hypothesis"": ""kurang"", ""langid"": ""other""}, {""operation"": ""deletion"", ""reference"": ""cocok"", ""hypothesis"": """", ""langid"": ""other""}, {""operation"": ""substitution"", ""reference"": ""sama"", ""hypothesis"": ""socoksamah"", ""langid"": ""other""}, {""operation"": ""substitution"", ""reference"": ""rasa"", ""hypothesis"": ""rasaan"", ""langid"": ""other""}, {""operation"": ""substitution"", ""reference"": ""soto"", ""hypothesis"": ""sotu"", ""langid"": ""other""}, {""operation"": ""correct"", ""reference"": ""di"", ""hypothesis"": ""di"", ""langid"": ""other""}, {""operation"": ""correct"", ""reference"": ""daerah"", ""hypothesis"": ""daerah"", ""langid"": ""other""}, {""operation"": ""deletion"", ""reference"": ""Kebumen"", ""hypothesis"": """", ""langid"": ""other""}, {""operation"": ""deletion"", ""reference"": ""gitu"", ""hypothesis"": """", ""langid"": ""other""}, {""operation"": ""deletion"", ""reference"": ""ya"", ""hypothesis"": """", ""langid"": ""other""}, {""operation"": ""substitution"", ""reference"": ""Jawa"", ""hypothesis"": ""kebumen"", ""langid"": ""other""}, {""operation"": ""substitution"", ""reference"": ""Tengah"", ""hypothesis"": ""hidoyajawatengah"", ""langid"": ""other""}, {""operation"": ""correct"", ""reference"": ""sek"", ""hypothesis"": ""sek"", ""langid"": ""other""}, {""operation"": ""correct"", ""reference"": ""sisi"", ""hypothesis"": ""sisi"", ""langid"": ""other""}, {""operation"": ""correct"", ""reference"": ""barat"", ""hypothesis"": ""barat"", ""langid"": ""other""}]",wav2vec2,indonesian-nlp/wav2vec2-indonesian-javanese-sundanese,cpu
processed_indonesia/wav2vec2_300/02_vad/jember_024_0095.wav,"Ya, kaya aku misale.",jer allon alon ya koye aku,"[""other""]",unknown,1.250000,"{""other"": {""deletions"": 1, ""insertions"": 3, ""reference_words"": 4, ""substitutions"": 1, ""wer"": 1.25}}","[{""operation"": ""insertion"", ""reference"": """", ""hypothesis"": ""jer"", ""langid"": ""other""}, {""operation"": ""insertion"", ""reference"": """", ""hypothesis"": ""allon"", ""langid"": ""other""}, {""operation"": ""insertion"", ""reference"": """", ""hypothesis"": ""alon"", ""langid"": ""other""}, {""operation"": ""correct"", ""reference"": ""ya"", ""hypothesis"": ""ya"", ""langid"": ""other""}, {""operation"": ""substitution"", ""reference"": ""kaya"", ""hypothesis"": ""koye"", ""langid"": ""other""}, {""operation"": ""correct"", ""reference"": ""aku"", ""hypothesis"": ""aku"", ""langid"": ""other""}, {""operation"": ""deletion"", ""reference"": ""misale"", ""hypothesis"": """", ""langid"": ""other""}]",wav2vec2,indonesian-nlp/wav2vec2-indonesian-javanese-sundanese,cpu
processed_indonesia/wav2vec2_300/02_vad/jember_048_0113.wav,"Aku, masa depanku piye, ngono iku nggak.",aku gudug piye aku masar debanku piingna ngga,"[""other""]",unknown,1.000000,"{""other"": {""deletions"": 0, ""insertions"": 1, ""reference_words"": 7, ""substitutions"": 6, ""wer"": 1.0}}","[{""operation"": ""correct"", ""reference"": ""aku"", ""hypothesis"": ""aku"", ""langid"": ""other""}, {""operation"": ""insertion"", ""reference"": """", ""hypothesis"": ""gudug"", ""langid"": ""other""}, {""operation"": ""substitution"", ""reference"": ""masa"", ""hypothesis"": ""piye"", ""langid"": ""other""}, {""operation"": ""substitution"", ""reference"": ""depanku"", ""hypothesis"": ""aku"", ""langid"": ""other""}, {""operation"": ""substitution"", ""reference"": ""piye"", ""hypothesis"": ""masar"", ""langid"": ""other""}, {""operation"": ""substitution"", ""reference"": ""ngono"", ""hypothesis"": ""debanku"", ""langid"": ""other""}, {""operation"": ""substitution"", ""reference"": ""iku"", ""hypothesis"": ""piingna"", ""langid"": ""other""}, {""operation"": ""substitution"", ""reference"": ""nggak"", ""hypothesis"": ""ngga"", ""langid"": ""other""}]",wav2vec2,indonesian-nlp/wav2vec2-indonesian-javanese-sundanese,cpu
processed_indonesia/wav2vec2_300/02_vad/jember_047_0028.wav,Dirine dhewe ya nèk jarèku.,dir ne dhewe ya agacknj jarebu,"[""other""]",unknown,0.800000,"{""other"": {""deletions"": 0, ""insertions"": 1, ""reference_words"": 5, ""substitutions"": 3, ""wer"": 0.8}}","[{""operation"": ""insertion"", ""reference"": """", ""hypothesis"": ""dir"", ""langid"": ""other""}, {""operation"": ""substitution"", ""reference"": ""dirine"", ""hypothesis"": ""ne"", ""langid"": ""other""}, {""operation"": ""correct"", ""reference"": ""dhewe"", ""hypothesis"": ""dhewe"", ""langid"": ""other""}, {""operation"": ""correct"", ""reference"": ""ya"", ""hypothesis"": ""ya"", ""langid"": ""other""}, {""operation"": ""substitution"", ""reference"": ""nèk"", ""hypothesis"": ""agacknj"", ""langid"": ""other""}, {""operation"": ""substitution"", ""reference"": ""jarèku"", ""hypothesis"": ""jarebu"", ""langid"": ""other""}]",wav2vec2,indonesian-nlp/wav2vec2-indonesian-javanese-sundanese,cpu
processed_indonesia/wav2vec2_300/02_vad/indonesian_dev_0597ba1d7560420591226138fd5e0879.wav,"Nah, HP yang tak pakai di kelas dua SMP itu bertahan sampai aku SMA. Jadi masih aku pakai terus tahun-tahun kemudian sampai SMA. Cuma alhamdulillah pas SMA itu aku ada laptop buat internetan. Jadi meskipun HP nggak bisa buat internetan, masih bisa ngerjain tugas masih bisa komunikasi pakai internet lewat laptop itu.",nakh ape yang takpakeki kelas dua ember itu pertahan sampai aku esem jadi masiak pakei terus e pertaun tahun kemudian sampai smatter smalamduliah pak sae smait aku atheh laptopbuat internet jadi mskipun aini ggak bisa buat internetan masih bisa ngarsain tugas masih bisa akomunikasi paka internet lewat laptop itu,"[""other""]",unknown,0.576923,"{""other"": {""deletions"": 4, ""insertions"": 1, ""reference_words"": 52, ""substitutions"": 25, ""wer"": 0.5769230769230769}}","[{""operation"": ""substitution"", ""reference"": ""nah"", ""hypothesis"": ""nakh"", ""langid"": ""other""}, {""operation"": ""substitution"", ""reference"": ""HP"", ""hypothesis"": ""ape"", ""langid"": ""other""}, {""operation"": ""correct"", ""reference"": ""yang"", ""hypothesis"": ""yang"", ""langid"": ""other""}, {""operation"": ""deletion"", ""reference"": ""tak"", ""hypothesis"": """", ""langid"": ""other""}, {""operation"": ""deletion"", ""reference"": ""pakai"", ""hypothesis"": """", ""langid"": ""other""}, {""operation"": ""substitution"", ""reference"": ""di"", ""hypothesis"": ""takpakeki"", ""langid"": ""other""}, {""operation"": ""correct"", ""reference"": ""kelas"", ""hypothesis"": ""kelas"", ""langid"": ""other""}, {""operation"": ""correct"", ""reference"": ""dua"", ""hypothesis"": ""dua"", ""langid"": ""other""}, {""operation"": ""substitution"", ""reference"": ""SMP"", ""hypothesis"": ""ember"", ""langid"": ""other""}, {""operation"": ""correct"", ""reference"": ""itu"", ""hypothesis"": ""itu"", ""langid"": ""other""}, {""operation"": ""substitution"", ""reference"": ""bertahan"", ""hypothesis"": ""pertahan"", ""langid"": ""other""}, {""operation"": ""correct"", ""reference"": ""sampai"", ""hypothesis"": ""sampai"", ""langid"": ""other""}, {""operation"": ""correct"", ""reference"": ""aku"", ""hypothesis"": ""aku"", ""langid"": ""other""}, {""operation"": ""substitution"", ""reference"": ""SMA"", ""hypothesis"": ""esem"", ""langid"": ""other""}, {""operation"": ""correct"", ""reference"": ""jadi"", ""hypothesis"": ""jadi"", ""langid"": ""other""}, {""operation"": ""insertion"", ""reference"": """", ""hypothesis"": ""masiak"", ""langid"": ""other""}, {""operation"": ""substitution"", ""reference"": ""masih"", ""hypothesis"": ""pakei"", ""langid"": ""other""}, {""operation"": ""substitution"", ""reference"": ""aku"", ""hypothesis"": ""terus"", ""langid"": ""other""}, {""operation"": ""substitution"", ""reference"": ""pakai"", ""hypothesis"": ""e"", ""langid"": ""other""}, {""operation"": ""substitution"", ""reference"": ""terus"", ""hypothesis"": ""pertaun"", ""langid"": ""other""}, {""operation"": ""substitution"", ""reference"": ""tahun-tahun"", ""hypothesis"": ""tahun"", ""langid"": ""other""}, {""operation"": ""correct"", ""reference"": ""kemudian"", ""hypothesis"": ""kemudian"", ""langid"": ""other""}, {""operation"": ""correct"", ""reference"": ""sampai"", ""hypothesis"": ""sampai"", ""langid"": ""other""}, {""operation"": ""deletion"", ""reference"": ""SMA"", ""hypothesis"": """", ""langid"": ""other""}, {""operation"": ""substitution"", ""reference"": ""cuma"", ""hypothesis"": ""smatter"", ""langid"": ""other""}, {""operation"": ""substitution"", ""reference"": ""alhamdulillah"", ""hypothesis"": ""smalamduliah"", ""langid"": ""other""}, {""operation"": ""substitution"", ""reference"": ""pas"", ""hypothesis"": ""pak"", ""langid"": ""other""}, {""operation"": ""substitution"", ""reference"": ""SMA"", ""hypothesis"": ""sae"", ""langid"": ""other""}, {""operation"": ""substitution"", ""reference"": ""itu"", ""hypothesis"": ""smait"", ""langid"": ""other""}, {""operation"": ""correct"", ""reference"": ""aku"", ""hypothesis"": ""aku"", ""langid"": ""other""}, {""operation"": ""deletion"", ""reference"": ""ada"", ""hypothesis"": """", ""langid"": ""other""}, {""operation"": ""substitution"", ""reference"": ""laptop"", ""hypothesis"": ""atheh"", ""langid"": ""other""}, {""operation"": ""substitution"", ""reference"": ""buat"", ""hypothesis"": ""laptopbuat"", ""langid"": ""other""}, {""operation"": ""substitution"", ""reference"": ""internetan"", ""hypothesis"": ""internet"", ""langid"": ""other""}, {""operation"": ""correct"", ""reference"": ""jadi"", ""hypothesis"": ""jadi"", ""langid"": ""other""}, {""operation"": ""substitution"", ""reference"": ""meskipun"", ""hypothesis"": ""mskipun"", ""langid"": ""other""}, {""operation"": ""substitution"", ""reference"": ""HP"", ""hypothesis"": ""aini"", ""langid"": ""other""}, {""operation"": ""substitution"", ""reference"": ""nggak"", ""hypothesis"": ""ggak"", ""langid"": ""other""}, {""operation"": ""correct"", ""reference"": ""bisa"", ""hypothesis"": ""bisa"", ""langid"": ""other""}, {""operation"": ""correct"", ""reference"": ""buat"", ""hypothesis"": ""buat"", ""langid"": ""other""}, {""operation"": ""correct"", ""reference"": ""internetan"", ""hypothesis"": ""internetan"", ""langid"": ""other""}, {""operation"": ""correct"", ""reference"": ""masih"", ""hypothesis"": ""masih"", ""langid"": ""other""}, {""operation"": ""correct"", ""reference"": ""bisa"", ""hypothesis"": ""bisa"", ""langid"": ""other""}, {""operation"": ""substitution"", ""reference"": ""ngerjain"", ""hypothesis"": ""ngarsain"", ""langid"": ""other""}, {""operation"": ""correct"", ""reference"": ""tugas"", ""hypothesis"": ""tugas"", ""langid"": ""other""}, {""operation"": ""correct"", ""reference"": ""masih"", ""hypothesis"": ""masih"", ""langid"": ""other""}, {""operation"": ""correct"", ""reference"": ""bisa"", ""hypothesis"": ""bisa"", ""langid"": ""other""}, {""operation"": ""substitution"", ""reference"": ""komunikasi"", ""hypothesis"": ""akomunikasi"", ""langid"": ""other""}, {""operation"": ""substitution"", ""reference"": ""pakai"", ""hypothesis"": ""paka"", ""langid"": ""other""}, {""operation"": ""correct"", ""reference"": ""internet"", ""hypothesis"": ""internet"", ""langid"": ""other""}, {""operation"": ""correct"", ""reference"": ""lewat"", ""hypothesis"": ""lewat"", ""langid"": ""other""}, {""operation"": ""correct"", ""reference"": ""laptop"", ""hypothesis"": ""laptop"", ""langid"": ""other""}, {""operation"": ""correct"", ""reference"": ""itu"", ""hypothesis"": ""itu"", ""langid"": ""other""}]",wav2vec2,indonesian-nlp/wav2vec2-indonesian-javanese-sundanese,cpu
processed_indonesia/wav2vec2_300/02_vad/jember_205_0031.wav,"Ngono kan ya, e..., ya piye ya nèk kaya ngono.",so wae ngono kan yu eh yo piye ya nek koyong ono,"[""other""]",unknown,0.800000,"{""other"": {""deletions"": 0, ""insertions"": 2, ""reference_words"": 10, ""substitutions"": 6, ""wer"": 0.8}}","[{""operation"": ""insertion"", ""reference"": """", ""hypothesis"": ""so"", ""langid"": ""other""}, {""operation"": ""insertion"", ""reference"": """", ""hypothesis"": ""wae"", ""langid"": ""other""}, {""operation"": ""correct"", ""reference"": ""ngono"", ""hypothesis"": ""ngono"", ""langid"": ""other""}, {""operation"": ""correct"", ""reference"": ""kan"", ""hypothesis"": ""kan"", ""langid"": ""other""}, {""operation"": ""substitution"", ""reference"": ""ya"", ""hypothesis"": ""yu"", ""langid"": ""other""}, {""operation"": ""substitution"", ""reference"": ""e..."", ""hypothesis"": ""eh"", ""langid"": ""other""}, {""operation"": ""substitution"", ""reference"": ""ya"", ""hypothesis"": ""yo"", ""langid"": ""other""}, {""operation"": ""correct"", ""reference"": ""piye"", ""hypothesis"": ""piye"", ""langid"": ""other""}, {""operation"": ""correct"", ""reference"": ""ya"", ""hypothesis"": ""ya"", ""langid"": ""other""}, {""operation"": ""substitution"", ""reference"": ""nèk"", ""hypothesis"": ""nek"", ""langid"": ""other""}, {""operation"": ""substitution"", ""reference"": ""kaya"", ""hypothesis"": ""koyong"", ""langid"": ""other""}, {""operation"": ""substitution"", ""reference"": ""ngono"", ""hypothesis"": ""ono"", ""langid"": ""other""}]",wav2vec2,indonesian-nlp/wav2vec2-indonesian-javanese-sundanese,cpu
processed_indonesia/wav2vec2_300/02_vad/jember_093_0014.wav,"Têka jam papat sampèk jam 5 iku aku mblayu, ngono.",toka jam papat sampai jam elima a ku ku ku belayu,"[""other""]",unknown,0.800000,"{""other"": {""deletions"": 0, ""insertions"": 1, ""reference_words"": 10, ""substitutions"": 7, ""wer"": 0.8}}","[{""operation"": ""substitution"", ""reference"": ""têka"", ""hypothesis"": ""toka"", ""langid"": ""other""}, {""operation"": ""correct"", ""reference"": ""jam"", ""hypothesis"": ""jam"", ""langid"": ""other""}, {""operation"": ""correct"", ""reference"": ""papat"", ""hypothesis"": ""papat"", ""langid"": ""other""}, {""operation"": ""substitution"", ""reference"": ""sampèk"", ""hypothesis"": ""sampai"", ""langid"": ""other""}, {""operation"": ""correct"", ""reference"": ""jam"", ""hypothesis"": ""jam"", ""langid"": ""other""}, {""operation"": ""insertion"", ""reference"": """", ""hypothesis"": ""elima"", ""langid"": ""other""}, {""operation"": ""substitution"", ""reference"": ""5"", ""hypothesis"": ""a"", ""langid"": ""other""}, {""operation"": ""substitution"", ""reference"": ""iku"", ""hypothesis"": ""ku"", ""langid"": ""other""}, {""operation"": ""substitution"", ""reference"": ""aku"", ""hypothesis"": ""ku"", ""langid"": ""other""}, {""operation"": ""substitution"", ""reference"": ""mblayu"", ""hypothesis"": ""ku"", ""langid"": ""other""}, {""operation"": ""substitution"", ""reference"": ""ngono"", ""hypothesis"": ""belayu"", ""langid"": ""other""}]",wav2vec2,indonesian-nlp/wav2vec2-indonesian-javanese-sundanese,cpu
processed_indonesia/wav2vec2_300/02_vad/jember_092_0056.wav,"Lèk kuliah, ya ênggak.",wocol lek kuliah ya nggak,"[""other""]",unknown,0.750000,"{""other"": {""deletions"": 0, ""insertions"": 1, ""reference_words"": 4, ""substitutions"": 2, ""wer"": 0.75}}","[{""operation"": ""insertion"", ""reference"": """", ""hypothesis"": ""wocol"", ""langid"": ""other""}, {""operation"": ""substitution"", ""reference"": ""lèk"", ""hypothesis"": ""lek"", ""langid"": ""other""}, {""operation"": ""correct"", ""reference"": ""kuliah"", ""hypothesis"": ""kuliah"", ""langid"": ""other""}, {""operation"": ""correct"", ""reference"": ""ya"", ""hypothesis"": ""ya"", ""langid"": ""other""}, {""operation"": ""substitution"", ""reference"": ""ênggak"", ""hypothesis"": ""nggak"", ""langid"": ""other""}]",wav2vec2,indonesian-nlp/wav2vec2-indonesian-javanese-sundanese,cpu
processed_indonesia/wav2vec2_300/02_vad/jember_181_0022.wav,Tapi kan lèk wong Indonesia kan biasane ndêlok iki pisan kan Mbak.,uly nyutapi kan lek wong indonesia kan mbisaei ndelok ekipi,"[""other""]",unknown,0.833333,"{""other"": {""deletions"": 3, ""insertions"": 1, ""reference_words"": 12, ""substitutions"": 6, ""wer"": 0.8333333333333334}}","[{""operation"": ""insertion"", ""reference"": """", ""hypothesis"": ""uly"", ""langid"": ""other""}, {""operation"": ""substitution"", ""reference"": ""tapi"", ""hypothesis"": ""nyutapi"", ""langid"": ""other""}, {""operation"": ""correct"", ""reference"": ""kan"", ""hypothesis"": ""kan"", ""langid"": ""other""}, {""operation"": ""substitution"", ""reference"": ""lèk"", ""hypothesis"": ""lek"", ""langid"": ""other""}, {""operation"": ""correct"", ""reference"": ""wong"", ""hypothesis"": ""wong"", ""langid"": ""other""}, {""operation"": ""substitution"", ""reference"": ""Indonesia"", ""hypothesis"": ""indonesia"", ""langid"": ""other""}, {""operation"": ""correct"", ""reference"": ""kan"", ""hypothesis"": ""kan"", ""langid"": ""other""}, {""operation"": ""deletion"", ""reference"": ""biasane"", ""hypothesis"": """", ""langid"": ""other""}, {""operation"": ""deletion"", ""reference"": ""ndêlok"", ""hypothesis"": """", ""langid"": ""other""}, {""operation"": ""deletion"", ""reference"": ""iki"", ""hypothesis"": """", ""langid"": ""other""}, {""operation"": ""substitution"", ""reference"": ""pisan"", ""hypothesis"": ""mbisaei"", ""langid"": ""other""}, {""operation"": ""substitution"", ""reference"": ""kan"", ""hypothesis"": ""ndelok"", ""langid"": ""other""}, {""operation"": ""substitution"", ""reference"": ""Mbak"", ""hypothesis"": ""ekipi"", ""langid"": ""other""}]",wav2vec2,indonesian-nlp/wav2vec2-indonesian-javanese-sundanese,cpu
processed_indonesia/wav2vec2_300/02_vad/jember_049_0059.wav,"Aku nèk isuk i paling tak sênêngi pas bajau repot-repote ngono kae, anak aku sing nyêkêl, Mbak.",kaeaaku neitswi paling taksenengi pas bujuku reputre poting enoya anak aku sing nyekel mbak,"[""other""]",unknown,0.705882,"{""other"": {""deletions"": 3, ""insertions"": 0, ""reference_words"": 17, ""substitutions"": 9, ""wer"": 0.7058823529411765}}","[{""operation"": ""deletion"", ""reference"": ""aku"", ""hypothesis"": """", ""langid"": ""other""}, {""operation"": ""deletion"", ""reference"": ""nèk"", ""hypothesis"": """", ""langid"": ""other""}, {""operation"": ""substitution"", ""reference"": ""isuk"", ""hypothesis"": ""kaeaaku"", ""langid"": ""other""}, {""operation"": ""substitution"", ""reference"": ""i"", ""hypothesis"": ""neitswi"", ""langid"": ""other""}, {""operation"": ""correct"", ""reference"": ""paling"", ""hypothesis"": ""paling"", ""langid"": ""other""}, {""operation"": ""deletion"", ""reference"": ""tak"", ""hypothesis"": """", ""langid"": ""other""}, {""operation"": ""substitution"", ""reference"": ""sênêngi"", ""hypothesis"": ""taksenengi"", ""langid"": ""other""}, {""operation"": ""correct"", ""reference"": ""pas"", ""hypothesis"": ""pas"", ""langid"": ""other""}, {""operation"": ""substitution"", ""reference"": ""bajau"", ""hypothesis"": ""bujuku"", ""langid"": ""other""}, {""operation"": ""substitution"", ""reference"": ""repot-repote"", ""hypothesis"": ""reputre"", ""langid"": ""other""}, {""operation"": ""substitution"", ""reference"": ""ngono"", ""hypothesis"": ""poting"", ""langid"": ""other""}, {""operation"": ""substitution"", ""reference"": ""kae"", ""hypothesis"": ""enoya"", ""langid"": ""other""}, {""operation"": ""correct"", ""reference"": ""anak"", ""hypothesis"": ""anak"", ""langid"": ""other""}, {""operation"": ""correct"", ""reference"": ""aku"", ""hypothesis"": ""aku"", ""langid"": ""other""}, {""operation"": ""correct"", ""reference"": ""sing"", ""hypothesis"": ""sing"", ""langid"": ""other""}, {""operation"": ""substitution"", ""reference"": ""nyêkêl"", ""hypothesis"": ""nyekel"", ""langid"": ""other""}, {""operation"": ""substitution"", ""reference"": ""Mbak"", ""hypothesis"": ""mbak"", ""langid"": ""other""}]",wav2vec2,indonesian-nlp/wav2vec2-indonesian-javanese-sundanese,cpu
processed_indonesia/wav2vec2_300/02_vad/jember_181_0009.wav,"Karna mereka iku omahe dempèt-dempètan juga, těrus musim panas iku kaya gampang anu, lèk ngomong iku masio omahe dempèt-dempètan kaya bêngok bêngokan-ngono lho Mbak.",paya karena mereka iku omahe dempedempetan juga terus musimpan asih ku koyok gampang anu lek ngomongiku masih oma dhempet dempetan kayak bunguk bengukan ana lomba,"[""other""]",unknown,0.791667,"{""other"": {""deletions"": 0, ""insertions"": 1, ""reference_words"": 24, ""substitutions"": 18, ""wer"": 0.7916666666666666}}","[{""operation"": ""insertion"", ""reference"": """", ""hypothesis"": ""paya"", ""langid"": ""other""}, {""operation"": ""substitution"", ""reference"": ""karna"", ""hypothesis"": ""karena"", ""langid"": ""other""}, {""operation"": ""correct"", ""reference"": ""mereka"", ""hypothesis"": ""mereka"", ""langid"": ""other""}, {""operation"": ""correct"", ""reference"": ""iku"", ""hypothesis"": ""iku"", ""langid"": ""other""}, {""operation"": ""correct"", ""reference"": ""omahe"", ""hypothesis"": ""omahe"", ""langid"": ""other""}, {""operation"": ""substitution"", ""reference"": ""dempèt-dempètan"", ""hypothesis"": ""dempedempetan"", ""langid"": ""other""}, {""operation"": ""correct"", ""reference"": ""juga"", ""hypothesis"": ""juga"", ""langid"": ""other""}, {""operation"": ""substitution"", ""reference"": ""těrus"", ""hypothesis"": ""terus"", ""langid"": ""other""}, {""operation"": ""substitution"", ""reference"": ""musim"", ""hypothesis"": ""musimpan"", ""langid"": ""other""}, {""operation"": ""substitution"", ""reference"": ""panas"", ""hypothesis"": ""asih"", ""langid"": ""other""}, {""operation"": ""substitution"", ""reference"": ""iku"", ""hypothesis"": ""ku"", ""langid"": ""other""}, {""operation"": ""substitution"", ""reference"": ""kaya"", ""hypothesis"": ""koyok"", ""langid"": ""other""}, {""operation"": ""correct"", ""reference"": ""gampang"", ""hypothesis"": ""gampang"", ""langid"": ""other""}, {""operation"": ""correct"", ""reference"": ""anu"", ""hypothesis"": ""anu"", ""langid"": ""other""}, {""operation"": ""substitution"", ""reference"": ""lèk"", ""hypothesis"": ""lek"", ""langid"": ""other""}, {""operation"": ""substitution"", ""reference"": ""ngomong"", ""hypothesis"": ""ngomongiku"", ""langid"": ""other""}, {""operation"": ""substitution"", ""reference"": ""iku"", ""hypothesis"": ""masih"", ""langid"": ""other""}, {""operation"": ""substitution"", ""reference"": ""masio"", ""hypothesis"": ""oma"", ""langid"": ""other""}, {""operation"": ""substitution"", ""reference"": ""omahe"", ""hypothesis"": ""dhempet"", ""langid"": ""other""}, {""operation"": ""substitution"", ""reference"": ""dempèt-dempètan"", ""hypothesis"": ""dempetan"", ""langid"": ""other""}, {""operation"": ""substitution"", ""reference"": ""kaya"", ""hypothesis"": ""kayak"", ""langid"": ""other""}, {""operation"": ""substitution"", ""reference"": ""bêngok"", ""hypothesis"": ""bunguk"", ""langid"": ""other""}, {""operation"": ""substitution"", ""reference"": ""bêngokan-ngono"", ""hypothesis"": ""bengukan"", ""langid"": ""other""}, {""operation"": ""substitution"", ""reference"": ""lho"", ""hypothesis"": ""ana"", ""langid"": ""other""}, {""operation"": ""substitution"", ""reference"": ""Mbak"", ""hypothesis"": ""lomba"", ""langid"": ""other""}]",wav2vec2,indonesian-nlp/wav2vec2-indonesian-javanese-sundanese,cpu
processed_indonesia/wav2vec2_300/02_vad/indonesian_dev_3727039a1f074ce682f8ec01e6ef7e4f.wav,"Jadi, lima kucing ini beda-beda asalnya. Ada yang datang sendiri, nggak tahu dari mana, gitulah. Tiba-tiba, ya, ada di teras opo ada di halaman gitu. Terus, ada juga yang lahirnya di sini. Soalnya induknya yang dulu, kayak gitu, dateng tiba-tiba. Tapi, terus, sekarang induknya udah mati.",jadi lima kucing ini bedabeda asalnya ada yang dhatang sendiri gak tau dari manat kitu oyah tibatiba ya adadi tera sopa da di halaman kitu terusandazugayang lahirnya di sini pa asoalnya induknya yang dulu kayak kitu dhateng tibatiba lawitrus sekarang indo nyeudaahmaiuhu,"[""other""]",unknown,0.608696,"{""other"": {""deletions"": 5, ""insertions"": 1, ""reference_words"": 46, ""substitutions"": 22, ""wer"": 0.6086956521739131}}","[{""operation"": ""correct"", ""reference"": ""jadi"", ""hypothesis"": ""jadi"", ""langid"": ""other""}, {""operation"": ""correct"", ""reference"": ""lima"", ""hypothesis"": ""lima"", ""langid"": ""other""}, {""operation"": ""correct"", ""reference"": ""kucing"", ""hypothesis"": ""kucing"", ""langid"": ""other""}, {""operation"": ""correct"", ""reference"": ""ini"", ""hypothesis"": ""ini"", ""langid"": ""other""}, {""operation"": ""substitution"", ""reference"": ""beda-beda"", ""hypothesis"": ""bedabeda"", ""langid"": ""other""}, {""operation"": ""correct"", ""reference"": ""asalnya"", ""hypothesis"": ""asalnya"", ""langid"": ""other""}, {""operation"": ""correct"", ""reference"": ""ada"", ""hypothesis"": ""ada"", ""langid"": ""other""}, {""operation"": ""correct"", ""reference"": ""yang"", ""hypothesis"": ""yang"", ""langid"": ""other""}, {""operation"": ""substitution"", ""reference"": ""datang"", ""hypothesis"": ""dhatang"", ""langid"": ""other""}, {""operation"": ""correct"", ""reference"": ""sendiri"", ""hypothesis"": ""sendiri"", ""langid"": ""other""}, {""operation"": ""substitution"", ""reference"": ""nggak"", ""hypothesis"": ""gak"", ""langid"": ""other""}, {""operation"": ""substitution"", ""reference"": ""tahu"", ""hypothesis"": ""tau"", ""langid"": ""other""}, {""operation"": ""correct"", ""reference"": ""dari"", ""hypothesis"": ""dari"", ""langid"": ""other""}, {""operation"": ""substitution"", ""reference"": ""mana"", ""hypothesis"": ""manat"", ""langid"": ""other""}, {""operation"": ""substitution"", ""reference"": ""gitulah"", ""hypothesis"": ""kitu"", ""langid"": ""other""}, {""operation"": ""substitution"", ""reference"": ""tiba-tiba"", ""hypothesis"": ""oyah"", ""langid"": ""other""}, {""operation"": ""substitution"", ""reference"": ""ya"", ""hypothesis"": ""tibatiba"", ""langid"": ""other""}, {""operation"": ""substitution"", ""reference"": ""ada"", ""hypothesis"": ""ya"", ""langid"": ""other""}, {""operation"": ""substitution"", ""reference"": ""di"", ""hypothesis"": ""adadi"", ""langid"": ""other""}, {""operation"": ""substitution"", ""reference"": ""teras"", ""hypothesis"": ""tera"", ""langid"": ""other""}, {""operation"": ""substitution"", ""reference"": ""opo"", ""hypothesis"": ""sopa"", ""langid"": ""other""}, {""operation"": ""substitution"", ""reference"": ""ada"", ""hypothesis"": ""da"", ""langid"": ""other""}, {""operation"": ""correct"", ""reference"": ""di"", ""hypothesis"": ""di"", ""langid"": ""other""}, {""operation"": ""correct"", ""reference"": ""halaman"", ""hypothesis"": ""halaman"", ""langid"": ""other""}, {""operation"": ""deletion"", ""reference"": ""gitu"", ""hypothesis"": """", ""langid"": ""other""}, {""operation"": ""deletion"", ""reference"": ""terus"", ""hypothesis"": """", ""langid"": ""other""}, {""operation"": ""deletion"", ""reference"": ""ada"", ""hypothesis"": """", ""langid"": ""other""}, {""operation"": ""substitution"", ""reference"": ""juga"", ""hypothesis"": ""kitu"", ""langid"": ""other""}, {""operation"": ""substitution"", ""reference"": ""yang"", ""hypothesis"": ""terusandazugayang"", ""langid"": ""other""}, {""operation"": ""correct"", ""reference"": ""lahirnya"", ""hypothesis"": ""lahirnya"", ""langid"": ""other""}, {""operation"": ""correct"", ""reference"": ""di"", ""hypothesis"": ""di"", ""langid"": ""other""}, {""operation"": ""correct"", ""reference"": ""sini"", ""hypothesis"": ""sini"", ""langid"": ""other""}, {""operation"": ""insertion"", ""reference"": """", ""hypothesis"": ""pa"", ""langid"": ""other""}, {""operation"": ""substitution"", ""reference"": ""soalnya"", ""hypothesis"": ""asoalnya"", ""langid"": ""other""}, {""operation"": ""correct"", ""reference"": ""induknya"", ""hypothesis"": ""induknya"", ""langid"": ""other""}, {""operation"": ""correct"", ""reference"": ""yang"", ""hypothesis"": ""yang"", ""langid"": ""other""}, {""operation"": ""correct"", ""reference"": ""dulu"", ""hypothesis"": ""dulu"", ""langid"": ""other""}, {""operation"": ""correct"", ""reference"": ""kayak"", ""hypothesis"": ""kayak"", ""langid"": ""other""}, {""operation"": ""deletion"", ""reference"": ""gitu"", ""hypothesis"": """", ""langid"": ""other""}, {""operation"": ""substitution"", ""reference"": ""dateng"", ""hypothesis"": ""kitu"", ""langid"": ""other""}, {""operation"": ""substitution"", ""reference"": ""tiba-tiba"", ""hypothesis"": ""dhateng"", ""langid"": ""other""}, {""operation"": ""substitution"", ""reference"": ""tapi"", ""hypothesis"": ""tibatiba"", ""langid"": ""other""}, {""operation"": ""substitution"", ""reference"": ""terus"", ""hypothesis"": ""lawitrus"", ""langid"": ""other""}, {""operation"": ""correct"", ""reference"": ""sekarang"", ""hypothesis"": ""sekarang"", ""langid"": ""other""}, {""operation"": ""deletion"", ""reference"": ""induknya"", ""hypothesis"": """", ""langid"": ""other""}, {""operation"": ""substitution"", ""reference"": ""udah"", ""hypothesis"": ""indo"", ""langid"": ""other""}, {""operation"": ""substitution"", ""reference"": ""mati"", ""hypothesis"": ""nyeudaahmaiuhu"", ""langid"": ""other""}]",wav2vec2,indonesian-nlp/wav2vec2-indonesian-javanese-sundanese,cpu
processed_indonesia/wav2vec2_300/02_vad/jember_180_0039.wav,"Nah, iku kira-kira apa'a, kayae ya karna iku mau seh.",uno na iku kira kira apa aletter kayok e ya karenaa,"[""other""]",unknown,1.000000,"{""other"": {""deletions"": 0, ""insertions"": 1, ""reference_words"": 10, ""substitutions"": 9, ""wer"": 1.0}}","[{""operation"": ""insertion"", ""reference"": """", ""hypothesis"": ""uno"", ""langid"": ""other""}, {""operation"": ""substitution"", ""reference"": ""nah"", ""hypothesis"": ""na"", ""langid"": ""other""}, {""operation"": ""correct"", ""reference"": ""iku"", ""hypothesis"": ""iku"", ""langid"": ""other""}, {""operation"": ""substitution"", ""reference"": ""kira-kira"", ""hypothesis"": ""kira"", ""langid"": ""other""}, {""operation"": ""substitution"", ""reference"": ""apa'a"", ""hypothesis"": ""kira"", ""langid"": ""other""}, {""operation"": ""substitution"", ""reference"": ""kayae"", ""hypothesis"": ""apa"", ""langid"": ""other""}, {""operation"": ""substitution"", ""reference"": ""ya"", ""hypothesis"": ""aletter"", ""langid"": ""other""}, {""operation"": ""substitution"", ""reference"": ""karna"", ""hypothesis"": ""kayok"", ""langid"": ""other""}, {""operation"": ""substitution"", ""reference"": ""iku"", ""hypothesis"": ""e"", ""langid"": ""other""}, {""operation"": ""substitution"", ""reference"": ""mau"", ""hypothesis"": ""ya"", ""langid"": ""other""}, {""operation"": ""substitution"", ""reference"": ""seh"", ""hypothesis"": ""karenaa"", ""langid"": ""other""}]",wav2vec2,indonesian-nlp/wav2vec2-indonesian-javanese-sundanese,cpu
processed_indonesia/wav2vec2_300/02_vad/jember_091_0003.wav,"Tanggul iku, e..., kecamatan.",l tangguliku e kecamatan,"[""other""]",unknown,0.750000,"{""other"": {""deletions"": 0, ""insertions"": 0, ""reference_words"": 4, ""substitutions"": 3, ""wer"": 0.75}}","[{""operation"": ""substitution"", ""reference"": ""tanggul"", ""hypothesis"": ""l"", ""langid"": ""other""}, {""operation"": ""substitution"", ""reference"": ""iku"", ""hypothesis"": ""tangguliku"", ""langid"": ""other""}, {""operation"": ""substitution"", ""reference"": ""e..."", ""hypothesis"": ""e"", ""langid"": ""other""}, {""operation"": ""correct"", ""reference"": ""kecamatan"", ""hypothesis"": ""kecamatan"", ""langid"": ""other""}]",wav2vec2,indonesian-nlp/wav2vec2-indonesian-javanese-sundanese,cpu
processed_indonesia/wav2vec2_300/02_vad/jember_040_0025.wav,"Iku ae maksimal jam sanga yoan, jam sêtêngah sêpuluh.",a bengi tiku ae huksimalzam sunga yan jam setnga sepuluh,"[""other""]",unknown,1.000000,"{""other"": {""deletions"": 0, ""insertions"": 1, ""reference_words"": 9, ""substitutions"": 8, ""wer"": 1.0}}","[{""operation"": ""insertion"", ""reference"": """", ""hypothesis"": ""a"", ""langid"": ""other""}, {""operation"": ""substitution"", ""reference"": ""iku"", ""hypothesis"": ""bengi"", ""langid"": ""other""}, {""operation"": ""substitution"", ""reference"": ""ae"", ""hypothesis"": ""tiku"", ""langid"": ""other""}, {""operation"": ""substitution"", ""reference"": ""maksimal"", ""hypothesis"": ""ae"", ""langid"": ""other""}, {""operation"": ""substitution"", ""reference"": ""jam"", ""hypothesis"": ""huksimalzam"", ""langid"": ""other""}, {""operation"": ""substitution"", ""reference"": ""sanga"", ""hypothesis"": ""sunga"", ""langid"": ""other""}, {""operation"": ""substitution"", ""reference"": ""yoan"", ""hypothesis"": ""yan"", ""langid"": ""other""}, {""operation"": ""correct"", ""reference"": ""jam"", ""hypothesis"": ""jam"", ""langid"": ""other""}, {""operation"": ""substitution"", ""reference"": ""sêtêngah"", ""hypothesis"": ""setnga"", ""langid"": ""other""}, {""operation"": ""substitution"", ""reference"": ""sêpuluh"", ""hypothesis"": ""sepuluh"", ""langid"": ""other""}]",wav2vec2,indonesian-nlp/wav2vec2-indonesian-javanese-sundanese,cpu
processed_indonesia/wav2vec2_300/02_vad/jember_065_0011.wav,"Nèk godhong ki ana ae Mbak nèk urip ndesa, ya kaya godhong gêdhang iku biasane kan gawe lèmèk ya, lèmèke, lèmèke apa, lèmèke tape ngono ya. Těrus lèmèke tempe.",nek gordong ki onok aembak nek uripnen desaya kayak godhong gedhang iku biasane kan gawe lemek ya lemeke lemekewonglemeki tapin ya terus lemeke tite bee,"[""other""]",unknown,0.758621,"{""other"": {""deletions"": 4, ""insertions"": 0, ""reference_words"": 29, ""substitutions"": 18, ""wer"": 0.7586206896551724}}","[{""operation"": ""substitution"", ""reference"": ""nèk"", ""hypothesis"": ""nek"", ""langid"": ""other""}, {""operation"": ""substitution"", ""reference"": ""godhong"", ""hypothesis"": ""gordong"", ""langid"": ""other""}, {""operation"": ""correct"", ""reference"": ""ki"", ""hypothesis"": ""ki"", ""langid"": ""other""}, {""operation"": ""deletion"", ""reference"": ""ana"", ""hypothesis"": """", ""langid"": ""other""}, {""operation"": ""deletion"", ""reference"": ""ae"", ""hypothesis"": """", ""langid"": ""other""}, {""operation"": ""substitution"", ""reference"": ""Mbak"", ""hypothesis"": ""onok"", ""langid"": ""other""}, {""operation"": ""substitution"", ""reference"": ""nèk"", ""hypothesis"": ""aembak"", ""langid"": ""other""}, {""operation"": ""substitution"", ""reference"": ""urip"", ""hypothesis"": ""nek"", ""langid"": ""other""}, {""operation"": ""substitution"", ""reference"": ""ndesa"", ""hypothesis"": ""uripnen"", ""langid"": ""other""}, {""operation"": ""substitution"", ""reference"": ""ya"", ""hypothesis"": ""desaya"", ""langid"": ""other""}, {""operation"": ""substitution"", ""reference"": ""kaya"", ""hypothesis"": ""kayak"", ""langid"": ""other""}, {""operation"": ""correct"", ""reference"": ""godhong"", ""hypothesis"": ""godhong"", ""langid"": ""other""}, {""operation"": ""substitution"", ""reference"": ""gêdhang"", ""hypothesis"": ""gedhang"", ""langid"": ""other""}, {""operation"": ""correct"", ""reference"": ""iku"", ""hypothesis"": ""iku"", ""langid"": ""other""}, {""operation"": ""correct"", ""reference"": ""biasane"", ""hypothesis"": ""biasane"", ""langid"": ""other""}, {""operation"": ""correct"", ""reference"": ""kan"", ""hypothesis"": ""kan"", ""langid"": ""other""}, {""operation"": ""correct"", ""reference"": ""gawe"", ""hypothesis"": ""gawe"", ""langid"": ""other""}, {""operation"": ""substitution"", ""reference"": ""lèmèk"", ""hypothesis"": ""lemek"", ""langid"": ""other""}, {""operation"": ""correct"", ""reference"": ""ya"", ""hypothesis"": ""ya"", ""langid"": ""other""}, {""operation"": ""deletion"", ""reference"": ""lèmèke"", ""hypothesis"": """", ""langid"": ""other""}, {""operation"": ""deletion"", ""reference"": ""lèmèke"", ""hypothesis"": """", ""langid"": ""other""}, {""operation"": ""substitution"", ""reference"": ""apa"", ""hypothesis"": ""lemeke"", ""langid"": ""other""}, {""operation"": ""substitution"", ""reference"": ""lèmèke"", ""hypothesis"": ""lemekewonglemeki"", ""langid"": ""other""}, {""operation"": ""substitution"", ""reference"": ""tape"", ""hypothesis"": ""tapin"", ""langid"": ""other""}, {""operation"": ""substitution"", ""reference"": ""ngono"", ""hypothesis"": ""ya"", ""langid"": ""other""}, {""operation"": ""substitution"", ""reference"": ""ya"", ""hypothesis"": ""terus"", ""langid"": ""other""}, {""operation"": ""substitution"", ""reference"": ""těrus"", ""hypothesis"": ""lemeke"", ""langid"": ""other""}, {""operation"": ""substitution"", ""reference"": ""lèmèke"", ""hypothesis"": ""tite"", ""langid"": ""other""}, {""operation"": ""substitution"", ""reference"": ""tempe"", ""hypothesis"": ""bee"", ""langid"": ""other""}]",wav2vec2,indonesian-nlp/wav2vec2-indonesian-javanese-sundanese,cpu
processed_indonesia/wav2vec2_300/02_vad/jember_042_0029.wav,"Těrus, baru pas wêktu dadi karyawan tetap, e, ana libure seminggu pisan, tapi nggak isa milih hari ngono.",traz baru pas subeh ende karya letap pe onok libure seminggu kisan tapi gak isok mele har,"[""other""]",unknown,0.722222,"{""other"": {""deletions"": 1, ""insertions"": 0, ""reference_words"": 18, ""substitutions"": 12, ""wer"": 0.7222222222222222}}","[{""operation"": ""substitution"", ""reference"": ""těrus"", ""hypothesis"": ""traz"", ""langid"": ""other""}, {""operation"": ""correct"", ""reference"": ""baru"", ""hypothesis"": ""baru"", ""langid"": ""other""}, {""operation"": ""correct"", ""reference"": ""pas"", ""hypothesis"": ""pas"", ""langid"": ""other""}, {""operation"": ""substitution"", ""reference"": ""wêktu"", ""hypothesis"": ""subeh"", ""langid"": ""other""}, {""operation"": ""substitution"", ""reference"": ""dadi"", ""hypothesis"": ""ende"", ""langid"": ""other""}, {""operation"": ""substitution"", ""reference"": ""karyawan"", ""hypothesis"": ""karya"", ""langid"": ""other""}, {""operation"": ""substitution"", ""reference"": ""tetap"", ""hypothesis"": ""letap"", ""langid"": ""other""}, {""operation"": ""substitution"", ""reference"": ""e"", ""hypothesis"": ""pe"", ""langid"": ""other""}, {""operation"": ""substitution"", ""reference"": ""ana"", ""hypothesis"": ""onok"", ""langid"": ""other""}, {""operation"": ""correct"", ""reference"": ""libure"", ""hypothesis"": ""libure"", ""langid"": ""other""}, {""operation"": ""correct"", ""reference"": ""seminggu"", ""hypothesis"": ""seminggu"", ""langid"": ""other""}, {""operation"": ""substitution"", ""reference"": ""pisan"", ""hypothesis"": ""kisan"", ""langid"": ""other""}, {""operation"": ""correct"", ""reference"": ""tapi"", ""hypothesis"": ""tapi"", ""langid"": ""other""}, {""operation"": ""deletion"", ""reference"": ""nggak"", ""hypothesis"": """", ""langid"": ""other""}, {""operation"": ""substitution"", ""reference"": ""isa"", ""hypothesis"": ""gak"", ""langid"": ""other""}, {""operation"": ""substitution"", ""reference"": ""milih"", ""hypothesis"": ""isok"", ""langid"": ""other""}, {""operation"": ""substitution"", ""reference"": ""hari"", ""hypothesis"": ""mele"", ""langid"": ""other""}, {""operation"": ""substitution"", ""reference"": ""ngono"", ""hypothesis"": ""har"", ""langid"": ""other""}]",wav2vec2,indonesian-nlp/wav2vec2-indonesian-javanese-sundanese,cpu
processed_indonesia/wav2vec2_300/02_vad/jember_001_0002.wav,"Langsung ae ya, aja suwi-suwi.",astrung ae ya jok suy sui,"[""other""]",unknown,0.800000,"{""other"": {""deletions"": 0, ""insertions"": 1, ""reference_words"": 5, ""substitutions"": 3, ""wer"": 0.8}}","[{""operation"": ""substitution"", ""reference"": ""langsung"", ""hypothesis"": ""astrung"", ""langid"": ""other""}, {""operation"": ""correct"", ""reference"": ""ae"", ""hypothesis"": ""ae"", ""langid"": ""other""}, {""operation"": ""correct"", ""reference"": ""ya"", ""hypothesis"": ""ya"", ""langid"": ""other""}, {""operation"": ""insertion"", ""reference"": """", ""hypothesis"": ""jok"", ""langid"": ""other""}, {""operation"": ""substitution"", ""reference"": ""aja"", ""hypothesis"": ""suy"", ""langid"": ""other""}, {""operation"": ""substitution"", ""reference"": ""suwi-suwi"", ""hypothesis"": ""sui"", ""langid"": ""other""}]",wav2vec2,indonesian-nlp/wav2vec2-indonesian-javanese-sundanese,cpu
processed_indonesia/wav2vec2_300/02_vad/jember_012_0008.wav,"Banyu iku ya pisan lèk gak digawe, ya patèni.",ie banyu iku yapisan nek akdigawe apa tet,"[""other""]",unknown,0.888889,"{""other"": {""deletions"": 2, ""insertions"": 1, ""reference_words"": 9, ""substitutions"": 5, ""wer"": 0.8888888888888888}}","[{""operation"": ""insertion"", ""reference"": """", ""hypothesis"": ""ie"", ""langid"": ""other""}, {""operation"": ""correct"", ""reference"": ""banyu"", ""hypothesis"": ""banyu"", ""langid"": ""other""}, {""operation"": ""correct"", ""reference"": ""iku"", ""hypothesis"": ""iku"", ""langid"": ""other""}, {""operation"": ""deletion"", ""reference"": ""ya"", ""hypothesis"": """", ""langid"": ""other""}, {""operation"": ""deletion"", ""reference"": ""pisan"", ""hypothesis"": """", ""langid"": ""other""}, {""operation"": ""substitution"", ""reference"": ""lèk"", ""hypothesis"": ""yapisan"", ""langid"": ""other""}, {""operation"": ""substitution"", ""reference"": ""gak"", ""hypothesis"": ""nek"", ""langid"": ""other""}, {""operation"": ""substitution"", ""reference"": ""digawe"", ""hypothesis"": ""akdigawe"", ""langid"": ""other""}, {""operation"": ""substitution"", ""reference"": ""ya"", ""hypothesis"": ""apa"", ""langid"": ""other""}, {""operation"": ""substitution"", ""reference"": ""patèni"", ""hypothesis"": ""tet"", ""langid"": ""other""}]",wav2vec2,indonesian-nlp/wav2vec2-indonesian-javanese-sundanese,cpu
processed_indonesia/wav2vec2_300/02_vad/jember_090_0028.wav,"Nyapu-nyapu kadang lèk sore, korah-korah.",nya punya apu kadang di sore caracorah,"[""other""]",unknown,1.000000,"{""other"": {""deletions"": 0, ""insertions"": 2, ""reference_words"": 5, ""substitutions"": 3, ""wer"": 1.0}}","[{""operation"": ""insertion"", ""reference"": """", ""hypothesis"": ""nya"", ""langid"": ""other""}, {""operation"": ""insertion"", ""reference"": """", ""hypothesis"": ""punya"", ""langid"": ""other""}, {""operation"": ""substitution"", ""reference"": ""nyapu-nyapu"", ""hypothesis"": ""apu"", ""langid"": ""other""}, {""operation"": ""correct"", ""reference"": ""kadang"", ""hypothesis"": ""kadang"", ""langid"": ""other""}, {""operation"": ""substitution"", ""reference"": ""lèk"", ""hypothesis"": ""di"", ""langid"": ""other""}, {""operation"": ""correct"", ""reference"": ""sore"", ""hypothesis"": ""sore"", ""langid"": ""other""}, {""operation"": ""substitution"", ""reference"": ""korah-korah"", ""hypothesis"": ""caracorah"", ""langid"": ""other""}]",wav2vec2,indonesian-nlp/wav2vec2-indonesian-javanese-sundanese,cpu
processed_indonesia/wav2vec2_300/02_vad/jember_116_0002.wav,"Nèng mbiyèn iku, e, tau bangêt pengin budhal, e, menyang apa, nggunung-nggunung.",ngedolan ning gi yen iku e tau banget pengin budhal e menyang apa,"[""other""]",unknown,0.500000,"{""other"": {""deletions"": 1, ""insertions"": 2, ""reference_words"": 12, ""substitutions"": 3, ""wer"": 0.5}}","[{""operation"": ""insertion"", ""reference"": """", ""hypothesis"": ""ngedolan"", ""langid"": ""other""}, {""operation"": ""insertion"", ""reference"": """", ""hypothesis"": ""ning"", ""langid"": ""other""}, {""operation"": ""substitution"", ""reference"": ""nèng"", ""hypothesis"": ""gi"", ""langid"": ""other""}, {""operation"": ""substitution"", ""reference"": ""mbiyèn"", ""hypothesis"": ""yen"", ""langid"": ""other""}, {""operation"": ""correct"", ""reference"": ""iku"", ""hypothesis"": ""iku"", ""langid"": ""other""}, {""operation"": ""correct"", ""reference"": ""e"", ""hypothesis"": ""e"", ""langid"": ""other""}, {""operation"": ""correct"", ""reference"": ""tau"", ""hypothesis"": ""tau"", ""langid"": ""other""}, {""operation"": ""substitution"", ""reference"": ""bangêt"", ""hypothesis"": ""banget"", ""langid"": ""other""}, {""operation"": ""correct"", ""reference"": ""pengin"", ""hypothesis"": ""pengin"", ""langid"": ""other""}, {""operation"": ""correct"", ""reference"": ""budhal"", ""hypothesis"": ""budhal"", ""langid"": ""other""}, {""operation"": ""correct"", ""reference"": ""e"", ""hypothesis"": ""e"", ""langid"": ""other""}, {""operation"": ""correct"", ""reference"": ""menyang"", ""hypothesis"": ""menyang"", ""langid"": ""other""}, {""operation"": ""correct"", ""reference"": ""apa"", ""hypothesis"": ""apa"", ""langid"": ""other""}, {""operation"": ""deletion"", ""reference"": ""nggunung-nggunung"", ""hypothesis"": """", ""langid"": ""other""}]",wav2vec2,indonesian-nlp/wav2vec2-indonesian-javanese-sundanese,cpu
processed_indonesia/wav2vec2_300/02_vad/jember_040_0009.wav,"Těrus saiki sing terakhir iku bapak-bapak lagi gotong-royong mbangun TK, TK-e digêdhi'na manèh.",terus saiki sentra akhir iku bapak bapak lagi koto mroyang mbangun  teka sepekae gi gedekna aneh,"[""other""]",unknown,0.923077,"{""other"": {""deletions"": 0, ""insertions"": 3, ""reference_words"": 13, ""substitutions"": 9, ""wer"": 0.9230769230769231}}","[{""operation"": ""substitution"", ""reference"": ""těrus"", ""hypothesis"": ""terus"", ""langid"": ""other""}, {""operation"": ""correct"", ""reference"": ""saiki"", ""hypothesis"": ""saiki"", ""langid"": ""other""}, {""operation"": ""substitution"", ""reference"": ""sing"", ""hypothesis"": ""sentra"", ""langid"": ""other""}, {""operation"": ""substitution"", ""reference"": ""terakhir"", ""hypothesis"": ""akhir"", ""langid"": ""other""}, {""operation"": ""correct"", ""reference"": ""iku"", ""hypothesis"": ""iku"", ""langid"": ""other""}, {""operation"": ""insertion"", ""reference"": """", ""hypothesis"": ""bapak"", ""langid"": ""other""}, {""operation"": ""substitution"", ""reference"": ""bapak-bapak"", ""hypothesis"": ""bapak"", ""langid"": ""other""}, {""operation"": ""correct"", ""reference"": ""lagi"", ""hypothesis"": ""lagi"", ""langid"": ""other""}, {""operation"": ""insertion"", ""reference"": """", ""hypothesis"": ""koto"", ""langid"": ""other""}, {""operation"": ""substitution"", ""reference"": ""gotong-royong"", ""hypothesis"": ""mroyang"", ""langid"": ""other""}, {""operation"": ""correct"", ""reference"": ""mbangun"", ""hypothesis"": ""mbangun"", ""langid"": ""other""}, {""operation"": ""insertion"", ""reference"": """", ""hypothesis"": ""teka"", ""langid"": ""other""}, {""operation"": ""substitution"", ""reference"": ""TK"", ""hypothesis"": ""sepekae"", ""langid"": ""other""}, {""operation"": ""substitution"", ""reference"": ""TK-e"", ""hypothesis"": ""gi"", ""langid"": ""other""}, {""operation"": ""substitution"", ""reference"": ""digêdhi'na"", ""hypothesis"": ""gedekna"", ""langid"": ""other""}, {""operation"": ""substitution"", ""reference"": ""manèh"", ""hypothesis"": ""aneh"", ""langid"": ""other""}]",wav2vec2,indonesian-nlp/wav2vec2-indonesian-javanese-sundanese,cpu
processed_indonesia/wav2vec2_300/02_vad/indonesian_dev_512f60dc7bfc48718bfb78884435deb1.wav,"Jadi, lariku i gur iso mungkin seminggu dua kali, tiga kali wes bagus banget. Lha kuwi masing-masing lima kilo, dadi mungkin seminggu cuma sepuluh kilo, terus kali, berarti empat puluh kilo meter per bulan. Sangat beda jauh to daripada yang tahun kemarin, aku bisa sampai seratus km per minggu, eh sorry per bulan. Dan aku sedang berusaha sih untuk mengintensifkan lagi dan mengkonsistenkan lagi olahraga lariku ini.",jadi lari ku igoro isa mungkin seminggu dua kali tiga kelis bagus banget ganki masingmasing lima kilo jadi mungkin seminggu cuma sepuluh kilo terus sekali empat ketimpat keluh kilo meter petulan sangat gedhai cote dari perdayaan tahun kemarin aku bisa sampai seratus kilometer minggu epertori perbulan dan aku sedang perusaha si untuk pengintensifkan lagi dan mengkoncistenkalagi olahlagala riku ini,"[""other""]",unknown,0.507463,"{""other"": {""deletions"": 8, ""insertions"": 0, ""reference_words"": 67, ""substitutions"": 26, ""wer"": 0.5074626865671642}}","[{""operation"": ""correct"", ""reference"": ""jadi"", ""hypothesis"": ""jadi"", ""langid"": ""other""}, {""operation"": ""substitution"", ""reference"": ""lariku"", ""hypothesis"": ""lari"", ""langid"": ""other""}, {""operation"": ""substitution"", ""reference"": ""i"", ""hypothesis"": ""ku"", ""langid"": ""other""}, {""operation"": ""substitution"", ""reference"": ""gur"", ""hypothesis"": ""igoro"", ""langid"": ""other""}, {""operation"": ""substitution"", ""reference"": ""iso"", ""hypothesis"": ""isa"", ""langid"": ""other""}, {""operation"": ""correct"", ""reference"": ""mungkin"", ""hypothesis"": ""mungkin"", ""langid"": ""other""}, {""operation"": ""correct"", ""reference"": ""seminggu"", ""hypothesis"": ""seminggu"", ""langid"": ""other""}, {""operation"": ""correct"", ""reference"": ""dua"", ""hypothesis"": ""dua"", ""langid"": ""other""}, {""operation"": ""correct"", ""reference"": ""kali"", ""hypothesis"": ""kali"", ""langid"": ""other""}, {""operation"": ""correct"", ""reference"": ""tiga"", ""hypothesis"": ""tiga"", ""langid"": ""other""}, {""operation"": ""deletion"", ""reference"": ""kali"", ""hypothesis"": """", ""langid"": ""other""}, {""operation"": ""substitution"", ""reference"": ""wes"", ""hypothesis"": ""kelis"", ""langid"": ""other""}, {""operation"": ""correct"", ""reference"": ""bagus"", ""hypothesis"": ""bagus"", ""langid"": ""other""}, {""operation"": ""correct"", ""reference"": ""banget"", ""hypothesis"": ""banget"", ""langid"": ""other""}, {""operation"": ""deletion"", ""reference"": ""lha"", ""hypothesis"": """", ""langid"": ""other""}, {""operation"": ""substitution"", ""reference"": ""kuwi"", ""hypothesis"": ""ganki"", ""langid"": ""other""}, {""operation"": ""substitution"", ""reference"": ""masing-masing"", ""hypothesis"": ""masingmasing"", ""langid"": ""other""}, {""operation"": ""correct"", ""reference"": ""lima"", ""hypothesis"": ""lima"", ""langid"": ""other""}, {""operation"": ""correct"", ""reference"": ""kilo"", ""hypothesis"": ""kilo"", ""langid"": ""other""}, {""operation"": ""substitution"", ""reference"": ""dadi"", ""hypothesis"": ""jadi"", ""langid"": ""other""}, {""operation"": ""correct"", ""reference"": ""mungkin"", ""hypothesis"": ""mungkin"", ""langid"": ""other""}, {""operation"": ""correct"", ""reference"": ""seminggu"", ""hypothesis"": ""seminggu"", ""langid"": ""other""}, {""operation"": ""correct"", ""reference"": ""cuma"", ""hypothesis"": ""cuma"", ""langid"": ""other""}, {""operation"": ""correct"", ""reference"": ""sepuluh"", ""hypothesis"": ""sepuluh"", ""langid"": ""other""}, {""operation"": ""correct"", ""reference"": ""kilo"", ""hypothesis"": ""kilo"", ""langid"": ""other""}, {""operation"": ""correct"", ""reference"": ""terus"", ""hypothesis"": ""terus"", ""langid"": ""other""}, {""operation"": ""substitution"", ""reference"": ""kali"", ""hypothesis"": ""sekali"", ""langid"": ""other""}, {""operation"": ""substitution"", ""reference"": ""berarti"", ""hypothesis"": ""empat"", ""langid"": ""other""}, {""operation"": ""substitution"", ""reference"": ""empat"", ""hypothesis"": ""ketimpat"", ""langid"": ""other""}, {""operation"": ""substitution"", ""reference"": ""puluh"", ""hypothesis"": ""keluh"", ""langid"": ""other""}, {""operation"": ""correct"", ""reference"": ""kilo"", ""hypothesis"": ""kilo"", ""langid"": ""other""}, {""operation"": ""correct"", ""reference"": ""meter"", ""hypothesis"": ""meter"", ""langid"": ""other""}, {""operation"": ""deletion"", ""reference"": ""per"", ""hypothesis"": """", ""langid"": ""other""}, {""operation"": ""substitution"", ""reference"": ""bulan"", ""hypothesis"": ""petulan"", ""langid"": ""other""}, {""operation"": ""correct"", ""reference"": ""sangat"", ""hypothesis"": ""sangat"", ""langid"": ""other""}, {""operation"": ""deletion"", ""reference"": ""beda"", ""hypothesis"": """", ""langid"": ""other""}, {""operation"": ""substitution"", ""reference"": ""jauh"", ""hypothesis"": ""gedhai"", ""langid"": ""other""}, {""operation"": ""substitution"", ""reference"": ""to"", ""hypothesis"": ""cote"", ""langid"": ""other""}, {""operation"": ""substitution"", ""reference"": ""daripada"", ""hypothesis"": ""dari"", ""langid"": ""other""}, {""operation"": ""substitution"", ""reference"": ""yang"", ""hypothesis"": ""perdayaan"", ""langid"": ""other""}, {""operation"": ""correct"", ""reference"": ""tahun"", ""hypothesis"": ""tahun"", ""langid"": ""other""}, {""operation"": ""correct"", ""reference"": ""kemarin"", ""hypothesis"": ""kemarin"", ""langid"": ""other""}, {""operation"": ""correct"", ""reference"": ""aku"", ""hypothesis"": ""aku"", ""langid"": ""other""}, {""operation"": ""correct"", ""reference"": ""bisa"", ""hypothesis"": ""bisa"", ""langid"": ""other""}, {""operation"": ""correct"", ""reference"": ""sampai"", ""hypothesis"": ""sampai"", ""langid"": ""other""}, {""operation"": ""correct"", ""reference"": ""seratus"", ""hypothesis"": ""seratus"", ""langid"": ""other""}, {""operation"": ""deletion"", ""reference"": ""km"", ""hypothesis"": """", ""langid"": ""other""}, {""operation"": ""substitution"", ""reference"": ""per"", ""hypothesis"": ""kilometer"", ""langid"": ""other""}, {""operation"": ""correct"", ""reference"": ""minggu"", ""hypothesis"": ""minggu"", ""langid"": ""other""}, {""operation"": ""deletion"", ""reference"": ""eh"", ""hypothesis"": """", ""langid"": ""other""}, {""operation"": ""deletion"", ""reference"": ""sorry"", ""hypothesis"": """", ""langid"": ""other""}, {""operation"": ""substitution"", ""reference"": ""per"", ""hypothesis"": ""epertori"", ""langid"": ""other""}, {""operation"": ""substitution"", ""reference"": ""bulan"", ""hypothesis"": ""perbulan"", ""langid"": ""other""}, {""operation"": ""correct"", ""reference"": ""dan"", ""hypothesis"": ""dan"", ""langid"": ""other""}, {""operation"": ""correct"", ""reference"": ""aku"", ""hypothesis"": ""aku"", ""langid"": ""other""}, {""operation"": ""correct"", ""reference"": ""sedang"", ""hypothesis"": ""sedang"", ""langid"": ""other""}, {""operation"": ""substitution"", ""reference"": ""berusaha"", ""hypothesis"": ""perusaha"", ""langid"": ""other""}, {""operation"": ""substitution"", ""reference"": ""sih"", ""hypothesis"": ""si"", ""langid"": ""other""}, {""operation"": ""correct"", ""reference"": ""untuk"", ""hypothesis"": ""untuk"", ""langid"": ""other""}, {""operation"": ""substitution"", ""reference"": ""mengintensifkan"", ""hypothesis"": ""pengintensifkan"", ""langid"": ""other""}, {""operation"": ""correct"", ""reference"": ""lagi"", ""hypothesis"": ""lagi"", ""langid"": ""other""}, {""operation"": ""correct"", ""reference"": ""dan"", ""hypothesis"": ""dan"", ""langid"": ""other""}, {""operation"": ""deletion"", ""reference"": ""mengkonsistenkan"", ""hypothesis"": """", ""langid"": ""other""}, {""operation"": ""substitution"", ""reference"": ""lagi"", ""hypothesis"": ""mengkoncistenkalagi"", ""langid"": ""other""}, {""operation"": ""substitution"", ""reference"": ""olahraga"", ""hypothesis"": ""olahlagala"", ""langid"": ""other""}, {""operation"": ""substitution"", ""reference"": ""lariku"", ""hypothesis"": ""riku"", ""langid"": ""other""}, {""operation"": ""correct"", ""reference"": ""ini"", ""hypothesis"": ""ini"", ""langid"": ""other""}]",wav2vec2,indonesian-nlp/wav2vec2-indonesian-javanese-sundanese,cpu
processed_indonesia/wav2vec2_300/02_vad/jember_107_0044.wav,"Nèk, nèk pabrikan kaya sintesis pestisida sintesis iku kan ngêrti lah kaya, ya dosise, těruskonsentrasine pira.",nek nek pabrikan kaka spasidas eteizenta tisu kan marpilah kayak eda sise nerust kon sentrasine pira,"[""other""]",unknown,0.875000,"{""other"": {""deletions"": 0, ""insertions"": 0, ""reference_words"": 16, ""substitutions"": 14, ""wer"": 0.875}}","[{""operation"": ""substitution"", ""reference"": ""nèk"", ""hypothesis"": ""nek"", ""langid"": ""other""}, {""operation"": ""substitution"", ""reference"": ""nèk"", ""hypothesis"": ""nek"", ""langid"": ""other""}, {""operation"": ""correct"", ""reference"": ""pabrikan"", ""hypothesis"": ""pabrikan"", ""langid"": ""other""}, {""operation"": ""substitution"", ""reference"": ""kaya"", ""hypothesis"": ""kaka"", ""langid"": ""other""}, {""operation"": ""substitution"", ""reference"": ""sintesis"", ""hypothesis"": ""spasidas"", ""langid"": ""other""}, {""operation"": ""substitution"", ""reference"": ""pestisida"", ""hypothesis"": ""eteizenta"", ""langid"": ""other""}, {""operation"": ""substitution"", ""reference"": ""sintesis"", ""hypothesis"": ""tisu"", ""langid"": ""other""}, {""operation"": ""substitution"", ""reference"": ""iku"", ""hypothesis"": ""kan"", ""langid"": ""other""}, {""operation"": ""substitution"", ""reference"": ""kan"", ""hypothesis"": ""marpilah"", ""langid"": ""other""}, {""operation"": ""substitution"", ""reference"": ""ngêrti"", ""hypothesis"": ""kayak"", ""langid"": ""other""}, {""operation"": ""substitution"", ""reference"": ""lah"", ""hypothesis"": ""eda"", ""langid"": ""other""}, {""operation"": ""substitution"", ""reference"": ""kaya"", ""hypothesis"": ""sise"", ""langid"": ""other""}, {""operation"": ""substitution"", ""reference"": ""ya"", ""hypothesis"": ""nerust"", ""langid"": ""other""}, {""operation"": ""substitution"", ""reference"": ""dosise"", ""hypothesis"": ""kon"", ""langid"": ""other""}, {""operation"": ""substitution"", ""reference"": ""těruskonsentrasine"", ""hypothesis"": ""sentrasine"", ""langid"": ""other""}, {""operation"": ""correct"", ""reference"": ""pira"", ""hypothesis"": ""pira"", ""langid"": ""other""}]",wav2vec2,indonesian-nlp/wav2vec2-indonesian-javanese-sundanese,cpu
processed_indonesia/wav2vec2_300/02_vad/jember_040_0019.wav,"Lèk nang omahku iki kebetulan jarang ènèk kegiatan, pun kegiatan maksimal mek pengajian tok.",lakna omahku iki kebetulan jarang enek kegiatan pun kegiatan maksinal mek pengasian,"[""other""]",unknown,0.428571,"{""other"": {""deletions"": 2, ""insertions"": 0, ""reference_words"": 14, ""substitutions"": 4, ""wer"": 0.42857142857142855}}","[{""operation"": ""deletion"", ""reference"": ""lèk"", ""hypothesis"": """", ""langid"": ""other""}, {""operation"": ""substitution"", ""reference"": ""nang"", ""hypothesis"": ""lakna"", ""langid"": ""other""}, {""operation"": ""correct"", ""reference"": ""omahku"", ""hypothesis"": ""omahku"", ""langid"": ""other""}, {""operation"": ""correct"", ""reference"": ""iki"", ""hypothesis"": ""iki"", ""langid"": ""other""}, {""operation"": ""correct"", ""reference"": ""kebetulan"", ""hypothesis"": ""kebetulan"", ""langid"": ""other""}, {""operation"": ""correct"", ""reference"": ""jarang"", ""hypothesis"": ""jarang"", ""langid"": ""other""}, {""operation"": ""substitution"", ""reference"": ""ènèk"", ""hypothesis"": ""enek"", ""langid"": ""other""}, {""operation"": ""correct"", ""reference"": ""kegiatan"", ""hypothesis"": ""kegiatan"", ""langid"": ""other""}, {""operation"": ""correct"", ""reference"": ""pun"", ""hypothesis"": ""pun"", ""langid"": ""other""}, {""operation"": ""correct"", ""reference"": ""kegiatan"", ""hypothesis"": ""kegiatan"", ""langid"": ""other""}, {""operation"": ""substitution"", ""reference"": ""maksimal"", ""hypothesis"": ""maksinal"", ""langid"": ""other""}, {""operation"": ""correct"", ""reference"": ""mek"", ""hypothesis"": ""mek"", ""langid"": ""other""}, {""operation"": ""deletion"", ""reference"": ""pengajian"", ""hypothesis"": """", ""langid"": ""other""}, {""operation"": ""substitution"", ""reference"": ""tok"", ""hypothesis"": ""pengasian"", ""langid"": ""other""}]",wav2vec2,indonesian-nlp/wav2vec2-indonesian-javanese-sundanese,cpu
processed_indonesia/wav2vec2_300/02_vad/jember_102_0020.wav,"La sakwise iku, apa ya.",naha sawise iku apa ya,"[""other""]",unknown,0.400000,"{""other"": {""deletions"": 0, ""insertions"": 0, ""reference_words"": 5, ""substitutions"": 2, ""wer"": 0.4}}","[{""operation"": ""substitution"", ""reference"": ""la"", ""hypothesis"": ""naha"", ""langid"": ""other""}, {""operation"": ""substitution"", ""reference"": ""sakwise"", ""hypothesis"": ""sawise"", ""langid"": ""other""}, {""operation"": ""correct"", ""reference"": ""iku"", ""hypothesis"": ""iku"", ""langid"": ""other""}, {""operation"": ""correct"", ""reference"": ""apa"", ""hypothesis"": ""apa"", ""langid"": ""other""}, {""operation"": ""correct"", ""reference"": ""ya"", ""hypothesis"": ""ya"", ""langid"": ""other""}]",wav2vec2,indonesian-nlp/wav2vec2-indonesian-javanese-sundanese,cpu
processed_indonesia/wav2vec2_300/02_vad/jember_058_0005.wav,"Dadi, e, lingkungan sekitare dhewe iku isa lebih asri, lebih banyak oksigen.",sigen dadi elingkungan sekitare dhewei isok lebih asri lebih banyak oksik,"[""other""]",unknown,0.583333,"{""other"": {""deletions"": 1, ""insertions"": 0, ""reference_words"": 12, ""substitutions"": 6, ""wer"": 0.5833333333333334}}","[{""operation"": ""substitution"", ""reference"": ""dadi"", ""hypothesis"": ""sigen"", ""langid"": ""other""}, {""operation"": ""substitution"", ""reference"": ""e"", ""hypothesis"": ""dadi"", ""langid"": ""other""}, {""operation"": ""substitution"", ""reference"": ""lingkungan"", ""hypothesis"": ""elingkungan"", ""langid"": ""other""}, {""operation"": ""correct"", ""reference"": ""sekitare"", ""hypothesis"": ""sekitare"", ""langid"": ""other""}, {""operation"": ""deletion"", ""reference"": ""dhewe"", ""hypothesis"": """", ""langid"": ""other""}, {""operation"": ""substitution"", ""reference"": ""iku"", ""hypothesis"": ""dhewei"", ""langid"": ""other""}, {""operation"": ""substitution"", ""reference"": ""isa"", ""hypothesis"": ""isok"", ""langid"": ""other""}, {""operation"": ""correct"", ""reference"": ""lebih"", ""hypothesis"": ""lebih"", ""langid"": ""other""}, {""operation"": ""correct"", ""reference"": ""asri"", ""hypothesis"": ""asri"", ""langid"": ""other""}, {""operation"": ""correct"", ""reference"": ""lebih"", ""hypothesis"": ""lebih"", ""langid"": ""other""}, {""operation"": ""correct"", ""reference"": ""banyak"", ""hypothesis"": ""banyak"", ""langid"": ""other""}, {""operation"": ""substitution"", ""reference"": ""oksigen"", ""hypothesis"": ""oksik"", ""langid"": ""other""}]",wav2vec2,indonesian-nlp/wav2vec2-indonesian-javanese-sundanese,cpu
processed_indonesia/wav2vec2_300/02_vad/indonesian_dev_3c746fbafaf342da8443c0f6f28841af.wav,"Oke, sekarang cerita pengalamanku waktu SMA. Di SMA tuh, aku jadi lebih sering belajar bareng teman Padahal pas SD sama SMP dulu gak suka belajar bareng, tuh. Biasanya lebih suka sendiri kan, lebih enak sendiri aja. Terus ... ya pokokmen belajar mandiri itu selama SD SMP lebih enak. Kecuali kalau ada tugas kelompok",wegi sekarang cerita pengalamanku waktu es mlemoadi sletter mletter atu aku jadi lebih sering pelajar barung teman padahal pas esti sama smpeulong ak suka welajar bareng tu biasanya lebih suka sendiri k lebih enak sendiri aja terus eiapokmen pelajar mandiri itu selama este sampe lebih enak kecuali kala ada tugas kelompok,"[""unknown""]",unknown,0.423077,"{""unknown"": {""deletions"": 2, ""insertions"": 1, ""reference_words"": 52, ""substitutions"": 19, ""wer"": 0.4230769230769231}}","[{""operation"": ""substitution"", ""reference"": ""oke"", ""hypothesis"": ""wegi"", ""langid"": ""unknown""}, {""operation"": ""correct"", ""reference"": ""sekarang"", ""hypothesis"": ""sekarang"", ""langid"": ""unknown""}, {""operation"": ""correct"", ""reference"": ""cerita"", ""hypothesis"": ""cerita"", ""langid"": ""unknown""}, {""operation"": ""correct"", ""reference"": ""pengalamanku"", ""hypothesis"": ""pengalamanku"", ""langid"": ""unknown""}, {""operation"": ""correct"", ""reference"": ""waktu"", ""hypothesis"": ""waktu"", ""langid"": ""unknown""}, {""operation"": ""insertion"", ""reference"": """", ""hypothesis"": ""es"", ""langid"": ""unknown""}, {""operation"": ""substitution"", ""reference"": ""SMA"", ""hypothesis"": ""mlemoadi"", ""langid"": ""unknown""}, {""operation"": ""substitution"", ""reference"": ""di"", ""hypothesis"": ""sletter"", ""langid"": ""unknown""}, {""operation"": ""substitution"", ""reference"": ""SMA"", ""hypothesis"": ""mletter"", ""langid"": ""unknown""}, {""operation"": ""substitution"", ""reference"": ""tuh"", ""hypothesis"": ""atu"", ""langid"": ""unknown""}, {""operation"": ""correct"", ""reference"": ""aku"", ""hypothesis"": ""aku"", ""langid"": ""unknown""}, {""operation"": ""correct"", ""reference"": ""jadi"", ""hypothesis"": ""jadi"", ""langid"": ""unknown""}, {""operation"": ""correct"", ""reference"": ""lebih"", ""hypothesis"": ""lebih"", ""langid"": ""unknown""}, {""operation"": ""correct"", ""reference"": ""sering"", ""hypothesis"": ""sering"", ""langid"": ""unknown""}, {""operation"": ""substitution"", ""reference"": ""belajar"", ""hypothesis"": ""pelajar"", ""langid"": ""unknown""}, {""operation"": ""substitution"", ""reference"": ""bareng"", ""hypothesis"": ""barung"", ""langid"": ""unknown""}, {""operation"": ""correct"", ""reference"": ""teman"", ""hypothesis"": ""teman"", ""langid"": ""unknown""}, {""operation"": ""substitution"", ""reference"": ""Padahal"", ""hypothesis"": ""padahal"", ""langid"": ""unknown""}, {""operation"": ""correct"", ""reference"": ""pas"", ""hypothesis"": ""pas"", ""langid"": ""unknown""}, {""operation"": ""substitution"", ""reference"": ""SD"", ""hypothesis"": ""esti"", ""langid"": ""unknown""}, {""operation"": ""correct"", ""reference"": ""sama"", ""hypothesis"": ""sama"", ""langid"": ""unknown""}, {""operation"": ""deletion"", ""reference"": ""SMP"", ""hypothesis"": """", ""langid"": ""unknown""}, {""operation"": ""substitution"", ""reference"": ""dulu"", ""hypothesis"": ""smpeulong"", ""langid"": ""unknown""}, {""operation"": ""substitution"", ""reference"": ""gak"", ""hypothesis"": ""ak"", ""langid"": ""unknown""}, {""operation"": ""correct"", ""reference"": ""suka"", ""hypothesis"": ""suka"", ""langid"": ""unknown""}, {""operation"": ""substitution"", ""reference"": ""belajar"", ""hypothesis"": ""welajar"", ""langid"": ""unknown""}, {""operation"": ""correct"", ""reference"": ""bareng"", ""hypothesis"": ""bareng"", ""langid"": ""unknown""}, {""operation"": ""substitution"", ""reference"": ""tuh"", ""hypothesis"": ""tu"", ""langid"": ""unknown""}, {""operation"": ""correct"", ""reference"": ""biasanya"", ""hypothesis"": ""biasanya"", ""langid"": ""unknown""}, {""operation"": ""correct"", ""reference"": ""lebih"", ""hypothesis"": ""lebih"", ""langid"": ""unknown""}, {""operation"": ""correct"", ""reference"": ""suka"", ""hypothesis"": ""suka"", ""langid"": ""unknown""}, {""operation"": ""correct"", ""reference"": ""sendiri"", ""hypothesis"": ""sendiri"", ""langid"": ""unknown""}, {""operation"": ""substitution"", ""reference"": ""kan"", ""hypothesis"": ""k"", ""langid"": ""unknown""}, {""operation"": ""correct"", ""reference"": ""lebih"", ""hypothesis"": ""lebih"", ""langid"": ""unknown""}, {""operation"": ""correct"", ""reference"": ""enak"", ""hypothesis"": ""enak"", ""langid"": ""unknown""}, {""operation"": ""correct"", ""reference"": ""sendiri"", ""hypothesis"": ""sendiri"", ""langid"": ""unknown""}, {""operation"": ""correct"", ""reference"": ""aja"", ""hypothesis"": ""aja"", ""langid"": ""unknown""}, {""operation"": ""correct"", ""reference"": ""terus"", ""hypothesis"": ""terus"", ""langid"": ""unknown""}, {""operation"": ""deletion"", ""reference"": ""ya"", ""hypothesis"": """", ""langid"": ""unknown""}, {""operation"": ""substitution"", ""reference"": ""pokokmen"", ""hypothesis"": ""eiapokmen"", ""langid"": ""unknown""}, {""operation"": ""substitution"", ""reference"": ""belajar"", ""hypothesis"": ""pelajar"", ""langid"": ""unknown""}, {""operation"": ""correct"", ""reference"": ""mandiri"", ""hypothesis"": ""mandiri"", ""langid"": ""unknown""}, {""operation"": ""correct"", ""reference"": ""itu"", ""hypothesis"": ""itu"", ""langid"": ""unknown""}, {""operation"": ""correct"", ""reference"": ""selama"", ""hypothesis"": ""selama"", ""langid"": ""unknown""}, {""operation"": ""substitution"", ""reference"": ""SD"", ""hypothesis"": ""este"", ""langid"": ""unknown""}, {""operation"": ""substitution"", ""reference"": ""SMP"", ""hypothesis"": ""sampe"", ""langid"": ""unknown""}, {""operation"": ""correct"", ""reference"": ""lebih"", ""hypothesis"": ""lebih"", ""langid"": ""unknown""}, {""operation"": ""correct"", ""reference"": ""enak"", ""hypothesis"": ""enak"", ""langid"": ""unknown""}, {""operation"": ""correct"", ""reference"": ""kecuali"", ""hypothesis"": ""kecuali"", ""langid"": ""unknown""}, {""operation"": ""substitution"", ""reference"": ""kalau"", ""hypothesis"": ""kala"", ""langid"": ""unknown""}, {""operation"": ""correct"", ""reference"": ""ada"", ""hypothesis"": ""ada"", ""langid"": ""unknown""}, {""operation"": ""correct"", ""reference"": ""tugas"", ""hypothesis"": ""tugas"", ""langid"": ""unknown""}, {""operation"": ""correct"", ""reference"": ""kelompok"", ""hypothesis"": ""kelompok"", ""langid"": ""unknown""}]",wav2vec2,indonesian-nlp/wav2vec2-indonesian-javanese-sundanese,cpu
processed_indonesia/wav2vec2_300/02_vad/jember_180_0044.wav,"Lèk cuma gae kepêntingane mênungsa thok suwi-suwi, eh, suwi-suwi êntèk.",golek cumak gae kepentingan eman nung sontok swissuwi esui suwi entek,"[""other""]",unknown,1.000000,"{""other"": {""deletions"": 0, ""insertions"": 1, ""reference_words"": 10, ""substitutions"": 9, ""wer"": 1.0}}","[{""operation"": ""substitution"", ""reference"": ""lèk"", ""hypothesis"": ""golek"", ""langid"": ""other""}, {""operation"": ""substitution"", ""reference"": ""cuma"", ""hypothesis"": ""cumak"", ""langid"": ""other""}, {""operation"": ""correct"", ""reference"": ""gae"", ""hypothesis"": ""gae"", ""langid"": ""other""}, {""operation"": ""insertion"", ""reference"": """", ""hypothesis"": ""kepentingan"", ""langid"": ""other""}, {""operation"": ""substitution"", ""reference"": ""kepêntingane"", ""hypothesis"": ""eman"", ""langid"": ""other""}, {""operation"": ""substitution"", ""reference"": ""mênungsa"", ""hypothesis"": ""nung"", ""langid"": ""other""}, {""operation"": ""substitution"", ""reference"": ""thok"", ""hypothesis"": ""sontok"", ""langid"": ""other""}, {""operation"": ""substitution"", ""reference"": ""suwi-suwi"", ""hypothesis"": ""swissuwi"", ""langid"": ""other""}, {""operation"": ""substitution"", ""reference"": ""eh"", ""hypothesis"": ""esui"", ""langid"": ""other""}, {""operation"": ""substitution"", ""reference"": ""suwi-suwi"", ""hypothesis"": ""suwi"", ""langid"": ""other""}, {""operation"": ""substitution"", ""reference"": ""êntèk"", ""hypothesis"": ""entek"", ""langid"": ""other""}]",wav2vec2,indonesian-nlp/wav2vec2-indonesian-javanese-sundanese,cpu
processed_indonesia/wav2vec2_300/02_vad/jember_034_0015.wav,Kewan liar sing paling sêring sampeyan temu ndèk lingkungane sampeyan apa?,rewan liar sing paling sering sampean temu ik lingkungan nesa,"[""other""]",unknown,0.636364,"{""other"": {""deletions"": 1, ""insertions"": 0, ""reference_words"": 11, ""substitutions"": 6, ""wer"": 0.6363636363636364}}","[{""operation"": ""substitution"", ""reference"": ""kewan"", ""hypothesis"": ""rewan"", ""langid"": ""other""}, {""operation"": ""correct"", ""reference"": ""liar"", ""hypothesis"": ""liar"", ""langid"": ""other""}, {""operation"": ""correct"", ""reference"": ""sing"", ""hypothesis"": ""sing"", ""langid"": ""other""}, {""operation"": ""correct"", ""reference"": ""paling"", ""hypothesis"": ""paling"", ""langid"": ""other""}, {""operation"": ""substitution"", ""reference"": ""sêring"", ""hypothesis"": ""sering"", ""langid"": ""other""}, {""operation"": ""substitution"", ""reference"": ""sampeyan"", ""hypothesis"": ""sampean"", ""langid"": ""other""}, {""operation"": ""correct"", ""reference"": ""temu"", ""hypothesis"": ""temu"", ""langid"": ""other""}, {""operation"": ""deletion"", ""reference"": ""ndèk"", ""hypothesis"": """", ""langid"": ""other""}, {""operation"": ""substitution"", ""reference"": ""lingkungane"", ""hypothesis"": ""ik"", ""langid"": ""other""}, {""operation"": ""substitution"", ""reference"": ""sampeyan"", ""hypothesis"": ""lingkungan"", ""langid"": ""other""}, {""operation"": ""substitution"", ""reference"": ""apa"", ""hypothesis"": ""nesa"", ""langid"": ""other""}]",wav2vec2,indonesian-nlp/wav2vec2-indonesian-javanese-sundanese,cpu
processed_indonesia/wav2vec2_300/02_vad/jember_044_0043.wav,"Dadi, těrus, e..., sayure ki ntèk, sayure ki êntèk.",tewi terus e sakyuregin ntek,"[""other""]",unknown,1.000000,"{""other"": {""deletions"": 4, ""insertions"": 0, ""reference_words"": 9, ""substitutions"": 5, ""wer"": 1.0}}","[{""operation"": ""deletion"", ""reference"": ""dadi"", ""hypothesis"": """", ""langid"": ""other""}, {""operation"": ""deletion"", ""reference"": ""těrus"", ""hypothesis"": """", ""langid"": ""other""}, {""operation"": ""deletion"", ""reference"": ""e..."", ""hypothesis"": """", ""langid"": ""other""}, {""operation"": ""deletion"", ""reference"": ""sayure"", ""hypothesis"": """", ""langid"": ""other""}, {""operation"": ""substitution"", ""reference"": ""ki"", ""hypothesis"": ""tewi"", ""langid"": ""other""}, {""operation"": ""substitution"", ""reference"": ""ntèk"", ""hypothesis"": ""terus"", ""langid"": ""other""}, {""operation"": ""substitution"", ""reference"": ""sayure"", ""hypothesis"": ""e"", ""langid"": ""other""}, {""operation"": ""substitution"", ""reference"": ""ki"", ""hypothesis"": ""sakyuregin"", ""langid"": ""other""}, {""operation"": ""substitution"", ""reference"": ""êntèk"", ""hypothesis"": ""ntek"", ""langid"": ""other""}]",wav2vec2,indonesian-nlp/wav2vec2-indonesian-javanese-sundanese,cpu
processed_indonesia/wav2vec2_300/02_vad/jember_196_0025.wav,"Istirahat, mlaku mênèh, sak menit, rong menit mandhêg manèh.",sirahat mlaku meneh sak menit rung menit mandimaneh,"[""other""]",unknown,0.555556,"{""other"": {""deletions"": 1, ""insertions"": 0, ""reference_words"": 9, ""substitutions"": 4, ""wer"": 0.5555555555555556}}","[{""operation"": ""substitution"", ""reference"": ""istirahat"", ""hypothesis"": ""sirahat"", ""langid"": ""other""}, {""operation"": ""correct"", ""reference"": ""mlaku"", ""hypothesis"": ""mlaku"", ""langid"": ""other""}, {""operation"": ""substitution"", ""reference"": ""mênèh"", ""hypothesis"": ""meneh"", ""langid"": ""other""}, {""operation"": ""correct"", ""reference"": ""sak"", ""hypothesis"": ""sak"", ""langid"": ""other""}, {""operation"": ""correct"", ""reference"": ""menit"", ""hypothesis"": ""menit"", ""langid"": ""other""}, {""operation"": ""substitution"", ""reference"": ""rong"", ""hypothesis"": ""rung"", ""langid"": ""other""}, {""operation"": ""correct"", ""reference"": ""menit"", ""hypothesis"": ""menit"", ""langid"": ""other""}, {""operation"": ""deletion"", ""reference"": ""mandhêg"", ""hypothesis"": """", ""langid"": ""other""}, {""operation"": ""substitution"", ""reference"": ""manèh"", ""hypothesis"": ""mandimaneh"", ""langid"": ""other""}]",wav2vec2,indonesian-nlp/wav2vec2-indonesian-javanese-sundanese,cpu
processed_indonesia/wav2vec2_300/02_vad/jember_049_0001.wav,"Aku nèk esuk biasane tangi jam lima utawa setengah lima, Mbak.",ke aku naik isuk beane tangi jam lima utawa setengah lima omba,"[""other""]",unknown,0.454545,"{""other"": {""deletions"": 0, ""insertions"": 1, ""reference_words"": 11, ""substitutions"": 4, ""wer"": 0.45454545454545453}}","[{""operation"": ""insertion"", ""reference"": """", ""hypothesis"": ""ke"", ""langid"": ""other""}, {""operation"": ""correct"", ""reference"": ""aku"", ""hypothesis"": ""aku"", ""langid"": ""other""}, {""operation"": ""substitution"", ""reference"": ""nèk"", ""hypothesis"": ""naik"", ""langid"": ""other""}, {""operation"": ""substitution"", ""reference"": ""esuk"", ""hypothesis"": ""isuk"", ""langid"": ""other""}, {""operation"": ""substitution"", ""reference"": ""biasane"", ""hypothesis"": ""beane"", ""langid"": ""other""}, {""operation"": ""correct"", ""reference"": ""tangi"", ""hypothesis"": ""tangi"", ""langid"": ""other""}, {""operation"": ""correct"", ""reference"": ""jam"", ""hypothesis"": ""jam"", ""langid"": ""other""}, {""operation"": ""correct"", ""reference"": ""lima"", ""hypothesis"": ""lima"", ""langid"": ""other""}, {""operation"": ""correct"", ""reference"": ""utawa"", ""hypothesis"": ""utawa"", ""langid"": ""other""}, {""operation"": ""correct"", ""reference"": ""setengah"", ""hypothesis"": ""setengah"", ""langid"": ""other""}, {""operation"": ""correct"", ""reference"": ""lima"", ""hypothesis"": ""lima"", ""langid"": ""other""}, {""operation"": ""substitution"", ""reference"": ""Mbak"", ""hypothesis"": ""omba"", ""langid"": ""other""}]",wav2vec2,indonesian-nlp/wav2vec2-indonesian-javanese-sundanese,cpu
processed_indonesia/wav2vec2_300/02_vad/jember_106_0066.wav,"E, prosese iku ya simpel sih.",neem rosasi koya simpol zat,"[""other""]",unknown,1.000000,"{""other"": {""deletions"": 1, ""insertions"": 0, ""reference_words"": 6, ""substitutions"": 5, ""wer"": 1.0}}","[{""operation"": ""deletion"", ""reference"": ""e"", ""hypothesis"": """", ""langid"": ""other""}, {""operation"": ""substitution"", ""reference"": ""prosese"", ""hypothesis"": ""neem"", ""langid"": ""other""}, {""operation"": ""substitution"", ""reference"": ""iku"", ""hypothesis"": ""rosasi"", ""langid"": ""other""}, {""operation"": ""substitution"", ""reference"": ""ya"", ""hypothesis"": ""koya"", ""langid"": ""other""}, {""operation"": ""substitution"", ""reference"": ""simpel"", ""hypothesis"": ""simpol"", ""langid"": ""other""}, {""operation"": ""substitution"", ""reference"": ""sih"", ""hypothesis"": ""zat"", ""langid"": ""other""}]",wav2vec2,indonesian-nlp/wav2vec2-indonesian-javanese-sundanese,cpu
processed_indonesia/wav2vec2_300/02_vad/jember_110_0024.wav,"Tiibake iku angka tahun dibuat nya prasasti iku, 1010 saka utawa 1088 masehi.",jibiva iku angka tahun dibuatnya prasasti iku seribu sepuluh saka utawa seribu elapan puluh belapan masehi,"[""other""]",unknown,0.692308,"{""other"": {""deletions"": 1, ""insertions"": 4, ""reference_words"": 13, ""substitutions"": 4, ""wer"": 0.6923076923076923}}","[{""operation"": ""substitution"", ""reference"": ""tiibake"", ""hypothesis"": ""jibiva"", ""langid"": ""other""}, {""operation"": ""correct"", ""reference"": ""iku"", ""hypothesis"": ""iku"", ""langid"": ""other""}, {""operation"": ""correct"", ""reference"": ""angka"", ""hypothesis"": ""angka"", ""langid"": ""other""}, {""operation"": ""correct"", ""reference"": ""tahun"", ""hypothesis"": ""tahun"", ""langid"": ""other""}, {""operation"": ""deletion"", ""reference"": ""dibuat"", ""hypothesis"": """", ""langid"": ""other""}, {""operation"": ""substitution"", ""reference"": ""nya"", ""hypothesis"": ""dibuatnya"", ""langid"": ""other""}, {""operation"": ""correct"", ""reference"": ""prasasti"", ""hypothesis"": ""prasasti"", ""langid"": ""other""}, {""operation"": ""correct"", ""reference"": ""iku"", ""hypothesis"": ""iku"", ""langid"": ""other""}, {""operation"": ""insertion"", ""reference"": """", ""hypothesis"": ""seribu"", ""langid"": ""other""}, {""operation"": ""substitution"", ""reference"": ""1010"", ""hypothesis"": ""sepuluh"", ""langid"": ""other""}, {""operation"": ""correct"", ""reference"": ""saka"", ""hypothesis"": ""saka"", ""langid"": ""other""}, {""operation"": ""correct"", ""reference"": ""utawa"", ""hypothesis"": ""utawa"", ""langid"": ""other""}, {""operation"": ""insertion"", ""reference"": """", ""hypothesis"": ""seribu"", ""langid"": ""other""}, {""operation"": ""insertion"", ""reference"": """", ""hypothesis"": ""elapan"", ""langid"": ""other""}, {""operation"": ""insertion"", ""reference"": """", ""hypothesis"": ""puluh"", ""langid"": ""other""}, {""operation"": ""substitution"", ""reference"": ""1088"", ""hypothesis"": ""belapan"", ""langid"": ""other""}, {""operation"": ""correct"", ""reference"": ""masehi"", ""hypothesis"": ""masehi"", ""langid"": ""other""}]",wav2vec2,indonesian-nlp/wav2vec2-indonesian-javanese-sundanese,cpu
processed_indonesia/wav2vec2_300/02_vad/jember_002_0007.wav,"Untuk menjawab, untuk ngejawab pertanyaan-pertanyaan dengan tema teknologi dan modernisasi.",untuk menjawab untuk ngenjawab pertanyaan pertanyaandengan tema teknologi dan modernisasi,"[""other""]",unknown,0.300000,"{""other"": {""deletions"": 0, ""insertions"": 0, ""reference_words"": 10, ""substitutions"": 3, ""wer"": 0.3}}","[{""operation"": ""correct"", ""reference"": ""untuk"", ""hypothesis"": ""untuk"", ""langid"": ""other""}, {""operation"": ""correct"", ""reference"": ""menjawab"", ""hypothesis"": ""menjawab"", ""langid"": ""other""}, {""operation"": ""correct"", ""reference"": ""untuk"", ""hypothesis"": ""untuk"", ""langid"": ""other""}, {""operation"": ""substitution"", ""reference"": ""ngejawab"", ""hypothesis"": ""ngenjawab"", ""langid"": ""other""}, {""operation"": ""substitution"", ""reference"": ""pertanyaan-pertanyaan"", ""hypothesis"": ""pertanyaan"", ""langid"": ""other""}, {""operation"": ""substitution"", ""reference"": ""dengan"", ""hypothesis"": ""pertanyaandengan"", ""langid"": ""other""}, {""operation"": ""correct"", ""reference"": ""tema"", ""hypothesis"": ""tema"", ""langid"": ""other""}, {""operation"": ""correct"", ""reference"": ""teknologi"", ""hypothesis"": ""teknologi"", ""langid"": ""other""}, {""operation"": ""correct"", ""reference"": ""dan"", ""hypothesis"": ""dan"", ""langid"": ""other""}, {""operation"": ""correct"", ""reference"": ""modernisasi"", ""hypothesis"": ""modernisasi"", ""langid"": ""other""}]",wav2vec2,indonesian-nlp/wav2vec2-indonesian-javanese-sundanese,cpu
processed_indonesia/wav2vec2_300/02_vad/jember_024_0124.wav,Těrus lèk ngêwasi wingi kan sêênggake aku nggarap ngono lho.,paragrap trus lekmemasi wingikan sak nggeke aku nggak,"[""other""]",unknown,0.900000,"{""other"": {""deletions"": 2, ""insertions"": 0, ""reference_words"": 10, ""substitutions"": 7, ""wer"": 0.9}}","[{""operation"": ""substitution"", ""reference"": ""těrus"", ""hypothesis"": ""paragrap"", ""langid"": ""other""}, {""operation"": ""substitution"", ""reference"": ""lèk"", ""hypothesis"": ""trus"", ""langid"": ""other""}, {""operation"": ""substitution"", ""reference"": ""ngêwasi"", ""hypothesis"": ""lekmemasi"", ""langid"": ""other""}, {""operation"": ""substitution"", ""reference"": ""wingi"", ""hypothesis"": ""wingikan"", ""langid"": ""other""}, {""operation"": ""substitution"", ""reference"": ""kan"", ""hypothesis"": ""sak"", ""langid"": ""other""}, {""operation"": ""substitution"", ""reference"": ""sêênggake"", ""hypothesis"": ""nggeke"", ""langid"": ""other""}, {""operation"": ""correct"", ""reference"": ""aku"", ""hypothesis"": ""aku"", ""langid"": ""other""}, {""operation"": ""deletion"", ""reference"": ""nggarap"", ""hypothesis"": """", ""langid"": ""other""}, {""operation"": ""deletion"", ""reference"": ""ngono"", ""hypothesis"": """", ""langid"": ""other""}, {""operation"": ""substitution"", ""reference"": ""lho"", ""hypothesis"": ""nggak"", ""langid"": ""other""}]",wav2vec2,indonesian-nlp/wav2vec2-indonesian-javanese-sundanese,cpu
processed_indonesia/wav2vec2_300/02_vad/jember_023_0027.wav,"Dadi, ngêpèle kadang minggu.",tadi ngepale kadan minggu,"[""other""]",unknown,0.750000,"{""other"": {""deletions"": 0, ""insertions"": 0, ""reference_words"": 4, ""substitutions"": 3, ""wer"": 0.75}}","[{""operation"": ""substitution"", ""reference"": ""dadi"", ""hypothesis"": ""tadi"", ""langid"": ""other""}, {""operation"": ""substitution"", ""reference"": ""ngêpèle"", ""hypothesis"": ""ngepale"", ""langid"": ""other""}, {""operation"": ""substitution"", ""reference"": ""kadang"", ""hypothesis"": ""kadan"", ""langid"": ""other""}, {""operation"": ""correct"", ""reference"": ""minggu"", ""hypothesis"": ""minggu"", ""langid"": ""other""}]",wav2vec2,indonesian-nlp/wav2vec2-indonesian-javanese-sundanese,cpu
processed_indonesia/wav2vec2_300/02_vad/jember_178_0020.wav,"Isa, e..., mengancam keberadaane uwong dhewe.",e isok oh smengancam keberadakane uwong dhewe,"[""other""]",unknown,0.833333,"{""other"": {""deletions"": 0, ""insertions"": 1, ""reference_words"": 6, ""substitutions"": 4, ""wer"": 0.8333333333333334}}","[{""operation"": ""insertion"", ""reference"": """", ""hypothesis"": ""e"", ""langid"": ""other""}, {""operation"": ""substitution"", ""reference"": ""isa"", ""hypothesis"": ""isok"", ""langid"": ""other""}, {""operation"": ""substitution"", ""reference"": ""e..."", ""hypothesis"": ""oh"", ""langid"": ""other""}, {""operation"": ""substitution"", ""reference"": ""mengancam"", ""hypothesis"": ""smengancam"", ""langid"": ""other""}, {""operation"": ""substitution"", ""reference"": ""keberadaane"", ""hypothesis"": ""keberadakane"", ""langid"": ""other""}, {""operation"": ""correct"", ""reference"": ""uwong"", ""hypothesis"": ""uwong"", ""langid"": ""other""}, {""operation"": ""correct"", ""reference"": ""dhewe"", ""hypothesis"": ""dhewe"", ""langid"": ""other""}]",wav2vec2,indonesian-nlp/wav2vec2-indonesian-javanese-sundanese,cpu
processed_indonesia/wav2vec2_300/02_vad/jember_110_0012.wav,"Nah, iki aku gak êruh, soale gak ana sumber sing valid ndèk catetan Balai Desa iku gak ana.",pertanyian tetanmasa naiki aku gak ru soale karena sumbersing palleeddek cattan baradeso iku kak na,"[""other""]",unknown,0.833333,"{""other"": {""deletions"": 4, ""insertions"": 1, ""reference_words"": 18, ""substitutions"": 10, ""wer"": 0.8333333333333334}}","[{""operation"": ""insertion"", ""reference"": """", ""hypothesis"": ""pertanyian"", ""langid"": ""other""}, {""operation"": ""substitution"", ""reference"": ""nah"", ""hypothesis"": ""tetanmasa"", ""langid"": ""other""}, {""operation"": ""substitution"", ""reference"": ""iki"", ""hypothesis"": ""naiki"", ""langid"": ""other""}, {""operation"": ""correct"", ""reference"": ""aku"", ""hypothesis"": ""aku"", ""langid"": ""other""}, {""operation"": ""correct"", ""reference"": ""gak"", ""hypothesis"": ""gak"", ""langid"": ""other""}, {""operation"": ""substitution"", ""reference"": ""êruh"", ""hypothesis"": ""ru"", ""langid"": ""other""}, {""operation"": ""correct"", ""reference"": ""soale"", ""hypothesis"": ""soale"", ""langid"": ""other""}, {""operation"": ""deletion"", ""reference"": ""gak"", ""hypothesis"": """", ""langid"": ""other""}, {""operation"": ""deletion"", ""reference"": ""ana"", ""hypothesis"": """", ""langid"": ""other""}, {""operation"": ""deletion"", ""reference"": ""sumber"", ""hypothesis"": """", ""langid"": ""other""}, {""operation"": ""deletion"", ""reference"": ""sing"", ""hypothesis"": """", ""langid"": ""other""}, {""operation"": ""substitution"", ""reference"": ""valid"", ""hypothesis"": ""karena"", ""langid"": ""other""}, {""operation"": ""substitution"", ""reference"": ""ndèk"", ""hypothesis"": ""sumbersing"", ""langid"": ""other""}, {""operation"": ""substitution"", ""reference"": ""catetan"", ""hypothesis"": ""palleeddek"", ""langid"": ""other""}, {""operation"": ""substitution"", ""reference"": ""Balai"", ""hypothesis"": ""cattan"", ""langid"": ""other""}, {""operation"": ""substitution"", ""reference"": ""Desa"", ""hypothesis"": ""baradeso"", ""langid"": ""other""}, {""operation"": ""correct"", ""reference"": ""iku"", ""hypothesis"": ""iku"", ""langid"": ""other""}, {""operation"": ""substitution"", ""reference"": ""gak"", ""hypothesis"": ""kak"", ""langid"": ""other""}, {""operation"": ""substitution"", ""reference"": ""ana"", ""hypothesis"": ""na"", ""langid"": ""other""}]",wav2vec2,indonesian-nlp/wav2vec2-indonesian-javanese-sundanese,cpu
processed_indonesia/wav2vec2_300/02_vad/jember_042_0096.wav,"Lèk jawab iki, ""Ya Allah, nggak kaya iku admin sih CS, nggak kaya CS CS sing tak êruh.""",pan jawab piki di olok nggak kayok iko atnesenci tet sletter gak kaek jletter sletter sletter semuntar,"[""other""]",unknown,0.888889,"{""other"": {""deletions"": 1, ""insertions"": 0, ""reference_words"": 18, ""substitutions"": 15, ""wer"": 0.8888888888888888}}","[{""operation"": ""substitution"", ""reference"": ""lèk"", ""hypothesis"": ""pan"", ""langid"": ""other""}, {""operation"": ""correct"", ""reference"": ""jawab"", ""hypothesis"": ""jawab"", ""langid"": ""other""}, {""operation"": ""substitution"", ""reference"": ""iki"", ""hypothesis"": ""piki"", ""langid"": ""other""}, {""operation"": ""substitution"", ""reference"": ""Ya"", ""hypothesis"": ""di"", ""langid"": ""other""}, {""operation"": ""substitution"", ""reference"": ""Allah"", ""hypothesis"": ""olok"", ""langid"": ""other""}, {""operation"": ""correct"", ""reference"": ""nggak"", ""hypothesis"": ""nggak"", ""langid"": ""other""}, {""operation"": ""deletion"", ""reference"": ""kaya"", ""hypothesis"": """", ""langid"": ""other""}, {""operation"": ""substitution"", ""reference"": ""iku"", ""hypothesis"": ""kayok"", ""langid"": ""other""}, {""operation"": ""substitution"", ""reference"": ""admin"", ""hypothesis"": ""iko"", ""langid"": ""other""}, {""operation"": ""substitution"", ""reference"": ""sih"", ""hypothesis"": ""atnesenci"", ""langid"": ""other""}, {""operation"": ""substitution"", ""reference"": ""CS"", ""hypothesis"": ""tet"", ""langid"": ""other""}, {""operation"": ""substitution"", ""reference"": ""nggak"", ""hypothesis"": ""sletter"", ""langid"": ""other""}, {""operation"": ""substitution"", ""reference"": ""kaya"", ""hypothesis"": ""gak"", ""langid"": ""other""}, {""operation"": ""substitution"", ""reference"": ""CS"", ""hypothesis"": ""kaek"", ""langid"": ""other""}, {""operation"": ""substitution"", ""reference"": ""CS"", ""hypothesis"": ""jletter"", ""langid"": ""other""}, {""operation"": ""substitution"", ""reference"": ""sing"", ""hypothesis"": ""sletter"", ""langid"": ""other""}, {""operation"": ""substitution"", ""reference"": ""tak"", ""hypothesis"": ""sletter"", ""langid"": ""other""}, {""operation"": ""substitution"", ""reference"": ""êruh"", ""hypothesis"": ""semuntar"", ""langid"": ""other""}]",wav2vec2,indonesian-nlp/wav2vec2-indonesian-javanese-sundanese,cpu
processed_indonesia/wav2vec2_300/02_vad/jember_058_0004.wav,"Těrus, kaya tanduran dhewe kan menghasilkan oksigen.",terusedjkoyok tanduran dewe kan menghasilkan ox,"[""other""]",unknown,0.571429,"{""other"": {""deletions"": 1, ""insertions"": 0, ""reference_words"": 7, ""substitutions"": 3, ""wer"": 0.5714285714285714}}","[{""operation"": ""deletion"", ""reference"": ""těrus"", ""hypothesis"": """", ""langid"": ""other""}, {""operation"": ""substitution"", ""reference"": ""kaya"", ""hypothesis"": ""terusedjkoyok"", ""langid"": ""other""}, {""operation"": ""correct"", ""reference"": ""tanduran"", ""hypothesis"": ""tanduran"", ""langid"": ""other""}, {""operation"": ""substitution"", ""reference"": ""dhewe"", ""hypothesis"": ""dewe"", ""langid"": ""other""}, {""operation"": ""correct"", ""reference"": ""kan"", ""hypothesis"": ""kan"", ""langid"": ""other""}, {""operation"": ""correct"", ""reference"": ""menghasilkan"", ""hypothesis"": ""menghasilkan"", ""langid"": ""other""}, {""operation"": ""substitution"", ""reference"": ""oksigen"", ""hypothesis"": ""ox"", ""langid"": ""other""}]",wav2vec2,indonesian-nlp/wav2vec2-indonesian-javanese-sundanese,cpu
processed_indonesia/wav2vec2_300/02_vad/jember_044_0063.wav,"Bapakku ki gak tau, Bapakku ki kaya dadi manusia pendiam ndèk omah, gak tau, gak tau komen.",ekmeubah waku i nggak tau sebelki koyok dadi manusia pendia m dew omah gak tau gak tau kemen,"[""other""]",unknown,0.647059,"{""other"": {""deletions"": 0, ""insertions"": 1, ""reference_words"": 17, ""substitutions"": 10, ""wer"": 0.6470588235294118}}","[{""operation"": ""substitution"", ""reference"": ""bapakku"", ""hypothesis"": ""ekmeubah"", ""langid"": ""other""}, {""operation"": ""substitution"", ""reference"": ""ki"", ""hypothesis"": ""waku"", ""langid"": ""other""}, {""operation"": ""substitution"", ""reference"": ""gak"", ""hypothesis"": ""i"", ""langid"": ""other""}, {""operation"": ""substitution"", ""reference"": ""tau"", ""hypothesis"": ""nggak"", ""langid"": ""other""}, {""operation"": ""substitution"", ""reference"": ""Bapakku"", ""hypothesis"": ""tau"", ""langid"": ""other""}, {""operation"": ""substitution"", ""reference"": ""ki"", ""hypothesis"": ""sebelki"", ""langid"": ""other""}, {""operation"": ""substitution"", ""reference"": ""kaya"", ""hypothesis"": ""koyok"", ""langid"": ""other""}, {""operation"": ""correct"", ""reference"": ""dadi"", ""hypothesis"": ""dadi"", ""langid"": ""other""}, {""operation"": ""correct"", ""reference"": ""manusia"", ""hypothesis"": ""manusia"", ""langid"": ""other""}, {""operation"": ""insertion"", ""reference"": """", ""hypothesis"": ""pendia"", ""langid"": ""other""}, {""operation"": ""substitution"", ""reference"": ""pendiam"", ""hypothesis"": ""m"", ""langid"": ""other""}, {""operation"": ""substitution"", ""reference"": ""ndèk"", ""hypothesis"": ""dew"", ""langid"": ""other""}, {""operation"": ""correct"", ""reference"": ""omah"", ""hypothesis"": ""omah"", ""langid"": ""other""}, {""operation"": ""correct"", ""reference"": ""gak"", ""hypothesis"": ""gak"", ""langid"": ""other""}, {""operation"": ""correct"", ""reference"": ""tau"", ""hypothesis"": ""tau"", ""langid"": ""other""}, {""operation"": ""correct"", ""reference"": ""gak"", ""hypothesis"": ""gak"", ""langid"": ""other""}, {""operation"": ""correct"", ""reference"": ""tau"", ""hypothesis"": ""tau"", ""langid"": ""other""}, {""operation"": ""substitution"", ""reference"": ""komen"", ""hypothesis"": ""kemen"", ""langid"": ""other""}]",wav2vec2,indonesian-nlp/wav2vec2-indonesian-javanese-sundanese,cpu
processed_indonesia/wav2vec2_300/02_vad/jember_196_0016.wav,"Woh, pokoke iku full nanjak pol.",derajat lai ga uh paku itu pul enangjak,"[""other""]",unknown,1.333333,"{""other"": {""deletions"": 0, ""insertions"": 2, ""reference_words"": 6, ""substitutions"": 6, ""wer"": 1.3333333333333333}}","[{""operation"": ""insertion"", ""reference"": """", ""hypothesis"": ""derajat"", ""langid"": ""other""}, {""operation"": ""insertion"", ""reference"": """", ""hypothesis"": ""lai"", ""langid"": ""other""}, {""operation"": ""substitution"", ""reference"": ""woh"", ""hypothesis"": ""ga"", ""langid"": ""other""}, {""operation"": ""substitution"", ""reference"": ""pokoke"", ""hypothesis"": ""uh"", ""langid"": ""other""}, {""operation"": ""substitution"", ""reference"": ""iku"", ""hypothesis"": ""paku"", ""langid"": ""other""}, {""operation"": ""substitution"", ""reference"": ""full"", ""hypothesis"": ""itu"", ""langid"": ""other""}, {""operation"": ""substitution"", ""reference"": ""nanjak"", ""hypothesis"": ""pul"", ""langid"": ""other""}, {""operation"": ""substitution"", ""reference"": ""pol"", ""hypothesis"": ""enangjak"", ""langid"": ""other""}]",wav2vec2,indonesian-nlp/wav2vec2-indonesian-javanese-sundanese,cpu
processed_indonesia/wav2vec2_300/02_vad/jember_065_0138.wav,"Těrus, e..., opo mênèh?",terus eu udy ka,"[""other""]",unknown,1.000000,"{""other"": {""deletions"": 0, ""insertions"": 0, ""reference_words"": 4, ""substitutions"": 4, ""wer"": 1.0}}","[{""operation"": ""substitution"", ""reference"": ""těrus"", ""hypothesis"": ""terus"", ""langid"": ""other""}, {""operation"": ""substitution"", ""reference"": ""e..."", ""hypothesis"": ""eu"", ""langid"": ""other""}, {""operation"": ""substitution"", ""reference"": ""opo"", ""hypothesis"": ""udy"", ""langid"": ""other""}, {""operation"": ""substitution"", ""reference"": ""mênèh"", ""hypothesis"": ""ka"", ""langid"": ""other""}]",wav2vec2,indonesian-nlp/wav2vec2-indonesian-javanese-sundanese,cpu
processed_indonesia/wav2vec2_300/02_vad/jember_144_0009.wav,Selagi kowe nduwe skill sing memadai nggo ngedit atau motret.,velakeikuendue sek sing pkmada enggo ngedete t motrat,"[""other""]",unknown,0.900000,"{""other"": {""deletions"": 2, ""insertions"": 0, ""reference_words"": 10, ""substitutions"": 7, ""wer"": 0.9}}","[{""operation"": ""deletion"", ""reference"": ""selagi"", ""hypothesis"": """", ""langid"": ""other""}, {""operation"": ""deletion"", ""reference"": ""kowe"", ""hypothesis"": """", ""langid"": ""other""}, {""operation"": ""substitution"", ""reference"": ""nduwe"", ""hypothesis"": ""velakeikuendue"", ""langid"": ""other""}, {""operation"": ""substitution"", ""reference"": ""skill"", ""hypothesis"": ""sek"", ""langid"": ""other""}, {""operation"": ""correct"", ""reference"": ""sing"", ""hypothesis"": ""sing"", ""langid"": ""other""}, {""operation"": ""substitution"", ""reference"": ""memadai"", ""hypothesis"": ""pkmada"", ""langid"": ""other""}, {""operation"": ""substitution"", ""reference"": ""nggo"", ""hypothesis"": ""enggo"", ""langid"": ""other""}, {""operation"": ""substitution"", ""reference"": ""ngedit"", ""hypothesis"": ""ngedete"", ""langid"": ""other""}, {""operation"": ""substitution"", ""reference"": ""atau"", ""hypothesis"": ""t"", ""langid"": ""other""}, {""operation"": ""substitution"", ""reference"": ""motret"", ""hypothesis"": ""motrat"", ""langid"": ""other""}]",wav2vec2,indonesian-nlp/wav2vec2-indonesian-javanese-sundanese,cpu
processed_indonesia/wav2vec2_300/02_vad/jember_067_0001.wav,Biasane ènèk kewan ternak apa ndèk daerahe sampeyan?,dia selarusnya enekkewann kernah apah di jaerah iu,"[""other""]",unknown,1.000000,"{""other"": {""deletions"": 0, ""insertions"": 0, ""reference_words"": 8, ""substitutions"": 8, ""wer"": 1.0}}","[{""operation"": ""substitution"", ""reference"": ""biasane"", ""hypothesis"": ""dia"", ""langid"": ""other""}, {""operation"": ""substitution"", ""reference"": ""ènèk"", ""hypothesis"": ""selarusnya"", ""langid"": ""other""}, {""operation"": ""substitution"", ""reference"": ""kewan"", ""hypothesis"": ""enekkewann"", ""langid"": ""other""}, {""operation"": ""substitution"", ""reference"": ""ternak"", ""hypothesis"": ""kernah"", ""langid"": ""other""}, {""operation"": ""substitution"", ""reference"": ""apa"", ""hypothesis"": ""apah"", ""langid"": ""other""}, {""operation"": ""substitution"", ""reference"": ""ndèk"", ""hypothesis"": ""di"", ""langid"": ""other""}, {""operation"": ""substitution"", ""reference"": ""daerahe"", ""hypothesis"": ""jaerah"", ""langid"": ""other""}, {""operation"": ""substitution"", ""reference"": ""sampeyan"", ""hypothesis"": ""iu"", ""langid"": ""other""}]",wav2vec2,indonesian-nlp/wav2vec2-indonesian-javanese-sundanese,cpu
processed_indonesia/wav2vec2_300/02_vad/jember_063_0036.wav,"Berartikan sampeyan backgrounde kan bênêran pertanian ngono ya, mulai têka sêkolah SMK sampèk saiki?",beradikan semean vibrodi kuis benerah pertanian mona hewkulai toka sekolah senkar sampai sautia,"[""other""]",unknown,0.928571,"{""other"": {""deletions"": 1, ""insertions"": 0, ""reference_words"": 14, ""substitutions"": 12, ""wer"": 0.9285714285714286}}","[{""operation"": ""substitution"", ""reference"": ""berartikan"", ""hypothesis"": ""beradikan"", ""langid"": ""other""}, {""operation"": ""substitution"", ""reference"": ""sampeyan"", ""hypothesis"": ""semean"", ""langid"": ""other""}, {""operation"": ""substitution"", ""reference"": ""backgrounde"", ""hypothesis"": ""vibrodi"", ""langid"": ""other""}, {""operation"": ""substitution"", ""reference"": ""kan"", ""hypothesis"": ""kuis"", ""langid"": ""other""}, {""operation"": ""substitution"", ""reference"": ""bênêran"", ""hypothesis"": ""benerah"", ""langid"": ""other""}, {""operation"": ""correct"", ""reference"": ""pertanian"", ""hypothesis"": ""pertanian"", ""langid"": ""other""}, {""operation"": ""deletion"", ""reference"": ""ngono"", ""hypothesis"": """", ""langid"": ""other""}, {""operation"": ""substitution"", ""reference"": ""ya"", ""hypothesis"": ""mona"", ""langid"": ""other""}, {""operation"": ""substitution"", ""reference"": ""mulai"", ""hypothesis"": ""hewkulai"", ""langid"": ""other""}, {""operation"": ""substitution"", ""reference"": ""têka"", ""hypothesis"": ""toka"", ""langid"": ""other""}, {""operation"": ""substitution"", ""reference"": ""sêkolah"", ""hypothesis"": ""sekolah"", ""langid"": ""other""}, {""operation"": ""substitution"", ""reference"": ""SMK"", ""hypothesis"": ""senkar"", ""langid"": ""other""}, {""operation"": ""substitution"", ""reference"": ""sampèk"", ""hypothesis"": ""sampai"", ""langid"": ""other""}, {""operation"": ""substitution"", ""reference"": ""saiki"", ""hypothesis"": ""sautia"", ""langid"": ""other""}]",wav2vec2,indonesian-nlp/wav2vec2-indonesian-javanese-sundanese,cpu
processed_indonesia/wav2vec2_300/02_vad/indonesian_dev_19aaa91db8284fd181bf4c5dc835fc94.wav,"Maka pengen tuh rasanya kita melihat bagaimana sih first world country, they work, how that, bagaimana cara mereka bisa menjadi negara-negara adidaya?Nah mungkin, aku pengen sih lihatnya bagaimana mereka bisa menggapai itu dari catatan masyarakatnya.",maka pingin tu rasanya kita melihat bagaimana i vars wat country dthework howudet bagaimana cara mereka bisa menjadi negara negaridaya a mungkin aku pengin lihatnya bagaimana mereka bisa menggapaia itu dari n masyarakatnya,"[""unknown""]",unknown,0.444444,"{""unknown"": {""deletions"": 3, ""insertions"": 0, ""reference_words"": 36, ""substitutions"": 13, ""wer"": 0.4444444444444444}}","[{""operation"": ""correct"", ""reference"": ""maka"", ""hypothesis"": ""maka"", ""langid"": ""unknown""}, {""operation"": ""substitution"", ""reference"": ""pengen"", ""hypothesis"": ""pingin"", ""langid"": ""unknown""}, {""operation"": ""substitution"", ""reference"": ""tuh"", ""hypothesis"": ""tu"", ""langid"": ""unknown""}, {""operation"": ""correct"", ""reference"": ""rasanya"", ""hypothesis"": ""rasanya"", ""langid"": ""unknown""}, {""operation"": ""correct"", ""reference"": ""kita"", ""hypothesis"": ""kita"", ""langid"": ""unknown""}, {""operation"": ""correct"", ""reference"": ""melihat"", ""hypothesis"": ""melihat"", ""langid"": ""unknown""}, {""operation"": ""correct"", ""reference"": ""bagaimana"", ""hypothesis"": ""bagaimana"", ""langid"": ""unknown""}, {""operation"": ""substitution"", ""reference"": ""sih"", ""hypothesis"": ""i"", ""langid"": ""unknown""}, {""operation"": ""substitution"", ""reference"": ""first"", ""hypothesis"": ""vars"", ""langid"": ""unknown""}, {""operation"": ""substitution"", ""reference"": ""world"", ""hypothesis"": ""wat"", ""langid"": ""unknown""}, {""operation"": ""correct"", ""reference"": ""country"", ""hypothesis"": ""country"", ""langid"": ""unknown""}, {""operation"": ""deletion"", ""reference"": ""they"", ""hypothesis"": """", ""langid"": ""unknown""}, {""operation"": ""deletion"", ""reference"": ""work"", ""hypothesis"": """", ""langid"": ""unknown""}, {""operation"": ""substitution"", ""reference"": ""how"", ""hypothesis"": ""dthework"", ""langid"": ""unknown""}, {""operation"": ""substitution"", ""reference"": ""that"", ""hypothesis"": ""howudet"", ""langid"": ""unknown""}, {""operation"": ""correct"", ""reference"": ""bagaimana"", ""hypothesis"": ""bagaimana"", ""langid"": ""unknown""}, {""operation"": ""correct"", ""reference"": ""cara"", ""hypothesis"": ""cara"", ""langid"": ""unknown""}, {""operation"": ""correct"", ""reference"": ""mereka"", ""hypothesis"": ""mereka"", ""langid"": ""unknown""}, {""operation"": ""correct"", ""reference"": ""bisa"", ""hypothesis"": ""bisa"", ""langid"": ""unknown""}, {""operation"": ""correct"", ""reference"": ""menjadi"", ""hypothesis"": ""menjadi"", ""langid"": ""unknown""}, {""operation"": ""substitution"", ""reference"": ""negara-negara"", ""hypothesis"": ""negara"", ""langid"": ""unknown""}, {""operation"": ""substitution"", ""reference"": ""adidaya"", ""hypothesis"": ""negaridaya"", ""langid"": ""unknown""}, {""operation"": ""substitution"", ""reference"": ""nah"", ""hypothesis"": ""a"", ""langid"": ""unknown""}, {""operation"": ""correct"", ""reference"": ""mungkin"", ""hypothesis"": ""mungkin"", ""langid"": ""unknown""}, {""operation"": ""correct"", ""reference"": ""aku"", ""hypothesis"": ""aku"", ""langid"": ""unknown""}, {""operation"": ""deletion"", ""reference"": ""pengen"", ""hypothesis"": """", ""langid"": ""unknown""}, {""operation"": ""substitution"", ""reference"": ""sih"", ""hypothesis"": ""pengin"", ""langid"": ""unknown""}, {""operation"": ""correct"", ""reference"": ""lihatnya"", ""hypothesis"": ""lihatnya"", ""langid"": ""unknown""}, {""operation"": ""correct"", ""reference"": ""bagaimana"", ""hypothesis"": ""bagaimana"", ""langid"": ""unknown""}, {""operation"": ""correct"", ""reference"": ""mereka"", ""hypothesis"": ""mereka"", ""langid"": ""unknown""}, {""operation"": ""correct"", ""reference"": ""bisa"", ""hypothesis"": ""bisa"", ""langid"": ""unknown""}, {""operation"": ""substitution"", ""reference"": ""menggapai"", ""hypothesis"": ""menggapaia"", ""langid"": ""unknown""}, {""operation"": ""correct"", ""reference"": ""itu"", ""hypothesis"": ""itu"", ""langid"": ""unknown""}, {""operation"": ""correct"", ""reference"": ""dari"", ""hypothesis"": ""dari"", ""langid"": ""unknown""}, {""operation"": ""substitution"", ""reference"": ""catatan"", ""hypothesis"": ""n"", ""langid"": ""unknown""}, {""operation"": ""correct"", ""reference"": ""masyarakatnya"", ""hypothesis"": ""masyarakatnya"", ""langid"": ""unknown""}]",wav2vec2,indonesian-nlp/wav2vec2-indonesian-javanese-sundanese,cpu
processed_indonesia/wav2vec2_300/02_vad/jember_161_0021.wav,"Dan, iku titik di mana mentalitasku jatuh.",ntaniku leditik dukanna mitaalytas ku cat,"[""other""]",unknown,1.000000,"{""other"": {""deletions"": 1, ""insertions"": 0, ""reference_words"": 7, ""substitutions"": 6, ""wer"": 1.0}}","[{""operation"": ""deletion"", ""reference"": ""dan"", ""hypothesis"": """", ""langid"": ""other""}, {""operation"": ""substitution"", ""reference"": ""iku"", ""hypothesis"": ""ntaniku"", ""langid"": ""other""}, {""operation"": ""substitution"", ""reference"": ""titik"", ""hypothesis"": ""leditik"", ""langid"": ""other""}, {""operation"": ""substitution"", ""reference"": ""di"", ""hypothesis"": ""dukanna"", ""langid"": ""other""}, {""operation"": ""substitution"", ""reference"": ""mana"", ""hypothesis"": ""mitaalytas"", ""langid"": ""other""}, {""operation"": ""substitution"", ""reference"": ""mentalitasku"", ""hypothesis"": ""ku"", ""langid"": ""other""}, {""operation"": ""substitution"", ""reference"": ""jatuh"", ""hypothesis"": ""cat"", ""langid"": ""other""}]",wav2vec2,indonesian-nlp/wav2vec2-indonesian-javanese-sundanese,cpu
processed_indonesia/wav2vec2_300/02_vad/jember_029_0050.wav,Dadi ben ngêrti pisan kehidupan ning njaba iku piye sih.,n nggak tati bin ngerti di san kehidupan engjobou pieseke,"[""other""]",unknown,1.000000,"{""other"": {""deletions"": 0, ""insertions"": 0, ""reference_words"": 10, ""substitutions"": 10, ""wer"": 1.0}}","[{""operation"": ""substitution"", ""reference"": ""dadi"", ""hypothesis"": ""n"", ""langid"": ""other""}, {""operation"": ""substitution"", ""reference"": ""ben"", ""hypothesis"": ""nggak"", ""langid"": ""other""}, {""operation"": ""substitution"", ""reference"": ""ngêrti"", ""hypothesis"": ""tati"", ""langid"": ""other""}, {""operation"": ""substitution"", ""reference"": ""pisan"", ""hypothesis"": ""bin"", ""langid"": ""other""}, {""operation"": ""substitution"", ""reference"": ""kehidupan"", ""hypothesis"": ""ngerti"", ""langid"": ""other""}, {""operation"": ""substitution"", ""reference"": ""ning"", ""hypothesis"": ""di"", ""langid"": ""other""}, {""operation"": ""substitution"", ""reference"": ""njaba"", ""hypothesis"": ""san"", ""langid"": ""other""}, {""operation"": ""substitution"", ""reference"": ""iku"", ""hypothesis"": ""kehidupan"", ""langid"": ""other""}, {""operation"": ""substitution"", ""reference"": ""piye"", ""hypothesis"": ""engjobou"", ""langid"": ""other""}, {""operation"": ""substitution"", ""reference"": ""sih"", ""hypothesis"": ""pieseke"", ""langid"": ""other""}]",wav2vec2,indonesian-nlp/wav2vec2-indonesian-javanese-sundanese,cpu
processed_indonesia/wav2vec2_300/02_vad/jember_036_0032.wav,Biasane jagongan iku wis.,ten inti biasa ni jagongan niku,"[""other""]",unknown,1.500000,"{""other"": {""deletions"": 0, ""insertions"": 2, ""reference_words"": 4, ""substitutions"": 4, ""wer"": 1.5}}","[{""operation"": ""insertion"", ""reference"": """", ""hypothesis"": ""ten"", ""langid"": ""other""}, {""operation"": ""insertion"", ""reference"": """", ""hypothesis"": ""inti"", ""langid"": ""other""}, {""operation"": ""substitution"", ""reference"": ""biasane"", ""hypothesis"": ""biasa"", ""langid"": ""other""}, {""operation"": ""substitution"", ""reference"": ""jagongan"", ""hypothesis"": ""ni"", ""langid"": ""other""}, {""operation"": ""substitution"", ""reference"": ""iku"", ""hypothesis"": ""jagongan"", ""langid"": ""other""}, {""operation"": ""substitution"", ""reference"": ""wis"", ""hypothesis"": ""niku"", ""langid"": ""other""}]",wav2vec2,indonesian-nlp/wav2vec2-indonesian-javanese-sundanese,cpu
processed_indonesia/wav2vec2_300/02_vad/jember_125_0014.wav,"Tapi, ya bar ngono turu, ngono.",hapi ubar munu duru,"[""other""]",unknown,1.000000,"{""other"": {""deletions"": 2, ""insertions"": 0, ""reference_words"": 6, ""substitutions"": 4, ""wer"": 1.0}}","[{""operation"": ""deletion"", ""reference"": ""tapi"", ""hypothesis"": """", ""langid"": ""other""}, {""operation"": ""deletion"", ""reference"": ""ya"", ""hypothesis"": """", ""langid"": ""other""}, {""operation"": ""substitution"", ""reference"": ""bar"", ""hypothesis"": ""hapi"", ""langid"": ""other""}, {""operation"": ""substitution"", ""reference"": ""ngono"", ""hypothesis"": ""ubar"", ""langid"": ""other""}, {""operation"": ""substitution"", ""reference"": ""turu"", ""hypothesis"": ""munu"", ""langid"": ""other""}, {""operation"": ""substitution"", ""reference"": ""ngono"", ""hypothesis"": ""duru"", ""langid"": ""other""}]",wav2vec2,indonesian-nlp/wav2vec2-indonesian-javanese-sundanese,cpu
processed_indonesia/wav2vec2_300/02_vad/jember_114_0012.wav,"Enak jawabane, soale jare sembako murah, těrus aman ndak ana,",artu enak pundak enak jaubani suale jari sembakku murah tus aman ndak anok,"[""other""]",unknown,0.900000,"{""other"": {""deletions"": 0, ""insertions"": 3, ""reference_words"": 10, ""substitutions"": 6, ""wer"": 0.9}}","[{""operation"": ""insertion"", ""reference"": """", ""hypothesis"": ""artu"", ""langid"": ""other""}, {""operation"": ""insertion"", ""reference"": """", ""hypothesis"": ""enak"", ""langid"": ""other""}, {""operation"": ""insertion"", ""reference"": """", ""hypothesis"": ""pundak"", ""langid"": ""other""}, {""operation"": ""correct"", ""reference"": ""enak"", ""hypothesis"": ""enak"", ""langid"": ""other""}, {""operation"": ""substitution"", ""reference"": ""jawabane"", ""hypothesis"": ""jaubani"", ""langid"": ""other""}, {""operation"": ""substitution"", ""reference"": ""soale"", ""hypothesis"": ""suale"", ""langid"": ""other""}, {""operation"": ""substitution"", ""reference"": ""jare"", ""hypothesis"": ""jari"", ""langid"": ""other""}, {""operation"": ""substitution"", ""reference"": ""sembako"", ""hypothesis"": ""sembakku"", ""langid"": ""other""}, {""operation"": ""correct"", ""reference"": ""murah"", ""hypothesis"": ""murah"", ""langid"": ""other""}, {""operation"": ""substitution"", ""reference"": ""těrus"", ""hypothesis"": ""tus"", ""langid"": ""other""}, {""operation"": ""correct"", ""reference"": ""aman"", ""hypothesis"": ""aman"", ""langid"": ""other""}, {""operation"": ""correct"", ""reference"": ""ndak"", ""hypothesis"": ""ndak"", ""langid"": ""other""}, {""operation"": ""substitution"", ""reference"": ""ana"", ""hypothesis"": ""anok"", ""langid"": ""other""}]",wav2vec2,indonesian-nlp/wav2vec2-indonesian-javanese-sundanese,cpu
processed_indonesia/wav2vec2_300/02_vad/jember_063_0043.wav,"Dadi, nèk SMK pertanian iki, apa ya, gak, nèng kelasku gak ènèk, ya SMK Pertanian iki cuma aku.",pang dari nek ese meca pertanian ki opywve gak nengungkelas uwi gak enek ya semka pertanian ki jumaat,"[""other""]",unknown,0.888889,"{""other"": {""deletions"": 1, ""insertions"": 1, ""reference_words"": 18, ""substitutions"": 14, ""wer"": 0.8888888888888888}}","[{""operation"": ""insertion"", ""reference"": """", ""hypothesis"": ""pang"", ""langid"": ""other""}, {""operation"": ""substitution"", ""reference"": ""dadi"", ""hypothesis"": ""dari"", ""langid"": ""other""}, {""operation"": ""substitution"", ""reference"": ""nèk"", ""hypothesis"": ""nek"", ""langid"": ""other""}, {""operation"": ""substitution"", ""reference"": ""SMK"", ""hypothesis"": ""ese"", ""langid"": ""other""}, {""operation"": ""substitution"", ""reference"": ""pertanian"", ""hypothesis"": ""meca"", ""langid"": ""other""}, {""operation"": ""substitution"", ""reference"": ""iki"", ""hypothesis"": ""pertanian"", ""langid"": ""other""}, {""operation"": ""substitution"", ""reference"": ""apa"", ""hypothesis"": ""ki"", ""langid"": ""other""}, {""operation"": ""substitution"", ""reference"": ""ya"", ""hypothesis"": ""opywve"", ""langid"": ""other""}, {""operation"": ""correct"", ""reference"": ""gak"", ""hypothesis"": ""gak"", ""langid"": ""other""}, {""operation"": ""substitution"", ""reference"": ""nèng"", ""hypothesis"": ""nengungkelas"", ""langid"": ""other""}, {""operation"": ""substitution"", ""reference"": ""kelasku"", ""hypothesis"": ""uwi"", ""langid"": ""other""}, {""operation"": ""correct"", ""reference"": ""gak"", ""hypothesis"": ""gak"", ""langid"": ""other""}, {""operation"": ""substitution"", ""reference"": ""ènèk"", ""hypothesis"": ""enek"", ""langid"": ""other""}, {""operation"": ""correct"", ""reference"": ""ya"", ""hypothesis"": ""ya"", ""langid"": ""other""}, {""operation"": ""deletion"", ""reference"": ""SMK"", ""hypothesis"": """", ""langid"": ""other""}, {""operation"": ""substitution"", ""reference"": ""Pertanian"", ""hypothesis"": ""semka"", ""langid"": ""other""}, {""operation"": ""substitution"", ""reference"": ""iki"", ""hypothesis"": ""pertanian"", ""langid"": ""other""}, {""operation"": ""substitution"", ""reference"": ""cuma"", ""hypothesis"": ""ki"", ""langid"": ""other""}, {""operation"": ""substitution"", ""reference"": ""aku"", ""hypothesis"": ""jumaat"", ""langid"": ""other""}]",wav2vec2,indonesian-nlp/wav2vec2-indonesian-javanese-sundanese,cpu
processed_indonesia/wav2vec2_300/02_vad/jember_049_0078.wav,"Ha, iki saiki gak isa dioprak-oprak aku Mbak, sakmarine rabi.",aki sayak gak iso di opera opera kumbak sak marne rabi,"[""other""]",unknown,1.000000,"{""other"": {""deletions"": 0, ""insertions"": 1, ""reference_words"": 10, ""substitutions"": 9, ""wer"": 1.0}}","[{""operation"": ""insertion"", ""reference"": """", ""hypothesis"": ""aki"", ""langid"": ""other""}, {""operation"": ""substitution"", ""reference"": ""ha"", ""hypothesis"": ""sayak"", ""langid"": ""other""}, {""operation"": ""substitution"", ""reference"": ""iki"", ""hypothesis"": ""gak"", ""langid"": ""other""}, {""operation"": ""substitution"", ""reference"": ""saiki"", ""hypothesis"": ""iso"", ""langid"": ""other""}, {""operation"": ""substitution"", ""reference"": ""gak"", ""hypothesis"": ""di"", ""langid"": ""other""}, {""operation"": ""substitution"", ""reference"": ""isa"", ""hypothesis"": ""opera"", ""langid"": ""other""}, {""operation"": ""substitution"", ""reference"": ""dioprak-oprak"", ""hypothesis"": ""opera"", ""langid"": ""other""}, {""operation"": ""substitution"", ""reference"": ""aku"", ""hypothesis"": ""kumbak"", ""langid"": ""other""}, {""operation"": ""substitution"", ""reference"": ""Mbak"", ""hypothesis"": ""sak"", ""langid"": ""other""}, {""operation"": ""substitution"", ""reference"": ""sakmarine"", ""hypothesis"": ""marne"", ""langid"": ""other""}, {""operation"": ""correct"", ""reference"": ""rabi"", ""hypothesis"": ""rabi"", ""langid"": ""other""}]",wav2vec2,indonesian-nlp/wav2vec2-indonesian-javanese-sundanese,cpu
processed_indonesia/wav2vec2_300/02_vad/jember_107_0049.wav,Aku ndêlok data têka Direktorat Jendral Perkebunan iki nèng Jawa Timur ki sing paling uwakèh ki nèng daerah Banyuwangi.,mpurukan yaa aku ndelok data tkedirektor gender perkabunan niki nengjawa timur ki sing paling akekin daerah banyu angi,"[""other""]",unknown,0.842105,"{""other"": {""deletions"": 1, ""insertions"": 0, ""reference_words"": 19, ""substitutions"": 15, ""wer"": 0.8421052631578947}}","[{""operation"": ""substitution"", ""reference"": ""aku"", ""hypothesis"": ""mpurukan"", ""langid"": ""other""}, {""operation"": ""substitution"", ""reference"": ""ndêlok"", ""hypothesis"": ""yaa"", ""langid"": ""other""}, {""operation"": ""substitution"", ""reference"": ""data"", ""hypothesis"": ""aku"", ""langid"": ""other""}, {""operation"": ""substitution"", ""reference"": ""têka"", ""hypothesis"": ""ndelok"", ""langid"": ""other""}, {""operation"": ""substitution"", ""reference"": ""Direktorat"", ""hypothesis"": ""data"", ""langid"": ""other""}, {""operation"": ""substitution"", ""reference"": ""Jendral"", ""hypothesis"": ""tkedirektor"", ""langid"": ""other""}, {""operation"": ""substitution"", ""reference"": ""Perkebunan"", ""hypothesis"": ""gender"", ""langid"": ""other""}, {""operation"": ""substitution"", ""reference"": ""iki"", ""hypothesis"": ""perkabunan"", ""langid"": ""other""}, {""operation"": ""substitution"", ""reference"": ""nèng"", ""hypothesis"": ""niki"", ""langid"": ""other""}, {""operation"": ""substitution"", ""reference"": ""Jawa"", ""hypothesis"": ""nengjawa"", ""langid"": ""other""}, {""operation"": ""substitution"", ""reference"": ""Timur"", ""hypothesis"": ""timur"", ""langid"": ""other""}, {""operation"": ""correct"", ""reference"": ""ki"", ""hypothesis"": ""ki"", ""langid"": ""other""}, {""operation"": ""correct"", ""reference"": ""sing"", ""hypothesis"": ""sing"", ""langid"": ""other""}, {""operation"": ""correct"", ""reference"": ""paling"", ""hypothesis"": ""paling"", ""langid"": ""other""}, {""operation"": ""deletion"", ""reference"": ""uwakèh"", ""hypothesis"": """", ""langid"": ""other""}, {""operation"": ""substitution"", ""reference"": ""ki"", ""hypothesis"": ""akekin"", ""langid"": ""other""}, {""operation"": ""substitution"", ""reference"": ""nèng"", ""hypothesis"": ""daerah"", ""langid"": ""other""}, {""operation"": ""substitution"", ""reference"": ""daerah"", ""hypothesis"": ""banyu"", ""langid"": ""other""}, {""operation"": ""substitution"", ""reference"": ""Banyuwangi"", ""hypothesis"": ""angi"", ""langid"": ""other""}]",wav2vec2,indonesian-nlp/wav2vec2-indonesian-javanese-sundanese,cpu
processed_indonesia/wav2vec2_300/02_vad/jember_023_0121.wav,"Em..., pokok gak gur ning omah ngene wis.",i pokok gak gurneng omah,"[""other""]",unknown,0.625000,"{""other"": {""deletions"": 3, ""insertions"": 0, ""reference_words"": 8, ""substitutions"": 2, ""wer"": 0.625}}","[{""operation"": ""substitution"", ""reference"": ""em..."", ""hypothesis"": ""i"", ""langid"": ""other""}, {""operation"": ""correct"", ""reference"": ""pokok"", ""hypothesis"": ""pokok"", ""langid"": ""other""}, {""operation"": ""correct"", ""reference"": ""gak"", ""hypothesis"": ""gak"", ""langid"": ""other""}, {""operation"": ""deletion"", ""reference"": ""gur"", ""hypothesis"": """", ""langid"": ""other""}, {""operation"": ""substitution"", ""reference"": ""ning"", ""hypothesis"": ""gurneng"", ""langid"": ""other""}, {""operation"": ""correct"", ""reference"": ""omah"", ""hypothesis"": ""omah"", ""langid"": ""other""}, {""operation"": ""deletion"", ""reference"": ""ngene"", ""hypothesis"": """", ""langid"": ""other""}, {""operation"": ""deletion"", ""reference"": ""wis"", ""hypothesis"": """", ""langid"": ""other""}]",wav2vec2,indonesian-nlp/wav2vec2-indonesian-javanese-sundanese,cpu
processed_indonesia/wav2vec2_300/02_vad/jember_206_0066.wav,"Misale, apa ya, ya apa lah ngono.",ane misale apa ya yoo,"[""other""]",unknown,0.714286,"{""other"": {""deletions"": 3, ""insertions"": 1, ""reference_words"": 7, ""substitutions"": 1, ""wer"": 0.7142857142857143}}","[{""operation"": ""insertion"", ""reference"": """", ""hypothesis"": ""ane"", ""langid"": ""other""}, {""operation"": ""correct"", ""reference"": ""misale"", ""hypothesis"": ""misale"", ""langid"": ""other""}, {""operation"": ""correct"", ""reference"": ""apa"", ""hypothesis"": ""apa"", ""langid"": ""other""}, {""operation"": ""deletion"", ""reference"": ""ya"", ""hypothesis"": """", ""langid"": ""other""}, {""operation"": ""correct"", ""reference"": ""ya"", ""hypothesis"": ""ya"", ""langid"": ""other""}, {""operation"": ""deletion"", ""reference"": ""apa"", ""hypothesis"": """", ""langid"": ""other""}, {""operation"": ""deletion"", ""reference"": ""lah"", ""hypothesis"": """", ""langid"": ""other""}, {""operation"": ""substitution"", ""reference"": ""ngono"", ""hypothesis"": ""yoo"", ""langid"": ""other""}]",wav2vec2,indonesian-nlp/wav2vec2-indonesian-javanese-sundanese,cpu
processed_indonesia/wav2vec2_300/02_vad/jember_112_0006.wav,"Ya, 50:50 lah ana sing sênêng sejarah, ana sing gak sênêng.",yo tiptivitilah anak sing senang sejarah anu sing kak senang,"[""unknown""]",unknown,0.750000,"{""unknown"": {""deletions"": 2, ""insertions"": 0, ""reference_words"": 12, ""substitutions"": 7, ""wer"": 0.75}}","[{""operation"": ""deletion"", ""reference"": ""ya"", ""hypothesis"": """", ""langid"": ""unknown""}, {""operation"": ""deletion"", ""reference"": ""50"", ""hypothesis"": """", ""langid"": ""unknown""}, {""operation"": ""substitution"", ""reference"": ""50"", ""hypothesis"": ""yo"", ""langid"": ""unknown""}, {""operation"": ""substitution"", ""reference"": ""lah"", ""hypothesis"": ""tiptivitilah"", ""langid"": ""unknown""}, {""operation"": ""substitution"", ""reference"": ""ana"", ""hypothesis"": ""anak"", ""langid"": ""unknown""}, {""operation"": ""correct"", ""reference"": ""sing"", ""hypothesis"": ""sing"", ""langid"": ""unknown""}, {""operation"": ""substitution"", ""reference"": ""sênêng"", ""hypothesis"": ""senang"", ""langid"": ""unknown""}, {""operation"": ""correct"", ""reference"": ""sejarah"", ""hypothesis"": ""sejarah"", ""langid"": ""unknown""}, {""operation"": ""substitution"", ""reference"": ""ana"", ""hypothesis"": ""anu"", ""langid"": ""unknown""}, {""operation"": ""correct"", ""reference"": ""sing"", ""hypothesis"": ""sing"", ""langid"": ""unknown""}, {""operation"": ""substitution"", ""reference"": ""gak"", ""hypothesis"": ""kak"", ""langid"": ""unknown""}, {""operation"": ""substitution"", ""reference"": ""sênêng"", ""hypothesis"": ""senang"", ""langid"": ""unknown""}]",wav2vec2,indonesian-nlp/wav2vec2-indonesian-javanese-sundanese,cpu
processed_indonesia/wav2vec2_300/02_vad/indonesian_dev_f0bb2ecdee824efbaca5be19441023ab.wav,"Sayangnya setelah beberapa tahun, mungkin ada kayaknya deh lima belasan tahun itu, aku nggak pernah lagi mengunjungi Museum Sangiran. Yah, semoga suatu saat ada kesempatan untuk mengunjungi museum tersebut.",sayumnya setelah beberapa tahun mungkin adah kaiknyadeh lima belasan taun itu aku nggak pernah lagi mengunjungi museum sangiran yah semoga suatu saat ada kesempatan untuk mengunjungi museum tersebut,"[""other""]",unknown,0.241379,"{""other"": {""deletions"": 1, ""insertions"": 0, ""reference_words"": 29, ""substitutions"": 6, ""wer"": 0.2413793103448276}}","[{""operation"": ""substitution"", ""reference"": ""sayangnya"", ""hypothesis"": ""sayumnya"", ""langid"": ""other""}, {""operation"": ""correct"", ""reference"": ""setelah"", ""hypothesis"": ""setelah"", ""langid"": ""other""}, {""operation"": ""correct"", ""reference"": ""beberapa"", ""hypothesis"": ""beberapa"", ""langid"": ""other""}, {""operation"": ""correct"", ""reference"": ""tahun"", ""hypothesis"": ""tahun"", ""langid"": ""other""}, {""operation"": ""correct"", ""reference"": ""mungkin"", ""hypothesis"": ""mungkin"", ""langid"": ""other""}, {""operation"": ""deletion"", ""reference"": ""ada"", ""hypothesis"": """", ""langid"": ""other""}, {""operation"": ""substitution"", ""reference"": ""kayaknya"", ""hypothesis"": ""adah"", ""langid"": ""other""}, {""operation"": ""substitution"", ""reference"": ""deh"", ""hypothesis"": ""kaiknyadeh"", ""langid"": ""other""}, {""operation"": ""correct"", ""reference"": ""lima"", ""hypothesis"": ""lima"", ""langid"": ""other""}, {""operation"": ""correct"", ""reference"": ""belasan"", ""hypothesis"": ""belasan"", ""langid"": ""other""}, {""operation"": ""substitution"", ""reference"": ""tahun"", ""hypothesis"": ""taun"", ""langid"": ""other""}, {""operation"": ""correct"", ""reference"": ""itu"", ""hypothesis"": ""itu"", ""langid"": ""other""}, {""operation"": ""correct"", ""reference"": ""aku"", ""hypothesis"": ""aku"", ""langid"": ""other""}, {""operation"": ""correct"", ""reference"": ""nggak"", ""hypothesis"": ""nggak"", ""langid"": ""other""}, {""operation"": ""correct"", ""reference"": ""pernah"", ""hypothesis"": ""pernah"", ""langid"": ""other""}, {""operation"": ""correct"", ""reference"": ""lagi"", ""hypothesis"": ""lagi"", ""langid"": ""other""}, {""operation"": ""correct"", ""reference"": ""mengunjungi"", ""hypothesis"": ""mengunjungi"", ""langid"": ""other""}, {""operation"": ""substitution"", ""reference"": ""Museum"", ""hypothesis"": ""museum"", ""langid"": ""other""}, {""operation"": ""substitution"", ""reference"": ""Sangiran"", ""hypothesis"": ""sangiran"", ""langid"": ""other""}, {""operation"": ""correct"", ""reference"": ""yah"", ""hypothesis"": ""yah"", ""langid"": ""other""}, {""operation"": ""correct"", ""reference"": ""semoga"", ""hypothesis"": ""semoga"", ""langid"": ""other""}, {""operation"": ""correct"", ""reference"": ""suatu"", ""hypothesis"": ""suatu"", ""langid"": ""other""}, {""operation"": ""correct"", ""reference"": ""saat"", ""hypothesis"": ""saat"", ""langid"": ""other""}, {""operation"": ""correct"", ""reference"": ""ada"", ""hypothesis"": ""ada"", ""langid"": ""other""}, {""operation"": ""correct"", ""reference"": ""kesempatan"", ""hypothesis"": ""kesempatan"", ""langid"": ""other""}, {""operation"": ""correct"", ""reference"": ""untuk"", ""hypothesis"": ""untuk"", ""langid"": ""other""}, {""operation"": ""correct"", ""reference"": ""mengunjungi"", ""hypothesis"": ""mengunjungi"", ""langid"": ""other""}, {""operation"": ""correct"", ""reference"": ""museum"", ""hypothesis"": ""museum"", ""langid"": ""other""}, {""operation"": ""correct"", ""reference"": ""tersebut"", ""hypothesis"": ""tersebut"", ""langid"": ""other""}]",wav2vec2,indonesian-nlp/wav2vec2-indonesian-javanese-sundanese,cpu
processed_indonesia/wav2vec2_300/02_vad/indonesian_dev_2dc03d473d1d44deb3e6c80ab6a11399.wav,"Gak memancing dan mungkin, iki ya apa jenengé... rodo.. rodo memprotes kebijakannya beliau. Nah bar kui pas waktu kene entok anu... entok apa namané... untuk gawe mading, gawelah yang hal-hal yang protes, terus kemudian slogan-slogan.",gak memancing dan mungkin ikiya apa janenge erodok produk memprotes kebijakane billiau nah barkui pas waktu nikinavin entuk an entu apanamane entuk kilmading gawelah banghal hal yang protes seterus kemudians logan selogan,"[""other""]",unknown,0.685714,"{""other"": {""deletions"": 4, ""insertions"": 1, ""reference_words"": 35, ""substitutions"": 19, ""wer"": 0.6857142857142857}}","[{""operation"": ""correct"", ""reference"": ""gak"", ""hypothesis"": ""gak"", ""langid"": ""other""}, {""operation"": ""correct"", ""reference"": ""memancing"", ""hypothesis"": ""memancing"", ""langid"": ""other""}, {""operation"": ""correct"", ""reference"": ""dan"", ""hypothesis"": ""dan"", ""langid"": ""other""}, {""operation"": ""correct"", ""reference"": ""mungkin"", ""hypothesis"": ""mungkin"", ""langid"": ""other""}, {""operation"": ""deletion"", ""reference"": ""iki"", ""hypothesis"": """", ""langid"": ""other""}, {""operation"": ""substitution"", ""reference"": ""ya"", ""hypothesis"": ""ikiya"", ""langid"": ""other""}, {""operation"": ""correct"", ""reference"": ""apa"", ""hypothesis"": ""apa"", ""langid"": ""other""}, {""operation"": ""substitution"", ""reference"": ""jenengé..."", ""hypothesis"": ""janenge"", ""langid"": ""other""}, {""operation"": ""substitution"", ""reference"": ""rodo"", ""hypothesis"": ""erodok"", ""langid"": ""other""}, {""operation"": ""substitution"", ""reference"": ""rodo"", ""hypothesis"": ""produk"", ""langid"": ""other""}, {""operation"": ""correct"", ""reference"": ""memprotes"", ""hypothesis"": ""memprotes"", ""langid"": ""other""}, {""operation"": ""substitution"", ""reference"": ""kebijakannya"", ""hypothesis"": ""kebijakane"", ""langid"": ""other""}, {""operation"": ""substitution"", ""reference"": ""beliau"", ""hypothesis"": ""billiau"", ""langid"": ""other""}, {""operation"": ""correct"", ""reference"": ""nah"", ""hypothesis"": ""nah"", ""langid"": ""other""}, {""operation"": ""deletion"", ""reference"": ""bar"", ""hypothesis"": """", ""langid"": ""other""}, {""operation"": ""substitution"", ""reference"": ""kui"", ""hypothesis"": ""barkui"", ""langid"": ""other""}, {""operation"": ""correct"", ""reference"": ""pas"", ""hypothesis"": ""pas"", ""langid"": ""other""}, {""operation"": ""correct"", ""reference"": ""waktu"", ""hypothesis"": ""waktu"", ""langid"": ""other""}, {""operation"": ""deletion"", ""reference"": ""kene"", ""hypothesis"": """", ""langid"": ""other""}, {""operation"": ""deletion"", ""reference"": ""entok"", ""hypothesis"": """", ""langid"": ""other""}, {""operation"": ""substitution"", ""reference"": ""anu..."", ""hypothesis"": ""nikinavin"", ""langid"": ""other""}, {""operation"": ""substitution"", ""reference"": ""entok"", ""hypothesis"": ""entuk"", ""langid"": ""other""}, {""operation"": ""substitution"", ""reference"": ""apa"", ""hypothesis"": ""an"", ""langid"": ""other""}, {""operation"": ""substitution"", ""reference"": ""namané..."", ""hypothesis"": ""entu"", ""langid"": ""other""}, {""operation"": ""substitution"", ""reference"": ""untuk"", ""hypothesis"": ""apanamane"", ""langid"": ""other""}, {""operation"": ""substitution"", ""reference"": ""gawe"", ""hypothesis"": ""entuk"", ""langid"": ""other""}, {""operation"": ""substitution"", ""reference"": ""mading"", ""hypothesis"": ""kilmading"", ""langid"": ""other""}, {""operation"": ""correct"", ""reference"": ""gawelah"", ""hypothesis"": ""gawelah"", ""langid"": ""other""}, {""operation"": ""substitution"", ""reference"": ""yang"", ""hypothesis"": ""banghal"", ""langid"": ""other""}, {""operation"": ""substitution"", ""reference"": ""hal-hal"", ""hypothesis"": ""hal"", ""langid"": ""other""}, {""operation"": ""correct"", ""reference"": ""yang"", ""hypothesis"": ""yang"", ""langid"": ""other""}, {""operation"": ""correct"", ""reference"": ""protes"", ""hypothesis"": ""protes"", ""langid"": ""other""}, {""operation"": ""insertion"", ""reference"": """", ""hypothesis"": ""seterus"", ""langid"": ""other""}, {""operation"": ""substitution"", ""reference"": ""terus"", ""hypothesis"": ""kemudians"", ""langid"": ""other""}, {""operation"": ""substitution"", ""reference"": ""kemudian"", ""hypothesis"": ""logan"", ""langid"": ""other""}, {""operation"": ""substitution"", ""reference"": ""slogan-slogan"", ""hypothesis"": ""selogan"", ""langid"": ""other""}]",wav2vec2,indonesian-nlp/wav2vec2-indonesian-javanese-sundanese,cpu
processed_indonesia/wav2vec2_300/02_vad/jember_068_0002.wav,"Nèk aku pribadi kan aku kuliah karo ya ngopèn-ngopèn lah, ngopèn-ngopèn kambing korban, těrus nandur-nandur, ngolah lahan ya.",nek aku pribadi kan aku guliah karo ya ngopen ngopenlah ngepen ngepena nampi kurban terus nandurgalah lahan,"[""other""]",unknown,0.611111,"{""other"": {""deletions"": 1, ""insertions"": 0, ""reference_words"": 18, ""substitutions"": 10, ""wer"": 0.6111111111111112}}","[{""operation"": ""substitution"", ""reference"": ""nèk"", ""hypothesis"": ""nek"", ""langid"": ""other""}, {""operation"": ""correct"", ""reference"": ""aku"", ""hypothesis"": ""aku"", ""langid"": ""other""}, {""operation"": ""correct"", ""reference"": ""pribadi"", ""hypothesis"": ""pribadi"", ""langid"": ""other""}, {""operation"": ""correct"", ""reference"": ""kan"", ""hypothesis"": ""kan"", ""langid"": ""other""}, {""operation"": ""correct"", ""reference"": ""aku"", ""hypothesis"": ""aku"", ""langid"": ""other""}, {""operation"": ""substitution"", ""reference"": ""kuliah"", ""hypothesis"": ""guliah"", ""langid"": ""other""}, {""operation"": ""correct"", ""reference"": ""karo"", ""hypothesis"": ""karo"", ""langid"": ""other""}, {""operation"": ""correct"", ""reference"": ""ya"", ""hypothesis"": ""ya"", ""langid"": ""other""}, {""operation"": ""substitution"", ""reference"": ""ngopèn-ngopèn"", ""hypothesis"": ""ngopen"", ""langid"": ""other""}, {""operation"": ""substitution"", ""reference"": ""lah"", ""hypothesis"": ""ngopenlah"", ""langid"": ""other""}, {""operation"": ""substitution"", ""reference"": ""ngopèn-ngopèn"", ""hypothesis"": ""ngepen"", ""langid"": ""other""}, {""operation"": ""substitution"", ""reference"": ""kambing"", ""hypothesis"": ""ngepena"", ""langid"": ""other""}, {""operation"": ""substitution"", ""reference"": ""korban"", ""hypothesis"": ""nampi"", ""langid"": ""other""}, {""operation"": ""substitution"", ""reference"": ""těrus"", ""hypothesis"": ""kurban"", ""langid"": ""other""}, {""operation"": ""substitution"", ""reference"": ""nandur-nandur"", ""hypothesis"": ""terus"", ""langid"": ""other""}, {""operation"": ""substitution"", ""reference"": ""ngolah"", ""hypothesis"": ""nandurgalah"", ""langid"": ""other""}, {""operation"": ""correct"", ""reference"": ""lahan"", ""hypothesis"": ""lahan"", ""langid"": ""other""}, {""operation"": ""deletion"", ""reference"": ""ya"", ""hypothesis"": """", ""langid"": ""other""}]",wav2vec2,indonesian-nlp/wav2vec2-indonesian-javanese-sundanese,cpu
processed_indonesia/wav2vec2_300/02_vad/jember_031_0015.wav,Lèk ngisore kuwi ya wis akèh sing lulusan SMA.,pendidikan terakhir masyarakat kennik kui ya rado rotolekwaruh baya usia umur petang puluan menduwur ya kui nletter mletter pletter,"[""other""]",unknown,2.000000,"{""other"": {""deletions"": 0, ""insertions"": 10, ""reference_words"": 9, ""substitutions"": 8, ""wer"": 2.0}}","[{""operation"": ""insertion"", ""reference"": """", ""hypothesis"": ""pendidikan"", ""langid"": ""other""}, {""operation"": ""insertion"", ""reference"": """", ""hypothesis"": ""terakhir"", ""langid"": ""other""}, {""operation"": ""substitution"", ""reference"": ""lèk"", ""hypothesis"": ""masyarakat"", ""langid"": ""other""}, {""operation"": ""substitution"", ""reference"": ""ngisore"", ""hypothesis"": ""kennik"", ""langid"": ""other""}, {""operation"": ""substitution"", ""reference"": ""kuwi"", ""hypothesis"": ""kui"", ""langid"": ""other""}, {""operation"": ""correct"", ""reference"": ""ya"", ""hypothesis"": ""ya"", ""langid"": ""other""}, {""operation"": ""insertion"", ""reference"": """", ""hypothesis"": ""rado"", ""langid"": ""other""}, {""operation"": ""insertion"", ""reference"": """", ""hypothesis"": ""rotolekwaruh"", ""langid"": ""other""}, {""operation"": ""insertion"", ""reference"": """", ""hypothesis"": ""baya"", ""langid"": ""other""}, {""operation"": ""insertion"", ""reference"": """", ""hypothesis"": ""usia"", ""langid"": ""other""}, {""operation"": ""insertion"", ""reference"": """", ""hypothesis"": ""umur"", ""langid"": ""other""}, {""operation"": ""insertion"", ""reference"": """", ""hypothesis"": ""petang"", ""langid"": ""other""}, {""operation"": ""insertion"", ""reference"": """", ""hypothesis"": ""puluan"", ""langid"": ""other""}, {""operation"": ""insertion"", ""reference"": """", ""hypothesis"": ""menduwur"", ""langid"": ""other""}, {""operation"": ""substitution"", ""reference"": ""wis"", ""hypothesis"": ""ya"", ""langid"": ""other""}, {""operation"": ""substitution"", ""reference"": ""akèh"", ""hypothesis"": ""kui"", ""langid"": ""other""}, {""operation"": ""substitution"", ""reference"": ""sing"", ""hypothesis"": ""nletter"", ""langid"": ""other""}, {""operation"": ""substitution"", ""reference"": ""lulusan"", ""hypothesis"": ""mletter"", ""langid"": ""other""}, {""operation"": ""substitution"", ""reference"": ""SMA"", ""hypothesis"": ""pletter"", ""langid"": ""other""}]",wav2vec2,indonesian-nlp/wav2vec2-indonesian-javanese-sundanese,cpu
processed_indonesia/wav2vec2_300/02_vad/jember_142_0006.wav,"E..., nah, nèk pas nèng omah iki aku kadang mamaku, apa jênênge?",oh pernah nggak pesenung ngumaik awuh kadang mamaku,"[""other""]",unknown,0.833333,"{""other"": {""deletions"": 4, ""insertions"": 0, ""reference_words"": 12, ""substitutions"": 6, ""wer"": 0.8333333333333334}}","[{""operation"": ""deletion"", ""reference"": ""e..."", ""hypothesis"": """", ""langid"": ""other""}, {""operation"": ""deletion"", ""reference"": ""nah"", ""hypothesis"": """", ""langid"": ""other""}, {""operation"": ""substitution"", ""reference"": ""nèk"", ""hypothesis"": ""oh"", ""langid"": ""other""}, {""operation"": ""substitution"", ""reference"": ""pas"", ""hypothesis"": ""pernah"", ""langid"": ""other""}, {""operation"": ""substitution"", ""reference"": ""nèng"", ""hypothesis"": ""nggak"", ""langid"": ""other""}, {""operation"": ""substitution"", ""reference"": ""omah"", ""hypothesis"": ""pesenung"", ""langid"": ""other""}, {""operation"": ""substitution"", ""reference"": ""iki"", ""hypothesis"": ""ngumaik"", ""langid"": ""other""}, {""operation"": ""substitution"", ""reference"": ""aku"", ""hypothesis"": ""awuh"", ""langid"": ""other""}, {""operation"": ""correct"", ""reference"": ""kadang"", ""hypothesis"": ""kadang"", ""langid"": ""other""}, {""operation"": ""correct"", ""reference"": ""mamaku"", ""hypothesis"": ""mamaku"", ""langid"": ""other""}, {""operation"": ""deletion"", ""reference"": ""apa"", ""hypothesis"": """", ""langid"": ""other""}, {""operation"": ""deletion"", ""reference"": ""jênênge"", ""hypothesis"": """", ""langid"": ""other""}]",wav2vec2,indonesian-nlp/wav2vec2-indonesian-javanese-sundanese,cpu
processed_indonesia/wav2vec2_300/02_vad/jember_065_0019.wav,"Apa ya, ndèk sêkitar daerah aku magang, soale kan aku magang nèng kêbon kelapa sawit nèng Kalimantan têngah.",apayak sekitar daerah aku magang ransole kan aku magang neng kebon klapa sawit angkaliman tan tengah,"[""other""]",unknown,0.611111,"{""other"": {""deletions"": 2, ""insertions"": 0, ""reference_words"": 18, ""substitutions"": 9, ""wer"": 0.6111111111111112}}","[{""operation"": ""deletion"", ""reference"": ""apa"", ""hypothesis"": """", ""langid"": ""other""}, {""operation"": ""deletion"", ""reference"": ""ya"", ""hypothesis"": """", ""langid"": ""other""}, {""operation"": ""substitution"", ""reference"": ""ndèk"", ""hypothesis"": ""apayak"", ""langid"": ""other""}, {""operation"": ""substitution"", ""reference"": ""sêkitar"", ""hypothesis"": ""sekitar"", ""langid"": ""other""}, {""operation"": ""correct"", ""reference"": ""daerah"", ""hypothesis"": ""daerah"", ""langid"": ""other""}, {""operation"": ""correct"", ""reference"": ""aku"", ""hypothesis"": ""aku"", ""langid"": ""other""}, {""operation"": ""correct"", ""reference"": ""magang"", ""hypothesis"": ""magang"", ""langid"": ""other""}, {""operation"": ""substitution"", ""reference"": ""soale"", ""hypothesis"": ""ransole"", ""langid"": ""other""}, {""operation"": ""correct"", ""reference"": ""kan"", ""hypothesis"": ""kan"", ""langid"": ""other""}, {""operation"": ""correct"", ""reference"": ""aku"", ""hypothesis"": ""aku"", ""langid"": ""other""}, {""operation"": ""correct"", ""reference"": ""magang"", ""hypothesis"": ""magang"", ""langid"": ""other""}, {""operation"": ""substitution"", ""reference"": ""nèng"", ""hypothesis"": ""neng"", ""langid"": ""other""}, {""operation"": ""substitution"", ""reference"": ""kêbon"", ""hypothesis"": ""kebon"", ""langid"": ""other""}, {""operation"": ""substitution"", ""reference"": ""kelapa"", ""hypothesis"": ""klapa"", ""langid"": ""other""}, {""operation"": ""correct"", ""reference"": ""sawit"", ""hypothesis"": ""sawit"", ""langid"": ""other""}, {""operation"": ""substitution"", ""reference"": ""nèng"", ""hypothesis"": ""angkaliman"", ""langid"": ""other""}, {""operation"": ""substitution"", ""reference"": ""Kalimantan"", ""hypothesis"": ""tan"", ""langid"": ""other""}, {""operation"": ""substitution"", ""reference"": ""têngah"", ""hypothesis"": ""tengah"", ""langid"": ""other""}]",wav2vec2,indonesian-nlp/wav2vec2-indonesian-javanese-sundanese,cpu
processed_indonesia/wav2vec2_300/02_vad/jember_085_0015.wav,"Dadi, nèng mripat ya têtêp seger, masio rada ngantuk sak ithik lèk rada suwi macane.",sikiku dadi nang mripad ya tetup seger masih rodok ngantuk saidi lik rodok suwi mocani,"[""other""]",unknown,0.733333,"{""other"": {""deletions"": 1, ""insertions"": 1, ""reference_words"": 15, ""substitutions"": 9, ""wer"": 0.7333333333333333}}","[{""operation"": ""insertion"", ""reference"": """", ""hypothesis"": ""sikiku"", ""langid"": ""other""}, {""operation"": ""correct"", ""reference"": ""dadi"", ""hypothesis"": ""dadi"", ""langid"": ""other""}, {""operation"": ""substitution"", ""reference"": ""nèng"", ""hypothesis"": ""nang"", ""langid"": ""other""}, {""operation"": ""substitution"", ""reference"": ""mripat"", ""hypothesis"": ""mripad"", ""langid"": ""other""}, {""operation"": ""correct"", ""reference"": ""ya"", ""hypothesis"": ""ya"", ""langid"": ""other""}, {""operation"": ""substitution"", ""reference"": ""têtêp"", ""hypothesis"": ""tetup"", ""langid"": ""other""}, {""operation"": ""correct"", ""reference"": ""seger"", ""hypothesis"": ""seger"", ""langid"": ""other""}, {""operation"": ""substitution"", ""reference"": ""masio"", ""hypothesis"": ""masih"", ""langid"": ""other""}, {""operation"": ""substitution"", ""reference"": ""rada"", ""hypothesis"": ""rodok"", ""langid"": ""other""}, {""operation"": ""correct"", ""reference"": ""ngantuk"", ""hypothesis"": ""ngantuk"", ""langid"": ""other""}, {""operation"": ""deletion"", ""reference"": ""sak"", ""hypothesis"": """", ""langid"": ""other""}, {""operation"": ""substitution"", ""reference"": ""ithik"", ""hypothesis"": ""saidi"", ""langid"": ""other""}, {""operation"": ""substitution"", ""reference"": ""lèk"", ""hypothesis"": ""lik"", ""langid"": ""other""}, {""operation"": ""substitution"", ""reference"": ""rada"", ""hypothesis"": ""rodok"", ""langid"": ""other""}, {""operation"": ""correct"", ""reference"": ""suwi"", ""hypothesis"": ""suwi"", ""langid"": ""other""}, {""operation"": ""substitution"", ""reference"": ""macane"", ""hypothesis"": ""mocani"", ""langid"": ""other""}]",wav2vec2,indonesian-nlp/wav2vec2-indonesian-javanese-sundanese,cpu
processed_indonesia/wav2vec2_300/02_vad/jember_186_0005.wav,"Tapi lèk misale liburane awak dhewe mek liburan a mbêk kanca-kanca utawa liburan dhewean iku, e, nggak usah nggawa olèh-olèh pisan nggak papa.",ota pilek misale liburannek dewe mek liburan ambek kanca kanca utaa liburan di wiyan niku e kak osa nggawa oleh oleh pisan nggak pap,"[""other""]",unknown,0.739130,"{""other"": {""deletions"": 1, ""insertions"": 2, ""reference_words"": 23, ""substitutions"": 14, ""wer"": 0.7391304347826086}}","[{""operation"": ""substitution"", ""reference"": ""tapi"", ""hypothesis"": ""ota"", ""langid"": ""other""}, {""operation"": ""substitution"", ""reference"": ""lèk"", ""hypothesis"": ""pilek"", ""langid"": ""other""}, {""operation"": ""correct"", ""reference"": ""misale"", ""hypothesis"": ""misale"", ""langid"": ""other""}, {""operation"": ""deletion"", ""reference"": ""liburane"", ""hypothesis"": """", ""langid"": ""other""}, {""operation"": ""substitution"", ""reference"": ""awak"", ""hypothesis"": ""liburannek"", ""langid"": ""other""}, {""operation"": ""substitution"", ""reference"": ""dhewe"", ""hypothesis"": ""dewe"", ""langid"": ""other""}, {""operation"": ""correct"", ""reference"": ""mek"", ""hypothesis"": ""mek"", ""langid"": ""other""}, {""operation"": ""correct"", ""reference"": ""liburan"", ""hypothesis"": ""liburan"", ""langid"": ""other""}, {""operation"": ""substitution"", ""reference"": ""a"", ""hypothesis"": ""ambek"", ""langid"": ""other""}, {""operation"": ""substitution"", ""reference"": ""mbêk"", ""hypothesis"": ""kanca"", ""langid"": ""other""}, {""operation"": ""substitution"", ""reference"": ""kanca-kanca"", ""hypothesis"": ""kanca"", ""langid"": ""other""}, {""operation"": ""substitution"", ""reference"": ""utawa"", ""hypothesis"": ""utaa"", ""langid"": ""other""}, {""operation"": ""correct"", ""reference"": ""liburan"", ""hypothesis"": ""liburan"", ""langid"": ""other""}, {""operation"": ""insertion"", ""reference"": """", ""hypothesis"": ""di"", ""langid"": ""other""}, {""operation"": ""substitution"", ""reference"": ""dhewean"", ""hypothesis"": ""wiyan"", ""langid"": ""other""}, {""operation"": ""substitution"", ""reference"": ""iku"", ""hypothesis"": ""niku"", ""langid"": ""other""}, {""operation"": ""correct"", ""reference"": ""e"", ""hypothesis"": ""e"", ""langid"": ""other""}, {""operation"": ""substitution"", ""reference"": ""nggak"", ""hypothesis"": ""kak"", ""langid"": ""other""}, {""operation"": ""substitution"", ""reference"": ""usah"", ""hypothesis"": ""osa"", ""langid"": ""other""}, {""operation"": ""correct"", ""reference"": ""nggawa"", ""hypothesis"": ""nggawa"", ""langid"": ""other""}, {""operation"": ""insertion"", ""reference"": """", ""hypothesis"": ""oleh"", ""langid"": ""other""}, {""operation"": ""substitution"", ""reference"": ""olèh-olèh"", ""hypothesis"": ""oleh"", ""langid"": ""other""}, {""operation"": ""correct"", ""reference"": ""pisan"", ""hypothesis"": ""pisan"", ""langid"": ""other""}, {""operation"": ""correct"", ""reference"": ""nggak"", ""hypothesis"": ""nggak"", ""langid"": ""other""}, {""operation"": ""substitution"", ""reference"": ""papa"", ""hypothesis"": ""pap"", ""langid"": ""other""}]",wav2vec2,indonesian-nlp/wav2vec2-indonesian-javanese-sundanese,cpu
processed_indonesia/wav2vec2_300/02_vad/jember_195_0013.wav,"Dadi, woh, iku keren sih, sumpah keren.",awa tebi wah itu keransi jemgatakan,"[""other""]",unknown,1.000000,"{""other"": {""deletions"": 1, ""insertions"": 0, ""reference_words"": 7, ""substitutions"": 6, ""wer"": 1.0}}","[{""operation"": ""deletion"", ""reference"": ""dadi"", ""hypothesis"": """", ""langid"": ""other""}, {""operation"": ""substitution"", ""reference"": ""woh"", ""hypothesis"": ""awa"", ""langid"": ""other""}, {""operation"": ""substitution"", ""reference"": ""iku"", ""hypothesis"": ""tebi"", ""langid"": ""other""}, {""operation"": ""substitution"", ""reference"": ""keren"", ""hypothesis"": ""wah"", ""langid"": ""other""}, {""operation"": ""substitution"", ""reference"": ""sih"", ""hypothesis"": ""itu"", ""langid"": ""other""}, {""operation"": ""substitution"", ""reference"": ""sumpah"", ""hypothesis"": ""keransi"", ""langid"": ""other""}, {""operation"": ""substitution"", ""reference"": ""keren"", ""hypothesis"": ""jemgatakan"", ""langid"": ""other""}]",wav2vec2,indonesian-nlp/wav2vec2-indonesian-javanese-sundanese,cpu
processed_indonesia/wav2vec2_300/02_vad/jember_024_0076.wav,"Menurut Anda, apa saja kegiatan sehari-hari yang pênting dan bermanfaat agar kualitas hidup Anda tetap terjaga? Dan, kenapa?",murlanda apa sa jalugiata zarer yang muting don berman faatakark kualitas hidup anda gita terjaga danka,"[""other""]",unknown,0.722222,"{""other"": {""deletions"": 2, ""insertions"": 0, ""reference_words"": 18, ""substitutions"": 11, ""wer"": 0.7222222222222222}}","[{""operation"": ""deletion"", ""reference"": ""menurut"", ""hypothesis"": """", ""langid"": ""other""}, {""operation"": ""substitution"", ""reference"": ""Anda"", ""hypothesis"": ""murlanda"", ""langid"": ""other""}, {""operation"": ""correct"", ""reference"": ""apa"", ""hypothesis"": ""apa"", ""langid"": ""other""}, {""operation"": ""substitution"", ""reference"": ""saja"", ""hypothesis"": ""sa"", ""langid"": ""other""}, {""operation"": ""substitution"", ""reference"": ""kegiatan"", ""hypothesis"": ""jalugiata"", ""langid"": ""other""}, {""operation"": ""substitution"", ""reference"": ""sehari-hari"", ""hypothesis"": ""zarer"", ""langid"": ""other""}, {""operation"": ""correct"", ""reference"": ""yang"", ""hypothesis"": ""yang"", ""langid"": ""other""}, {""operation"": ""substitution"", ""reference"": ""pênting"", ""hypothesis"": ""muting"", ""langid"": ""other""}, {""operation"": ""substitution"", ""reference"": ""dan"", ""hypothesis"": ""don"", ""langid"": ""other""}, {""operation"": ""substitution"", ""reference"": ""bermanfaat"", ""hypothesis"": ""berman"", ""langid"": ""other""}, {""operation"": ""substitution"", ""reference"": ""agar"", ""hypothesis"": ""faatakark"", ""langid"": ""other""}, {""operation"": ""correct"", ""reference"": ""kualitas"", ""hypothesis"": ""kualitas"", ""langid"": ""other""}, {""operation"": ""correct"", ""reference"": ""hidup"", ""hypothesis"": ""hidup"", ""langid"": ""other""}, {""operation"": ""substitution"", ""reference"": ""Anda"", ""hypothesis"": ""anda"", ""langid"": ""other""}, {""operation"": ""substitution"", ""reference"": ""tetap"", ""hypothesis"": ""gita"", ""langid"": ""other""}, {""operation"": ""correct"", ""reference"": ""terjaga"", ""hypothesis"": ""terjaga"", ""langid"": ""other""}, {""operation"": ""deletion"", ""reference"": ""dan"", ""hypothesis"": """", ""langid"": ""other""}, {""operation"": ""substitution"", ""reference"": ""kenapa"", ""hypothesis"": ""danka"", ""langid"": ""other""}]",wav2vec2,indonesian-nlp/wav2vec2-indonesian-javanese-sundanese,cpu
processed_indonesia/wav2vec2_300/02_vad/jember_044_0093.wav,"Eh, Bapakmu nggak sayang. Hoh, ngono ngomonge.",di ka lak mu kak sayang ruh nerin alerah,"[""other""]",unknown,1.142857,"{""other"": {""deletions"": 0, ""insertions"": 2, ""reference_words"": 7, ""substitutions"": 6, ""wer"": 1.1428571428571428}}","[{""operation"": ""insertion"", ""reference"": """", ""hypothesis"": ""di"", ""langid"": ""other""}, {""operation"": ""insertion"", ""reference"": """", ""hypothesis"": ""ka"", ""langid"": ""other""}, {""operation"": ""substitution"", ""reference"": ""eh"", ""hypothesis"": ""lak"", ""langid"": ""other""}, {""operation"": ""substitution"", ""reference"": ""Bapakmu"", ""hypothesis"": ""mu"", ""langid"": ""other""}, {""operation"": ""substitution"", ""reference"": ""nggak"", ""hypothesis"": ""kak"", ""langid"": ""other""}, {""operation"": ""correct"", ""reference"": ""sayang"", ""hypothesis"": ""sayang"", ""langid"": ""other""}, {""operation"": ""substitution"", ""reference"": ""hoh"", ""hypothesis"": ""ruh"", ""langid"": ""other""}, {""operation"": ""substitution"", ""reference"": ""ngono"", ""hypothesis"": ""nerin"", ""langid"": ""other""}, {""operation"": ""substitution"", ""reference"": ""ngomonge"", ""hypothesis"": ""alerah"", ""langid"": ""other""}]",wav2vec2,indonesian-nlp/wav2vec2-indonesian-javanese-sundanese,cpu
processed_indonesia/wav2vec2_300/02_vad/jember_124_0016.wav,"Dadi ngono, dadi, o, Pak Gedhe wis nggarap sing model ngene iki, piye nèk misale iki model sing digarap Pak Gedhe iki tak gawa mrene? ngono.",elele lok bingee ana dadi ngano jadi opak gedhe wis eh wis nggarap sing modhel ngiliki pienek misale iki modhel sing digarap lagede ki takguwummern,"[""other""]",unknown,0.884615,"{""other"": {""deletions"": 4, ""insertions"": 3, ""reference_words"": 26, ""substitutions"": 16, ""wer"": 0.8846153846153846}}","[{""operation"": ""insertion"", ""reference"": """", ""hypothesis"": ""elele"", ""langid"": ""other""}, {""operation"": ""insertion"", ""reference"": """", ""hypothesis"": ""lok"", ""langid"": ""other""}, {""operation"": ""substitution"", ""reference"": ""dadi"", ""hypothesis"": ""bingee"", ""langid"": ""other""}, {""operation"": ""substitution"", ""reference"": ""ngono"", ""hypothesis"": ""ana"", ""langid"": ""other""}, {""operation"": ""correct"", ""reference"": ""dadi"", ""hypothesis"": ""dadi"", ""langid"": ""other""}, {""operation"": ""insertion"", ""reference"": """", ""hypothesis"": ""ngano"", ""langid"": ""other""}, {""operation"": ""substitution"", ""reference"": ""o"", ""hypothesis"": ""jadi"", ""langid"": ""other""}, {""operation"": ""substitution"", ""reference"": ""Pak"", ""hypothesis"": ""opak"", ""langid"": ""other""}, {""operation"": ""substitution"", ""reference"": ""Gedhe"", ""hypothesis"": ""gedhe"", ""langid"": ""other""}, {""operation"": ""correct"", ""reference"": ""wis"", ""hypothesis"": ""wis"", ""langid"": ""other""}, {""operation"": ""substitution"", ""reference"": ""nggarap"", ""hypothesis"": ""eh"", ""langid"": ""other""}, {""operation"": ""substitution"", ""reference"": ""sing"", ""hypothesis"": ""wis"", ""langid"": ""other""}, {""operation"": ""substitution"", ""reference"": ""model"", ""hypothesis"": ""nggarap"", ""langid"": ""other""}, {""operation"": ""substitution"", ""reference"": ""ngene"", ""hypothesis"": ""sing"", ""langid"": ""other""}, {""operation"": ""substitution"", ""reference"": ""iki"", ""hypothesis"": ""modhel"", ""langid"": ""other""}, {""operation"": ""substitution"", ""reference"": ""piye"", ""hypothesis"": ""ngiliki"", ""langid"": ""other""}, {""operation"": ""substitution"", ""reference"": ""nèk"", ""hypothesis"": ""pienek"", ""langid"": ""other""}, {""operation"": ""correct"", ""reference"": ""misale"", ""hypothesis"": ""misale"", ""langid"": ""other""}, {""operation"": ""correct"", ""reference"": ""iki"", ""hypothesis"": ""iki"", ""langid"": ""other""}, {""operation"": ""substitution"", ""reference"": ""model"", ""hypothesis"": ""modhel"", ""langid"": ""other""}, {""operation"": ""correct"", ""reference"": ""sing"", ""hypothesis"": ""sing"", ""langid"": ""other""}, {""operation"": ""correct"", ""reference"": ""digarap"", ""hypothesis"": ""digarap"", ""langid"": ""other""}, {""operation"": ""deletion"", ""reference"": ""Pak"", ""hypothesis"": """", ""langid"": ""other""}, {""operation"": ""deletion"", ""reference"": ""Gedhe"", ""hypothesis"": """", ""langid"": ""other""}, {""operation"": ""deletion"", ""reference"": ""iki"", ""hypothesis"": """", ""langid"": ""other""}, {""operation"": ""deletion"", ""reference"": ""tak"", ""hypothesis"": """", ""langid"": ""other""}, {""operation"": ""substitution"", ""reference"": ""gawa"", ""hypothesis"": ""lagede"", ""langid"": ""other""}, {""operation"": ""substitution"", ""reference"": ""mrene"", ""hypothesis"": ""ki"", ""langid"": ""other""}, {""operation"": ""substitution"", ""reference"": ""ngono"", ""hypothesis"": ""takguwummern"", ""langid"": ""other""}]",wav2vec2,indonesian-nlp/wav2vec2-indonesian-javanese-sundanese,cpu
processed_indonesia/wav2vec2_300/02_vad/jember_066_0006.wav,"Aku njawab durung, pancèn aku durung duwe ngono lho.",aya aku njawab durung mancan aku durung nduwi,"[""other""]",unknown,0.555556,"{""other"": {""deletions"": 2, ""insertions"": 1, ""reference_words"": 9, ""substitutions"": 2, ""wer"": 0.5555555555555556}}","[{""operation"": ""insertion"", ""reference"": """", ""hypothesis"": ""aya"", ""langid"": ""other""}, {""operation"": ""correct"", ""reference"": ""aku"", ""hypothesis"": ""aku"", ""langid"": ""other""}, {""operation"": ""correct"", ""reference"": ""njawab"", ""hypothesis"": ""njawab"", ""langid"": ""other""}, {""operation"": ""correct"", ""reference"": ""durung"", ""hypothesis"": ""durung"", ""langid"": ""other""}, {""operation"": ""substitution"", ""reference"": ""pancèn"", ""hypothesis"": ""mancan"", ""langid"": ""other""}, {""operation"": ""correct"", ""reference"": ""aku"", ""hypothesis"": ""aku"", ""langid"": ""other""}, {""operation"": ""correct"", ""reference"": ""durung"", ""hypothesis"": ""durung"", ""langid"": ""other""}, {""operation"": ""deletion"", ""reference"": ""duwe"", ""hypothesis"": """", ""langid"": ""other""}, {""operation"": ""deletion"", ""reference"": ""ngono"", ""hypothesis"": """", ""langid"": ""other""}, {""operation"": ""substitution"", ""reference"": ""lho"", ""hypothesis"": ""nduwi"", ""langid"": ""other""}]",wav2vec2,indonesian-nlp/wav2vec2-indonesian-javanese-sundanese,cpu
processed_indonesia/wav2vec2_300/02_vad/jember_178_0032.wav,"Kaya mereka nggak, nggak isa sebebas iku.",ae ngunung koyak mereka nggak gak isa sep,"[""other""]",unknown,0.857143,"{""other"": {""deletions"": 1, ""insertions"": 2, ""reference_words"": 7, ""substitutions"": 3, ""wer"": 0.8571428571428571}}","[{""operation"": ""insertion"", ""reference"": """", ""hypothesis"": ""ae"", ""langid"": ""other""}, {""operation"": ""insertion"", ""reference"": """", ""hypothesis"": ""ngunung"", ""langid"": ""other""}, {""operation"": ""substitution"", ""reference"": ""kaya"", ""hypothesis"": ""koyak"", ""langid"": ""other""}, {""operation"": ""correct"", ""reference"": ""mereka"", ""hypothesis"": ""mereka"", ""langid"": ""other""}, {""operation"": ""correct"", ""reference"": ""nggak"", ""hypothesis"": ""nggak"", ""langid"": ""other""}, {""operation"": ""substitution"", ""reference"": ""nggak"", ""hypothesis"": ""gak"", ""langid"": ""other""}, {""operation"": ""correct"", ""reference"": ""isa"", ""hypothesis"": ""isa"", ""langid"": ""other""}, {""operation"": ""deletion"", ""reference"": ""sebebas"", ""hypothesis"": """", ""langid"": ""other""}, {""operation"": ""substitution"", ""reference"": ""iku"", ""hypothesis"": ""sep"", ""langid"": ""other""}]",wav2vec2,indonesian-nlp/wav2vec2-indonesian-javanese-sundanese,cpu
processed_indonesia/wav2vec2_300/02_vad/indonesian_dev_9b72c1cb337b46f8a2fe0ea09c316472.wav,"Nah ternyata e... rasa penasaranku ki cukup tinggi waktu SD, jadi aku mulai belajar materi-materi sejarah yang dia itu ya enggak.. enggak.. enggak untuk anak SD, bahkan di perpustakaan ada ini ya, aku ingat ada satu buku, itu buku pelajaran sejarah atau IPS dari SMP sama SMA kelas satu,dua,tiga... ya kelas satu,dua,tiga.",nah ternyata erasa penasaran ku ki e cukup tinggi waktu ses dejadi aku mulai belajar materi materi sejarah yang ediaitu yanggak nggak nggak puntukana er dletter bakan diperpusakaan adailia aku ingat ada satu buku hitu buku pelajaran sejarah atu ileter pletter sletter dari sampe sama es memter aletter kelas satu dua tiga duryakarututiga,"[""unknown""]",unknown,0.642857,"{""unknown"": {""deletions"": 6, ""insertions"": 3, ""reference_words"": 56, ""substitutions"": 27, ""wer"": 0.6428571428571429}}","[{""operation"": ""correct"", ""reference"": ""nah"", ""hypothesis"": ""nah"", ""langid"": ""unknown""}, {""operation"": ""correct"", ""reference"": ""ternyata"", ""hypothesis"": ""ternyata"", ""langid"": ""unknown""}, {""operation"": ""substitution"", ""reference"": ""e..."", ""hypothesis"": ""erasa"", ""langid"": ""unknown""}, {""operation"": ""substitution"", ""reference"": ""rasa"", ""hypothesis"": ""penasaran"", ""langid"": ""unknown""}, {""operation"": ""substitution"", ""reference"": ""penasaranku"", ""hypothesis"": ""ku"", ""langid"": ""unknown""}, {""operation"": ""correct"", ""reference"": ""ki"", ""hypothesis"": ""ki"", ""langid"": ""unknown""}, {""operation"": ""insertion"", ""reference"": """", ""hypothesis"": ""e"", ""langid"": ""unknown""}, {""operation"": ""correct"", ""reference"": ""cukup"", ""hypothesis"": ""cukup"", ""langid"": ""unknown""}, {""operation"": ""correct"", ""reference"": ""tinggi"", ""hypothesis"": ""tinggi"", ""langid"": ""unknown""}, {""operation"": ""correct"", ""reference"": ""waktu"", ""hypothesis"": ""waktu"", ""langid"": ""unknown""}, {""operation"": ""substitution"", ""reference"": ""SD"", ""hypothesis"": ""ses"", ""langid"": ""unknown""}, {""operation"": ""substitution"", ""reference"": ""jadi"", ""hypothesis"": ""dejadi"", ""langid"": ""unknown""}, {""operation"": ""correct"", ""reference"": ""aku"", ""hypothesis"": ""aku"", ""langid"": ""unknown""}, {""operation"": ""correct"", ""reference"": ""mulai"", ""hypothesis"": ""mulai"", ""langid"": ""unknown""}, {""operation"": ""correct"", ""reference"": ""belajar"", ""hypothesis"": ""belajar"", ""langid"": ""unknown""}, {""operation"": ""insertion"", ""reference"": """", ""hypothesis"": ""materi"", ""langid"": ""unknown""}, {""operation"": ""substitution"", ""reference"": ""materi-materi"", ""hypothesis"": ""materi"", ""langid"": ""unknown""}, {""operation"": ""correct"", ""reference"": ""sejarah"", ""hypothesis"": ""sejarah"", ""langid"": ""unknown""}, {""operation"": ""correct"", ""reference"": ""yang"", ""hypothesis"": ""yang"", ""langid"": ""unknown""}, {""operation"": ""deletion"", ""reference"": ""dia"", ""hypothesis"": """", ""langid"": ""unknown""}, {""operation"": ""deletion"", ""reference"": ""itu"", ""hypothesis"": """", ""langid"": ""unknown""}, {""operation"": ""deletion"", ""reference"": ""ya"", ""hypothesis"": """", ""langid"": ""unknown""}, {""operation"": ""deletion"", ""reference"": ""enggak"", ""hypothesis"": """", ""langid"": ""unknown""}, {""operation"": ""deletion"", ""reference"": ""enggak"", ""hypothesis"": """", ""langid"": ""unknown""}, {""operation"": ""substitution"", ""reference"": ""enggak"", ""hypothesis"": ""ediaitu"", ""langid"": ""unknown""}, {""operation"": ""substitution"", ""reference"": ""untuk"", ""hypothesis"": ""yanggak"", ""langid"": ""unknown""}, {""operation"": ""substitution"", ""reference"": ""anak"", ""hypothesis"": ""nggak"", ""langid"": ""unknown""}, {""operation"": ""substitution"", ""reference"": ""SD"", ""hypothesis"": ""nggak"", ""langid"": ""unknown""}, {""operation"": ""substitution"", ""reference"": ""bahkan"", ""hypothesis"": ""puntukana"", ""langid"": ""unknown""}, {""operation"": ""substitution"", ""reference"": ""di"", ""hypothesis"": ""er"", ""langid"": ""unknown""}, {""operation"": ""substitution"", ""reference"": ""perpustakaan"", ""hypothesis"": ""dletter"", ""langid"": ""unknown""}, {""operation"": ""substitution"", ""reference"": ""ada"", ""hypothesis"": ""bakan"", ""langid"": ""unknown""}, {""operation"": ""substitution"", ""reference"": ""ini"", ""hypothesis"": ""diperpusakaan"", ""langid"": ""unknown""}, {""operation"": ""substitution"", ""reference"": ""ya"", ""hypothesis"": ""adailia"", ""langid"": ""unknown""}, {""operation"": ""correct"", ""reference"": ""aku"", ""hypothesis"": ""aku"", ""langid"": ""unknown""}, {""operation"": ""correct"", ""reference"": ""ingat"", ""hypothesis"": ""ingat"", ""langid"": ""unknown""}, {""operation"": ""correct"", ""reference"": ""ada"", ""hypothesis"": ""ada"", ""langid"": ""unknown""}, {""operation"": ""correct"", ""reference"": ""satu"", ""hypothesis"": ""satu"", ""langid"": ""unknown""}, {""operation"": ""correct"", ""reference"": ""buku"", ""hypothesis"": ""buku"", ""langid"": ""unknown""}, {""operation"": ""substitution"", ""reference"": ""itu"", ""hypothesis"": ""hitu"", ""langid"": ""unknown""}, {""operation"": ""correct"", ""reference"": ""buku"", ""hypothesis"": ""buku"", ""langid"": ""unknown""}, {""operation"": ""correct"", ""reference"": ""pelajaran"", ""hypothesis"": ""pelajaran"", ""langid"": ""unknown""}, {""operation"": ""correct"", ""reference"": ""sejarah"", ""hypothesis"": ""sejarah"", ""langid"": ""unknown""}, {""operation"": ""deletion"", ""reference"": ""atau"", ""hypothesis"": """", ""langid"": ""unknown""}, {""operation"": ""substitution"", ""reference"": ""IPS"", ""hypothesis"": ""atu"", ""langid"": ""unknown""}, {""operation"": ""substitution"", ""reference"": ""dari"", ""hypothesis"": ""ileter"", ""langid"": ""unknown""}, {""operation"": ""substitution"", ""reference"": ""SMP"", ""hypothesis"": ""pletter"", ""langid"": ""unknown""}, {""operation"": ""substitution"", ""reference"": ""sama"", ""hypothesis"": ""sletter"", ""langid"": ""unknown""}, {""operation"": ""substitution"", ""reference"": ""SMA"", ""hypothesis"": ""dari"", ""langid"": ""unknown""}, {""operation"": ""substitution"", ""reference"": ""kelas"", ""hypothesis"": ""sampe"", ""langid"": ""unknown""}, {""operation"": ""substitution"", ""reference"": ""satu"", ""hypothesis"": ""sama"", ""langid"": ""unknown""}, {""operation"": ""substitution"", ""reference"": ""dua"", ""hypothesis"": ""es"", ""langid"": ""unknown""}, {""operation"": ""substitution"", ""reference"": ""tiga..."", ""hypothesis"": ""memter"", ""langid"": ""unknown""}, {""operation"": ""substitution"", ""reference"": ""ya"", ""hypothesis"": ""aletter"", ""langid"": ""unknown""}, {""operation"": ""correct"", ""reference"": ""kelas"", ""hypothesis"": ""kelas"", ""langid"": ""unknown""}, {""operation"": ""correct"", ""reference"": ""satu"", ""hypothesis"": ""satu"", ""langid"": ""unknown""}, {""operation"": ""correct"", ""reference"": ""dua"", ""hypothesis"": ""dua"", ""langid"": ""unknown""}, {""operation"": ""correct"", ""reference"": ""tiga"", ""hypothesis"": ""tiga"", ""langid"": ""unknown""}, {""operation"": ""insertion"", ""reference"": """", ""hypothesis"": ""duryakarututiga"", ""langid"": ""unknown""}]",wav2vec2,indonesian-nlp/wav2vec2-indonesian-javanese-sundanese,cpu
processed_indonesia/wav2vec2_300/02_vad/jember_204_0029.wav,"Misale dadi guru ngono, nyebutne jênêng pekêrjaan guru iku pekêrjaan sing apik ngono, ora.",ngonore misaley dadi gurug nyeputne jeneng pekerjaan guru iku pekerja sing apik ngono ra,"[""other""]",unknown,0.642857,"{""other"": {""deletions"": 0, ""insertions"": 0, ""reference_words"": 14, ""substitutions"": 9, ""wer"": 0.6428571428571429}}","[{""operation"": ""substitution"", ""reference"": ""misale"", ""hypothesis"": ""ngonore"", ""langid"": ""other""}, {""operation"": ""substitution"", ""reference"": ""dadi"", ""hypothesis"": ""misaley"", ""langid"": ""other""}, {""operation"": ""substitution"", ""reference"": ""guru"", ""hypothesis"": ""dadi"", ""langid"": ""other""}, {""operation"": ""substitution"", ""reference"": ""ngono"", ""hypothesis"": ""gurug"", ""langid"": ""other""}, {""operation"": ""substitution"", ""reference"": ""nyebutne"", ""hypothesis"": ""nyeputne"", ""langid"": ""other""}, {""operation"": ""substitution"", ""reference"": ""jênêng"", ""hypothesis"": ""jeneng"", ""langid"": ""other""}, {""operation"": ""substitution"", ""reference"": ""pekêrjaan"", ""hypothesis"": ""pekerjaan"", ""langid"": ""other""}, {""operation"": ""correct"", ""reference"": ""guru"", ""hypothesis"": ""guru"", ""langid"": ""other""}, {""operation"": ""correct"", ""reference"": ""iku"", ""hypothesis"": ""iku"", ""langid"": ""other""}, {""operation"": ""substitution"", ""reference"": ""pekêrjaan"", ""hypothesis"": ""pekerja"", ""langid"": ""other""}, {""operation"": ""correct"", ""reference"": ""sing"", ""hypothesis"": ""sing"", ""langid"": ""other""}, {""operation"": ""correct"", ""reference"": ""apik"", ""hypothesis"": ""apik"", ""langid"": ""other""}, {""operation"": ""correct"", ""reference"": ""ngono"", ""hypothesis"": ""ngono"", ""langid"": ""other""}, {""operation"": ""substitution"", ""reference"": ""ora"", ""hypothesis"": ""ra"", ""langid"": ""other""}]",wav2vec2,indonesian-nlp/wav2vec2-indonesian-javanese-sundanese,cpu
processed_indonesia/wav2vec2_300/02_vad/jember_204_0052.wav,Rata-rata ya gak sêkolah sih sakjane.,roto rotto ya gak sekolah seni sakjane,"[""other""]",unknown,0.666667,"{""other"": {""deletions"": 0, ""insertions"": 1, ""reference_words"": 6, ""substitutions"": 3, ""wer"": 0.6666666666666666}}","[{""operation"": ""insertion"", ""reference"": """", ""hypothesis"": ""roto"", ""langid"": ""other""}, {""operation"": ""substitution"", ""reference"": ""rata-rata"", ""hypothesis"": ""rotto"", ""langid"": ""other""}, {""operation"": ""correct"", ""reference"": ""ya"", ""hypothesis"": ""ya"", ""langid"": ""other""}, {""operation"": ""correct"", ""reference"": ""gak"", ""hypothesis"": ""gak"", ""langid"": ""other""}, {""operation"": ""substitution"", ""reference"": ""sêkolah"", ""hypothesis"": ""sekolah"", ""langid"": ""other""}, {""operation"": ""substitution"", ""reference"": ""sih"", ""hypothesis"": ""seni"", ""langid"": ""other""}, {""operation"": ""correct"", ""reference"": ""sakjane"", ""hypothesis"": ""sakjane"", ""langid"": ""other""}]",wav2vec2,indonesian-nlp/wav2vec2-indonesian-javanese-sundanese,cpu
processed_indonesia/wav2vec2_300/02_vad/jember_065_0029.wav,"Ya, baik sêka kepala divisi, mandor perawatan, mandor panèn, pengawas perawatan, ya krani panèn, ya kabèh lah kumpul karo, e, kuli-kuli sawit, kuli panèn, ya kuwi perawatan lah.",karyawan lah ya baik seke kepala divisi manderperawatan mandorpanen pengoas perawatan ya kerani panen ya kabeh akumpul karo e kulikuli sawit iukulipanen ya kuliperawatan lah,"[""other""]",unknown,0.642857,"{""other"": {""deletions"": 5, ""insertions"": 2, ""reference_words"": 28, ""substitutions"": 11, ""wer"": 0.6428571428571429}}","[{""operation"": ""insertion"", ""reference"": """", ""hypothesis"": ""karyawan"", ""langid"": ""other""}, {""operation"": ""insertion"", ""reference"": """", ""hypothesis"": ""lah"", ""langid"": ""other""}, {""operation"": ""correct"", ""reference"": ""ya"", ""hypothesis"": ""ya"", ""langid"": ""other""}, {""operation"": ""correct"", ""reference"": ""baik"", ""hypothesis"": ""baik"", ""langid"": ""other""}, {""operation"": ""substitution"", ""reference"": ""sêka"", ""hypothesis"": ""seke"", ""langid"": ""other""}, {""operation"": ""correct"", ""reference"": ""kepala"", ""hypothesis"": ""kepala"", ""langid"": ""other""}, {""operation"": ""correct"", ""reference"": ""divisi"", ""hypothesis"": ""divisi"", ""langid"": ""other""}, {""operation"": ""deletion"", ""reference"": ""mandor"", ""hypothesis"": """", ""langid"": ""other""}, {""operation"": ""deletion"", ""reference"": ""perawatan"", ""hypothesis"": """", ""langid"": ""other""}, {""operation"": ""substitution"", ""reference"": ""mandor"", ""hypothesis"": ""manderperawatan"", ""langid"": ""other""}, {""operation"": ""substitution"", ""reference"": ""panèn"", ""hypothesis"": ""mandorpanen"", ""langid"": ""other""}, {""operation"": ""substitution"", ""reference"": ""pengawas"", ""hypothesis"": ""pengoas"", ""langid"": ""other""}, {""operation"": ""correct"", ""reference"": ""perawatan"", ""hypothesis"": ""perawatan"", ""langid"": ""other""}, {""operation"": ""correct"", ""reference"": ""ya"", ""hypothesis"": ""ya"", ""langid"": ""other""}, {""operation"": ""substitution"", ""reference"": ""krani"", ""hypothesis"": ""kerani"", ""langid"": ""other""}, {""operation"": ""substitution"", ""reference"": ""panèn"", ""hypothesis"": ""panen"", ""langid"": ""other""}, {""operation"": ""correct"", ""reference"": ""ya"", ""hypothesis"": ""ya"", ""langid"": ""other""}, {""operation"": ""deletion"", ""reference"": ""kabèh"", ""hypothesis"": """", ""langid"": ""other""}, {""operation"": ""substitution"", ""reference"": ""lah"", ""hypothesis"": ""kabeh"", ""langid"": ""other""}, {""operation"": ""substitution"", ""reference"": ""kumpul"", ""hypothesis"": ""akumpul"", ""langid"": ""other""}, {""operation"": ""correct"", ""reference"": ""karo"", ""hypothesis"": ""karo"", ""langid"": ""other""}, {""operation"": ""correct"", ""reference"": ""e"", ""hypothesis"": ""e"", ""langid"": ""other""}, {""operation"": ""substitution"", ""reference"": ""kuli-kuli"", ""hypothesis"": ""kulikuli"", ""langid"": ""other""}, {""operation"": ""correct"", ""reference"": ""sawit"", ""hypothesis"": ""sawit"", ""langid"": ""other""}, {""operation"": ""deletion"", ""reference"": ""kuli"", ""hypothesis"": """", ""langid"": ""other""}, {""operation"": ""substitution"", ""reference"": ""panèn"", ""hypothesis"": ""iukulipanen"", ""langid"": ""other""}, {""operation"": ""correct"", ""reference"": ""ya"", ""hypothesis"": ""ya"", ""langid"": ""other""}, {""operation"": ""deletion"", ""reference"": ""kuwi"", ""hypothesis"": """", ""langid"": ""other""}, {""operation"": ""substitution"", ""reference"": ""perawatan"", ""hypothesis"": ""kuliperawatan"", ""langid"": ""other""}, {""operation"": ""correct"", ""reference"": ""lah"", ""hypothesis"": ""lah"", ""langid"": ""other""}]",wav2vec2,indonesian-nlp/wav2vec2-indonesian-javanese-sundanese,cpu
processed_indonesia/wav2vec2_300/02_vad/indonesian_dev_27ea863b88524b308477b25562d6d0b8.wav,"Kalau buat pertama kali, mungkin sek pengen tak kunjungi, ya, kota Tokyo sama Kyoto, ya. Dua kota ini yang paling terkenal buat wisatawan internasional, terus ya, lebih gampang aksesnya, daripada, daripada kota-kota yang lain.",kalau buat pertama kali mungkin sek pingin tak kunjungi yakota tuko samakotu duare kota iniam paling terkenal buat wisatawan internasional terus e lebih kampang aksesnya daripade ipadha kota kota yang lain,"[""other""]",unknown,0.470588,"{""other"": {""deletions"": 4, ""insertions"": 1, ""reference_words"": 34, ""substitutions"": 11, ""wer"": 0.47058823529411764}}","[{""operation"": ""correct"", ""reference"": ""kalau"", ""hypothesis"": ""kalau"", ""langid"": ""other""}, {""operation"": ""correct"", ""reference"": ""buat"", ""hypothesis"": ""buat"", ""langid"": ""other""}, {""operation"": ""correct"", ""reference"": ""pertama"", ""hypothesis"": ""pertama"", ""langid"": ""other""}, {""operation"": ""correct"", ""reference"": ""kali"", ""hypothesis"": ""kali"", ""langid"": ""other""}, {""operation"": ""correct"", ""reference"": ""mungkin"", ""hypothesis"": ""mungkin"", ""langid"": ""other""}, {""operation"": ""correct"", ""reference"": ""sek"", ""hypothesis"": ""sek"", ""langid"": ""other""}, {""operation"": ""substitution"", ""reference"": ""pengen"", ""hypothesis"": ""pingin"", ""langid"": ""other""}, {""operation"": ""correct"", ""reference"": ""tak"", ""hypothesis"": ""tak"", ""langid"": ""other""}, {""operation"": ""correct"", ""reference"": ""kunjungi"", ""hypothesis"": ""kunjungi"", ""langid"": ""other""}, {""operation"": ""deletion"", ""reference"": ""ya"", ""hypothesis"": """", ""langid"": ""other""}, {""operation"": ""deletion"", ""reference"": ""kota"", ""hypothesis"": """", ""langid"": ""other""}, {""operation"": ""deletion"", ""reference"": ""Tokyo"", ""hypothesis"": """", ""langid"": ""other""}, {""operation"": ""substitution"", ""reference"": ""sama"", ""hypothesis"": ""yakota"", ""langid"": ""other""}, {""operation"": ""substitution"", ""reference"": ""Kyoto"", ""hypothesis"": ""tuko"", ""langid"": ""other""}, {""operation"": ""substitution"", ""reference"": ""ya"", ""hypothesis"": ""samakotu"", ""langid"": ""other""}, {""operation"": ""substitution"", ""reference"": ""dua"", ""hypothesis"": ""duare"", ""langid"": ""other""}, {""operation"": ""correct"", ""reference"": ""kota"", ""hypothesis"": ""kota"", ""langid"": ""other""}, {""operation"": ""deletion"", ""reference"": ""ini"", ""hypothesis"": """", ""langid"": ""other""}, {""operation"": ""substitution"", ""reference"": ""yang"", ""hypothesis"": ""iniam"", ""langid"": ""other""}, {""operation"": ""correct"", ""reference"": ""paling"", ""hypothesis"": ""paling"", ""langid"": ""other""}, {""operation"": ""correct"", ""reference"": ""terkenal"", ""hypothesis"": ""terkenal"", ""langid"": ""other""}, {""operation"": ""correct"", ""reference"": ""buat"", ""hypothesis"": ""buat"", ""langid"": ""other""}, {""operation"": ""correct"", ""reference"": ""wisatawan"", ""hypothesis"": ""wisatawan"", ""langid"": ""other""}, {""operation"": ""correct"", ""reference"": ""internasional"", ""hypothesis"": ""internasional"", ""langid"": ""other""}, {""operation"": ""correct"", ""reference"": ""terus"", ""hypothesis"": ""terus"", ""langid"": ""other""}, {""operation"": ""substitution"", ""reference"": ""ya"", ""hypothesis"": ""e"", ""langid"": ""other""}, {""operation"": ""correct"", ""reference"": ""lebih"", ""hypothesis"": ""lebih"", ""langid"": ""other""}, {""operation"": ""substitution"", ""reference"": ""gampang"", ""hypothesis"": ""kampang"", ""langid"": ""other""}, {""operation"": ""correct"", ""reference"": ""aksesnya"", ""hypothesis"": ""aksesnya"", ""langid"": ""other""}, {""operation"": ""insertion"", ""reference"": """", ""hypothesis"": ""daripade"", ""langid"": ""other""}, {""operation"": ""substitution"", ""reference"": ""daripada"", ""hypothesis"": ""ipadha"", ""langid"": ""other""}, {""operation"": ""substitution"", ""reference"": ""daripada"", ""hypothesis"": ""kota"", ""langid"": ""other""}, {""operation"": ""substitution"", ""reference"": ""kota-kota"", ""hypothesis"": ""kota"", ""langid"": ""other""}, {""operation"": ""correct"", ""reference"": ""yang"", ""hypothesis"": ""yang"", ""langid"": ""other""}, {""operation"": ""correct"", ""reference"": ""lain"", ""hypothesis"": ""lain"", ""langid"": ""other""}]",wav2vec2,indonesian-nlp/wav2vec2-indonesian-javanese-sundanese,cpu
processed_indonesia/wav2vec2_300/02_vad/jember_048_0057.wav,"Nggak ènèk iku lèk gak ngomong sedina, pokoke lèk arèke warang brati, e, lèk arèke gak ngomong brarti warang.",oliwekehomong eg nggak enek ikulae gak ngemu sedina pokok elek arake warang braty e alearekngo dari awarang,"[""other""]",unknown,0.842105,"{""other"": {""deletions"": 3, ""insertions"": 1, ""reference_words"": 19, ""substitutions"": 12, ""wer"": 0.8421052631578947}}","[{""operation"": ""insertion"", ""reference"": """", ""hypothesis"": ""oliwekehomong"", ""langid"": ""other""}, {""operation"": ""substitution"", ""reference"": ""nggak"", ""hypothesis"": ""eg"", ""langid"": ""other""}, {""operation"": ""substitution"", ""reference"": ""ènèk"", ""hypothesis"": ""nggak"", ""langid"": ""other""}, {""operation"": ""substitution"", ""reference"": ""iku"", ""hypothesis"": ""enek"", ""langid"": ""other""}, {""operation"": ""substitution"", ""reference"": ""lèk"", ""hypothesis"": ""ikulae"", ""langid"": ""other""}, {""operation"": ""correct"", ""reference"": ""gak"", ""hypothesis"": ""gak"", ""langid"": ""other""}, {""operation"": ""substitution"", ""reference"": ""ngomong"", ""hypothesis"": ""ngemu"", ""langid"": ""other""}, {""operation"": ""correct"", ""reference"": ""sedina"", ""hypothesis"": ""sedina"", ""langid"": ""other""}, {""operation"": ""substitution"", ""reference"": ""pokoke"", ""hypothesis"": ""pokok"", ""langid"": ""other""}, {""operation"": ""substitution"", ""reference"": ""lèk"", ""hypothesis"": ""elek"", ""langid"": ""other""}, {""operation"": ""substitution"", ""reference"": ""arèke"", ""hypothesis"": ""arake"", ""langid"": ""other""}, {""operation"": ""correct"", ""reference"": ""warang"", ""hypothesis"": ""warang"", ""langid"": ""other""}, {""operation"": ""substitution"", ""reference"": ""brati"", ""hypothesis"": ""braty"", ""langid"": ""other""}, {""operation"": ""correct"", ""reference"": ""e"", ""hypothesis"": ""e"", ""langid"": ""other""}, {""operation"": ""deletion"", ""reference"": ""lèk"", ""hypothesis"": """", ""langid"": ""other""}, {""operation"": ""deletion"", ""reference"": ""arèke"", ""hypothesis"": """", ""langid"": ""other""}, {""operation"": ""deletion"", ""reference"": ""gak"", ""hypothesis"": """", ""langid"": ""other""}, {""operation"": ""substitution"", ""reference"": ""ngomong"", ""hypothesis"": ""alearekngo"", ""langid"": ""other""}, {""operation"": ""substitution"", ""reference"": ""brarti"", ""hypothesis"": ""dari"", ""langid"": ""other""}, {""operation"": ""substitution"", ""reference"": ""warang"", ""hypothesis"": ""awarang"", ""langid"": ""other""}]",wav2vec2,indonesian-nlp/wav2vec2-indonesian-javanese-sundanese,cpu
processed_indonesia/wav2vec2_300/02_vad/jember_044_0082.wav,Kira gak ana Bapak kan ana Pakdhe. Těrus.,kilagain yang gobangan unumpak deehee,"[""other""]",unknown,1.000000,"{""other"": {""deletions"": 3, ""insertions"": 0, ""reference_words"": 8, ""substitutions"": 5, ""wer"": 1.0}}","[{""operation"": ""deletion"", ""reference"": ""kira"", ""hypothesis"": """", ""langid"": ""other""}, {""operation"": ""deletion"", ""reference"": ""gak"", ""hypothesis"": """", ""langid"": ""other""}, {""operation"": ""deletion"", ""reference"": ""ana"", ""hypothesis"": """", ""langid"": ""other""}, {""operation"": ""substitution"", ""reference"": ""Bapak"", ""hypothesis"": ""kilagain"", ""langid"": ""other""}, {""operation"": ""substitution"", ""reference"": ""kan"", ""hypothesis"": ""yang"", ""langid"": ""other""}, {""operation"": ""substitution"", ""reference"": ""ana"", ""hypothesis"": ""gobangan"", ""langid"": ""other""}, {""operation"": ""substitution"", ""reference"": ""Pakdhe"", ""hypothesis"": ""unumpak"", ""langid"": ""other""}, {""operation"": ""substitution"", ""reference"": ""těrus"", ""hypothesis"": ""deehee"", ""langid"": ""other""}]",wav2vec2,indonesian-nlp/wav2vec2-indonesian-javanese-sundanese,cpu
processed_indonesia/wav2vec2_300/02_vad/jember_180_0036.wav,"Těrus juga, těrus pisan, kaya ndèk daerah-daerah sing sik ijo-ijoane akèh iku kadang kaya wis gak sêpira adhêm ngono lho.",ana astrus juga terus pisan koyok nde dhaerah dhaerah sing seijue jawane akehku kadang koyok wis gak sepira adem unu,"[""other""]",unknown,0.800000,"{""other"": {""deletions"": 1, ""insertions"": 1, ""reference_words"": 20, ""substitutions"": 14, ""wer"": 0.8}}","[{""operation"": ""insertion"", ""reference"": """", ""hypothesis"": ""ana"", ""langid"": ""other""}, {""operation"": ""substitution"", ""reference"": ""těrus"", ""hypothesis"": ""astrus"", ""langid"": ""other""}, {""operation"": ""correct"", ""reference"": ""juga"", ""hypothesis"": ""juga"", ""langid"": ""other""}, {""operation"": ""substitution"", ""reference"": ""těrus"", ""hypothesis"": ""terus"", ""langid"": ""other""}, {""operation"": ""correct"", ""reference"": ""pisan"", ""hypothesis"": ""pisan"", ""langid"": ""other""}, {""operation"": ""substitution"", ""reference"": ""kaya"", ""hypothesis"": ""koyok"", ""langid"": ""other""}, {""operation"": ""substitution"", ""reference"": ""ndèk"", ""hypothesis"": ""nde"", ""langid"": ""other""}, {""operation"": ""substitution"", ""reference"": ""daerah-daerah"", ""hypothesis"": ""dhaerah"", ""langid"": ""other""}, {""operation"": ""substitution"", ""reference"": ""sing"", ""hypothesis"": ""dhaerah"", ""langid"": ""other""}, {""operation"": ""substitution"", ""reference"": ""sik"", ""hypothesis"": ""sing"", ""langid"": ""other""}, {""operation"": ""substitution"", ""reference"": ""ijo-ijoane"", ""hypothesis"": ""seijue"", ""langid"": ""other""}, {""operation"": ""substitution"", ""reference"": ""akèh"", ""hypothesis"": ""jawane"", ""langid"": ""other""}, {""operation"": ""substitution"", ""reference"": ""iku"", ""hypothesis"": ""akehku"", ""langid"": ""other""}, {""operation"": ""correct"", ""reference"": ""kadang"", ""hypothesis"": ""kadang"", ""langid"": ""other""}, {""operation"": ""substitution"", ""reference"": ""kaya"", ""hypothesis"": ""koyok"", ""langid"": ""other""}, {""operation"": ""correct"", ""reference"": ""wis"", ""hypothesis"": ""wis"", ""langid"": ""other""}, {""operation"": ""correct"", ""reference"": ""gak"", ""hypothesis"": ""gak"", ""langid"": ""other""}, {""operation"": ""deletion"", ""reference"": ""sêpira"", ""hypothesis"": """", ""langid"": ""other""}, {""operation"": ""substitution"", ""reference"": ""adhêm"", ""hypothesis"": ""sepira"", ""langid"": ""other""}, {""operation"": ""substitution"", ""reference"": ""ngono"", ""hypothesis"": ""adem"", ""langid"": ""other""}, {""operation"": ""substitution"", ""reference"": ""lho"", ""hypothesis"": ""unu"", ""langid"": ""other""}]",wav2vec2,indonesian-nlp/wav2vec2-indonesian-javanese-sundanese,cpu
processed_indonesia/wav2vec2_300/02_vad/jember_002_0021.wav,Ndèk kene ya kadang gawe Jawa lèk kêtêmu arèk-arèk sing Jawa.,oh jember dikini o kadang ngge jowolek ketemu arek arek suncul,"[""other""]",unknown,1.000000,"{""other"": {""deletions"": 0, ""insertions"": 0, ""reference_words"": 11, ""substitutions"": 11, ""wer"": 1.0}}","[{""operation"": ""substitution"", ""reference"": ""ndèk"", ""hypothesis"": ""oh"", ""langid"": ""other""}, {""operation"": ""substitution"", ""reference"": ""kene"", ""hypothesis"": ""jember"", ""langid"": ""other""}, {""operation"": ""substitution"", ""reference"": ""ya"", ""hypothesis"": ""dikini"", ""langid"": ""other""}, {""operation"": ""substitution"", ""reference"": ""kadang"", ""hypothesis"": ""o"", ""langid"": ""other""}, {""operation"": ""substitution"", ""reference"": ""gawe"", ""hypothesis"": ""kadang"", ""langid"": ""other""}, {""operation"": ""substitution"", ""reference"": ""Jawa"", ""hypothesis"": ""ngge"", ""langid"": ""other""}, {""operation"": ""substitution"", ""reference"": ""lèk"", ""hypothesis"": ""jowolek"", ""langid"": ""other""}, {""operation"": ""substitution"", ""reference"": ""kêtêmu"", ""hypothesis"": ""ketemu"", ""langid"": ""other""}, {""operation"": ""substitution"", ""reference"": ""arèk-arèk"", ""hypothesis"": ""arek"", ""langid"": ""other""}, {""operation"": ""substitution"", ""reference"": ""sing"", ""hypothesis"": ""arek"", ""langid"": ""other""}, {""operation"": ""substitution"", ""reference"": ""Jawa"", ""hypothesis"": ""suncul"", ""langid"": ""other""}]",wav2vec2,indonesian-nlp/wav2vec2-indonesian-javanese-sundanese,cpu
processed_indonesia/wav2vec2_300/02_vad/jember_185_0005.wav,"Na, iku ternyata camping dhewean iku juga seru pisan ngono lho Mbak.",naik iku ternyata kamping di wiyen iku juga saru pisan nanu lomba,"[""other""]",unknown,0.666667,"{""other"": {""deletions"": 1, ""insertions"": 1, ""reference_words"": 12, ""substitutions"": 6, ""wer"": 0.6666666666666666}}","[{""operation"": ""substitution"", ""reference"": ""na"", ""hypothesis"": ""naik"", ""langid"": ""other""}, {""operation"": ""correct"", ""reference"": ""iku"", ""hypothesis"": ""iku"", ""langid"": ""other""}, {""operation"": ""correct"", ""reference"": ""ternyata"", ""hypothesis"": ""ternyata"", ""langid"": ""other""}, {""operation"": ""insertion"", ""reference"": """", ""hypothesis"": ""kamping"", ""langid"": ""other""}, {""operation"": ""substitution"", ""reference"": ""camping"", ""hypothesis"": ""di"", ""langid"": ""other""}, {""operation"": ""substitution"", ""reference"": ""dhewean"", ""hypothesis"": ""wiyen"", ""langid"": ""other""}, {""operation"": ""correct"", ""reference"": ""iku"", ""hypothesis"": ""iku"", ""langid"": ""other""}, {""operation"": ""correct"", ""reference"": ""juga"", ""hypothesis"": ""juga"", ""langid"": ""other""}, {""operation"": ""substitution"", ""reference"": ""seru"", ""hypothesis"": ""saru"", ""langid"": ""other""}, {""operation"": ""correct"", ""reference"": ""pisan"", ""hypothesis"": ""pisan"", ""langid"": ""other""}, {""operation"": ""deletion"", ""reference"": ""ngono"", ""hypothesis"": """", ""langid"": ""other""}, {""operation"": ""substitution"", ""reference"": ""lho"", ""hypothesis"": ""nanu"", ""langid"": ""other""}, {""operation"": ""substitution"", ""reference"": ""Mbak"", ""hypothesis"": ""lomba"", ""langid"": ""other""}]",wav2vec2,indonesian-nlp/wav2vec2-indonesian-javanese-sundanese,cpu
processed_indonesia/wav2vec2_300/02_vad/jember_048_0080.wav,Aku kan sebagai perempuan kan nggak pengine kaya ngono ya.,aku bahun sebagai perempuan nya nggak,"[""other""]",unknown,0.600000,"{""other"": {""deletions"": 4, ""insertions"": 0, ""reference_words"": 10, ""substitutions"": 2, ""wer"": 0.6}}","[{""operation"": ""correct"", ""reference"": ""aku"", ""hypothesis"": ""aku"", ""langid"": ""other""}, {""operation"": ""substitution"", ""reference"": ""kan"", ""hypothesis"": ""bahun"", ""langid"": ""other""}, {""operation"": ""correct"", ""reference"": ""sebagai"", ""hypothesis"": ""sebagai"", ""langid"": ""other""}, {""operation"": ""correct"", ""reference"": ""perempuan"", ""hypothesis"": ""perempuan"", ""langid"": ""other""}, {""operation"": ""substitution"", ""reference"": ""kan"", ""hypothesis"": ""nya"", ""langid"": ""other""}, {""operation"": ""correct"", ""reference"": ""nggak"", ""hypothesis"": ""nggak"", ""langid"": ""other""}, {""operation"": ""deletion"", ""reference"": ""pengine"", ""hypothesis"": """", ""langid"": ""other""}, {""operation"": ""deletion"", ""reference"": ""kaya"", ""hypothesis"": """", ""langid"": ""other""}, {""operation"": ""deletion"", ""reference"": ""ngono"", ""hypothesis"": """", ""langid"": ""other""}, {""operation"": ""deletion"", ""reference"": ""ya"", ""hypothesis"": """", ""langid"": ""other""}]",wav2vec2,indonesian-nlp/wav2vec2-indonesian-javanese-sundanese,cpu
processed_indonesia/wav2vec2_300/02_vad/jember_065_0063.wav,"Dadi buanyune benèng, bênêr-bênêr, bênêr, apa ya, tampungan banyu udan ngono loh.",lo tadi guanyine bening benarbenar ban apa ya tampungan banyu udan ngenlap,"[""other""]",unknown,0.666667,"{""other"": {""deletions"": 1, ""insertions"": 1, ""reference_words"": 12, ""substitutions"": 6, ""wer"": 0.6666666666666666}}","[{""operation"": ""insertion"", ""reference"": """", ""hypothesis"": ""lo"", ""langid"": ""other""}, {""operation"": ""substitution"", ""reference"": ""dadi"", ""hypothesis"": ""tadi"", ""langid"": ""other""}, {""operation"": ""substitution"", ""reference"": ""buanyune"", ""hypothesis"": ""guanyine"", ""langid"": ""other""}, {""operation"": ""substitution"", ""reference"": ""benèng"", ""hypothesis"": ""bening"", ""langid"": ""other""}, {""operation"": ""substitution"", ""reference"": ""bênêr-bênêr"", ""hypothesis"": ""benarbenar"", ""langid"": ""other""}, {""operation"": ""substitution"", ""reference"": ""bênêr"", ""hypothesis"": ""ban"", ""langid"": ""other""}, {""operation"": ""correct"", ""reference"": ""apa"", ""hypothesis"": ""apa"", ""langid"": ""other""}, {""operation"": ""correct"", ""reference"": ""ya"", ""hypothesis"": ""ya"", ""langid"": ""other""}, {""operation"": ""correct"", ""reference"": ""tampungan"", ""hypothesis"": ""tampungan"", ""langid"": ""other""}, {""operation"": ""correct"", ""reference"": ""banyu"", ""hypothesis"": ""banyu"", ""langid"": ""other""}, {""operation"": ""correct"", ""reference"": ""udan"", ""hypothesis"": ""udan"", ""langid"": ""other""}, {""operation"": ""deletion"", ""reference"": ""ngono"", ""hypothesis"": """", ""langid"": ""other""}, {""operation"": ""substitution"", ""reference"": ""loh"", ""hypothesis"": ""ngenlap"", ""langid"": ""other""}]",wav2vec2,indonesian-nlp/wav2vec2-indonesian-javanese-sundanese,cpu
processed_indonesia/wav2vec2_300/02_vad/jember_122_0015.wav,"Mêrga nèk awak dhewe ngêrti, oh, apa ya?",pamurka nek awak dewe ngerti oo,"[""other""]",unknown,0.875000,"{""other"": {""deletions"": 2, ""insertions"": 0, ""reference_words"": 8, ""substitutions"": 5, ""wer"": 0.875}}","[{""operation"": ""substitution"", ""reference"": ""mêrga"", ""hypothesis"": ""pamurka"", ""langid"": ""other""}, {""operation"": ""substitution"", ""reference"": ""nèk"", ""hypothesis"": ""nek"", ""langid"": ""other""}, {""operation"": ""correct"", ""reference"": ""awak"", ""hypothesis"": ""awak"", ""langid"": ""other""}, {""operation"": ""deletion"", ""reference"": ""dhewe"", ""hypothesis"": """", ""langid"": ""other""}, {""operation"": ""deletion"", ""reference"": ""ngêrti"", ""hypothesis"": """", ""langid"": ""other""}, {""operation"": ""substitution"", ""reference"": ""oh"", ""hypothesis"": ""dewe"", ""langid"": ""other""}, {""operation"": ""substitution"", ""reference"": ""apa"", ""hypothesis"": ""ngerti"", ""langid"": ""other""}, {""operation"": ""substitution"", ""reference"": ""ya"", ""hypothesis"": ""oo"", ""langid"": ""other""}]",wav2vec2,indonesian-nlp/wav2vec2-indonesian-javanese-sundanese,cpu
processed_indonesia/wav2vec2_300/02_vad/jember_048_0128.wav,"Dan, alhamdulillahe, e..., pacarku sikarang iku, sing saiki, e..., aku sih delhok arèke tepat waktu ae ya.",ternah noylay e pacarkusin sekarang iku me saikie aku sih ndelok oreke tepad tob,"[""other""]",unknown,0.823529,"{""other"": {""deletions"": 3, ""insertions"": 0, ""reference_words"": 17, ""substitutions"": 11, ""wer"": 0.8235294117647058}}","[{""operation"": ""substitution"", ""reference"": ""dan"", ""hypothesis"": ""ternah"", ""langid"": ""other""}, {""operation"": ""substitution"", ""reference"": ""alhamdulillahe"", ""hypothesis"": ""noylay"", ""langid"": ""other""}, {""operation"": ""substitution"", ""reference"": ""e..."", ""hypothesis"": ""e"", ""langid"": ""other""}, {""operation"": ""substitution"", ""reference"": ""pacarku"", ""hypothesis"": ""pacarkusin"", ""langid"": ""other""}, {""operation"": ""substitution"", ""reference"": ""sikarang"", ""hypothesis"": ""sekarang"", ""langid"": ""other""}, {""operation"": ""correct"", ""reference"": ""iku"", ""hypothesis"": ""iku"", ""langid"": ""other""}, {""operation"": ""deletion"", ""reference"": ""sing"", ""hypothesis"": """", ""langid"": ""other""}, {""operation"": ""substitution"", ""reference"": ""saiki"", ""hypothesis"": ""me"", ""langid"": ""other""}, {""operation"": ""substitution"", ""reference"": ""e..."", ""hypothesis"": ""saikie"", ""langid"": ""other""}, {""operation"": ""correct"", ""reference"": ""aku"", ""hypothesis"": ""aku"", ""langid"": ""other""}, {""operation"": ""correct"", ""reference"": ""sih"", ""hypothesis"": ""sih"", ""langid"": ""other""}, {""operation"": ""deletion"", ""reference"": ""delhok"", ""hypothesis"": """", ""langid"": ""other""}, {""operation"": ""deletion"", ""reference"": ""arèke"", ""hypothesis"": """", ""langid"": ""other""}, {""operation"": ""substitution"", ""reference"": ""tepat"", ""hypothesis"": ""ndelok"", ""langid"": ""other""}, {""operation"": ""substitution"", ""reference"": ""waktu"", ""hypothesis"": ""oreke"", ""langid"": ""other""}, {""operation"": ""substitution"", ""reference"": ""ae"", ""hypothesis"": ""tepad"", ""langid"": ""other""}, {""operation"": ""substitution"", ""reference"": ""ya"", ""hypothesis"": ""tob"", ""langid"": ""other""}]",wav2vec2,indonesian-nlp/wav2vec2-indonesian-javanese-sundanese,cpu
processed_indonesia/wav2vec2_300/02_vad/jember_046_0002.wav,"Sebagai, sampeyan kan wong psikologi ki, menurut sampeyan seberapa pênting?",sebagai samankan wong sikologi ki menurut samaian seberapa,"[""other""]",unknown,0.500000,"{""other"": {""deletions"": 2, ""insertions"": 0, ""reference_words"": 10, ""substitutions"": 3, ""wer"": 0.5}}","[{""operation"": ""correct"", ""reference"": ""sebagai"", ""hypothesis"": ""sebagai"", ""langid"": ""other""}, {""operation"": ""deletion"", ""reference"": ""sampeyan"", ""hypothesis"": """", ""langid"": ""other""}, {""operation"": ""substitution"", ""reference"": ""kan"", ""hypothesis"": ""samankan"", ""langid"": ""other""}, {""operation"": ""correct"", ""reference"": ""wong"", ""hypothesis"": ""wong"", ""langid"": ""other""}, {""operation"": ""substitution"", ""reference"": ""psikologi"", ""hypothesis"": ""sikologi"", ""langid"": ""other""}, {""operation"": ""correct"", ""reference"": ""ki"", ""hypothesis"": ""ki"", ""langid"": ""other""}, {""operation"": ""correct"", ""reference"": ""menurut"", ""hypothesis"": ""menurut"", ""langid"": ""other""}, {""operation"": ""substitution"", ""reference"": ""sampeyan"", ""hypothesis"": ""samaian"", ""langid"": ""other""}, {""operation"": ""correct"", ""reference"": ""seberapa"", ""hypothesis"": ""seberapa"", ""langid"": ""other""}, {""operation"": ""deletion"", ""reference"": ""pênting"", ""hypothesis"": """", ""langid"": ""other""}]",wav2vec2,indonesian-nlp/wav2vec2-indonesian-javanese-sundanese,cpu
processed_indonesia/wav2vec2_300/02_vad/jember_180_0050.wav,"Soale lèk jalan-jalan iku kan, e..., ben, bênlancar ngono kan.",daal soale lek dalan jalan iku kan e ben ban lancar ngunuk,"[""other""]",unknown,0.800000,"{""other"": {""deletions"": 0, ""insertions"": 2, ""reference_words"": 10, ""substitutions"": 6, ""wer"": 0.8}}","[{""operation"": ""insertion"", ""reference"": """", ""hypothesis"": ""daal"", ""langid"": ""other""}, {""operation"": ""correct"", ""reference"": ""soale"", ""hypothesis"": ""soale"", ""langid"": ""other""}, {""operation"": ""insertion"", ""reference"": """", ""hypothesis"": ""lek"", ""langid"": ""other""}, {""operation"": ""substitution"", ""reference"": ""lèk"", ""hypothesis"": ""dalan"", ""langid"": ""other""}, {""operation"": ""substitution"", ""reference"": ""jalan-jalan"", ""hypothesis"": ""jalan"", ""langid"": ""other""}, {""operation"": ""correct"", ""reference"": ""iku"", ""hypothesis"": ""iku"", ""langid"": ""other""}, {""operation"": ""correct"", ""reference"": ""kan"", ""hypothesis"": ""kan"", ""langid"": ""other""}, {""operation"": ""substitution"", ""reference"": ""e..."", ""hypothesis"": ""e"", ""langid"": ""other""}, {""operation"": ""correct"", ""reference"": ""ben"", ""hypothesis"": ""ben"", ""langid"": ""other""}, {""operation"": ""substitution"", ""reference"": ""bênlancar"", ""hypothesis"": ""ban"", ""langid"": ""other""}, {""operation"": ""substitution"", ""reference"": ""ngono"", ""hypothesis"": ""lancar"", ""langid"": ""other""}, {""operation"": ""substitution"", ""reference"": ""kan"", ""hypothesis"": ""ngunuk"", ""langid"": ""other""}]",wav2vec2,indonesian-nlp/wav2vec2-indonesian-javanese-sundanese,cpu
processed_indonesia/wav2vec2_300/02_vad/jember_026_0028.wav,"Tapi lèk menurutku sih masalah usia..., masalah nikah iku memang harus benar-benar dipikirkan secara mateng ya.",abi nguno api lemerku sih masalah usik masalahnidaku memang harus benerbnan dipikirkan secaramo,"[""other""]",unknown,0.750000,"{""other"": {""deletions"": 3, ""insertions"": 0, ""reference_words"": 16, ""substitutions"": 9, ""wer"": 0.75}}","[{""operation"": ""deletion"", ""reference"": ""tapi"", ""hypothesis"": """", ""langid"": ""other""}, {""operation"": ""substitution"", ""reference"": ""lèk"", ""hypothesis"": ""abi"", ""langid"": ""other""}, {""operation"": ""substitution"", ""reference"": ""menurutku"", ""hypothesis"": ""nguno"", ""langid"": ""other""}, {""operation"": ""substitution"", ""reference"": ""sih"", ""hypothesis"": ""api"", ""langid"": ""other""}, {""operation"": ""substitution"", ""reference"": ""masalah"", ""hypothesis"": ""lemerku"", ""langid"": ""other""}, {""operation"": ""substitution"", ""reference"": ""usia..."", ""hypothesis"": ""sih"", ""langid"": ""other""}, {""operation"": ""correct"", ""reference"": ""masalah"", ""hypothesis"": ""masalah"", ""langid"": ""other""}, {""operation"": ""substitution"", ""reference"": ""nikah"", ""hypothesis"": ""usik"", ""langid"": ""other""}, {""operation"": ""substitution"", ""reference"": ""iku"", ""hypothesis"": ""masalahnidaku"", ""langid"": ""other""}, {""operation"": ""correct"", ""reference"": ""memang"", ""hypothesis"": ""memang"", ""langid"": ""other""}, {""operation"": ""correct"", ""reference"": ""harus"", ""hypothesis"": ""harus"", ""langid"": ""other""}, {""operation"": ""substitution"", ""reference"": ""benar-benar"", ""hypothesis"": ""benerbnan"", ""langid"": ""other""}, {""operation"": ""correct"", ""reference"": ""dipikirkan"", ""hypothesis"": ""dipikirkan"", ""langid"": ""other""}, {""operation"": ""deletion"", ""reference"": ""secara"", ""hypothesis"": """", ""langid"": ""other""}, {""operation"": ""deletion"", ""reference"": ""mateng"", ""hypothesis"": """", ""langid"": ""other""}, {""operation"": ""substitution"", ""reference"": ""ya"", ""hypothesis"": ""secaramo"", ""langid"": ""other""}]",wav2vec2,indonesian-nlp/wav2vec2-indonesian-javanese-sundanese,cpu
processed_indonesia/wav2vec2_300/02_vad/jember_074_0004.wav,"Nèk ngantuk e jam, wolu mau, ya aku ya turu.",nek ngantuk e jam wolu mauya,"[""other""]",unknown,0.600000,"{""other"": {""deletions"": 4, ""insertions"": 0, ""reference_words"": 10, ""substitutions"": 2, ""wer"": 0.6}}","[{""operation"": ""substitution"", ""reference"": ""nèk"", ""hypothesis"": ""nek"", ""langid"": ""other""}, {""operation"": ""correct"", ""reference"": ""ngantuk"", ""hypothesis"": ""ngantuk"", ""langid"": ""other""}, {""operation"": ""correct"", ""reference"": ""e"", ""hypothesis"": ""e"", ""langid"": ""other""}, {""operation"": ""correct"", ""reference"": ""jam"", ""hypothesis"": ""jam"", ""langid"": ""other""}, {""operation"": ""correct"", ""reference"": ""wolu"", ""hypothesis"": ""wolu"", ""langid"": ""other""}, {""operation"": ""deletion"", ""reference"": ""mau"", ""hypothesis"": """", ""langid"": ""other""}, {""operation"": ""deletion"", ""reference"": ""ya"", ""hypothesis"": """", ""langid"": ""other""}, {""operation"": ""deletion"", ""reference"": ""aku"", ""hypothesis"": """", ""langid"": ""other""}, {""operation"": ""deletion"", ""reference"": ""ya"", ""hypothesis"": """", ""langid"": ""other""}, {""operation"": ""substitution"", ""reference"": ""turu"", ""hypothesis"": ""mauya"", ""langid"": ""other""}]",wav2vec2,indonesian-nlp/wav2vec2-indonesian-javanese-sundanese,cpu
processed_indonesia/wav2vec2_300/02_vad/jember_065_0015.wav,"Nèk, e, kewan sing tak têmo, eh, kewan liar ya sing tak têmoni nèng omah iki ra enèk Mbak.",nekekewen sing tak tema tek kawan liar ya sing tak temaninnang oma iki raenek,"[""other""]",unknown,0.631579,"{""other"": {""deletions"": 5, ""insertions"": 0, ""reference_words"": 19, ""substitutions"": 7, ""wer"": 0.631578947368421}}","[{""operation"": ""deletion"", ""reference"": ""nèk"", ""hypothesis"": """", ""langid"": ""other""}, {""operation"": ""deletion"", ""reference"": ""e"", ""hypothesis"": """", ""langid"": ""other""}, {""operation"": ""substitution"", ""reference"": ""kewan"", ""hypothesis"": ""nekekewen"", ""langid"": ""other""}, {""operation"": ""correct"", ""reference"": ""sing"", ""hypothesis"": ""sing"", ""langid"": ""other""}, {""operation"": ""correct"", ""reference"": ""tak"", ""hypothesis"": ""tak"", ""langid"": ""other""}, {""operation"": ""substitution"", ""reference"": ""têmo"", ""hypothesis"": ""tema"", ""langid"": ""other""}, {""operation"": ""substitution"", ""reference"": ""eh"", ""hypothesis"": ""tek"", ""langid"": ""other""}, {""operation"": ""substitution"", ""reference"": ""kewan"", ""hypothesis"": ""kawan"", ""langid"": ""other""}, {""operation"": ""correct"", ""reference"": ""liar"", ""hypothesis"": ""liar"", ""langid"": ""other""}, {""operation"": ""correct"", ""reference"": ""ya"", ""hypothesis"": ""ya"", ""langid"": ""other""}, {""operation"": ""correct"", ""reference"": ""sing"", ""hypothesis"": ""sing"", ""langid"": ""other""}, {""operation"": ""correct"", ""reference"": ""tak"", ""hypothesis"": ""tak"", ""langid"": ""other""}, {""operation"": ""deletion"", ""reference"": ""têmoni"", ""hypothesis"": """", ""langid"": ""other""}, {""operation"": ""substitution"", ""reference"": ""nèng"", ""hypothesis"": ""temaninnang"", ""langid"": ""other""}, {""operation"": ""substitution"", ""reference"": ""omah"", ""hypothesis"": ""oma"", ""langid"": ""other""}, {""operation"": ""correct"", ""reference"": ""iki"", ""hypothesis"": ""iki"", ""langid"": ""other""}, {""operation"": ""deletion"", ""reference"": ""ra"", ""hypothesis"": """", ""langid"": ""other""}, {""operation"": ""deletion"", ""reference"": ""enèk"", ""hypothesis"": """", ""langid"": ""other""}, {""operation"": ""substitution"", ""reference"": ""Mbak"", ""hypothesis"": ""raenek"", ""langid"": ""other""}]",wav2vec2,indonesian-nlp/wav2vec2-indonesian-javanese-sundanese,cpu
processed_indonesia/wav2vec2_300/02_vad/jember_135_0009.wav,"Cuman ya, apa ya, ngono kan, e, gak selalu langsung di bênêrna ngono kan.",a jumanel opiya ngunukan be gak selalu lak sungdik benernana,"[""other""]",unknown,0.857143,"{""other"": {""deletions"": 4, ""insertions"": 0, ""reference_words"": 14, ""substitutions"": 8, ""wer"": 0.8571428571428571}}","[{""operation"": ""deletion"", ""reference"": ""cuman"", ""hypothesis"": """", ""langid"": ""other""}, {""operation"": ""deletion"", ""reference"": ""ya"", ""hypothesis"": """", ""langid"": ""other""}, {""operation"": ""substitution"", ""reference"": ""apa"", ""hypothesis"": ""a"", ""langid"": ""other""}, {""operation"": ""substitution"", ""reference"": ""ya"", ""hypothesis"": ""jumanel"", ""langid"": ""other""}, {""operation"": ""substitution"", ""reference"": ""ngono"", ""hypothesis"": ""opiya"", ""langid"": ""other""}, {""operation"": ""substitution"", ""reference"": ""kan"", ""hypothesis"": ""ngunukan"", ""langid"": ""other""}, {""operation"": ""substitution"", ""reference"": ""e"", ""hypothesis"": ""be"", ""langid"": ""other""}, {""operation"": ""correct"", ""reference"": ""gak"", ""hypothesis"": ""gak"", ""langid"": ""other""}, {""operation"": ""correct"", ""reference"": ""selalu"", ""hypothesis"": ""selalu"", ""langid"": ""other""}, {""operation"": ""deletion"", ""reference"": ""langsung"", ""hypothesis"": """", ""langid"": ""other""}, {""operation"": ""deletion"", ""reference"": ""di"", ""hypothesis"": """", ""langid"": ""other""}, {""operation"": ""substitution"", ""reference"": ""bênêrna"", ""hypothesis"": ""lak"", ""langid"": ""other""}, {""operation"": ""substitution"", ""reference"": ""ngono"", ""hypothesis"": ""sungdik"", ""langid"": ""other""}, {""operation"": ""substitution"", ""reference"": ""kan"", ""hypothesis"": ""benernana"", ""langid"": ""other""}]",wav2vec2,indonesian-nlp/wav2vec2-indonesian-javanese-sundanese,cpu
processed_indonesia/wav2vec2_300/02_vad/jember_101_0024.wav,"Nèk sêumpama pingin ayam goreng, ya adhewe garèk nggawe ayam goreng.",nn estmon me pengin ayam goreng ya adhewe garai gawe ayam gok,"[""other""]",unknown,0.636364,"{""other"": {""deletions"": 0, ""insertions"": 1, ""reference_words"": 11, ""substitutions"": 6, ""wer"": 0.6363636363636364}}","[{""operation"": ""insertion"", ""reference"": """", ""hypothesis"": ""nn"", ""langid"": ""other""}, {""operation"": ""substitution"", ""reference"": ""nèk"", ""hypothesis"": ""estmon"", ""langid"": ""other""}, {""operation"": ""substitution"", ""reference"": ""sêumpama"", ""hypothesis"": ""me"", ""langid"": ""other""}, {""operation"": ""substitution"", ""reference"": ""pingin"", ""hypothesis"": ""pengin"", ""langid"": ""other""}, {""operation"": ""correct"", ""reference"": ""ayam"", ""hypothesis"": ""ayam"", ""langid"": ""other""}, {""operation"": ""correct"", ""reference"": ""goreng"", ""hypothesis"": ""goreng"", ""langid"": ""other""}, {""operation"": ""correct"", ""reference"": ""ya"", ""hypothesis"": ""ya"", ""langid"": ""other""}, {""operation"": ""correct"", ""reference"": ""adhewe"", ""hypothesis"": ""adhewe"", ""langid"": ""other""}, {""operation"": ""substitution"", ""reference"": ""garèk"", ""hypothesis"": ""garai"", ""langid"": ""other""}, {""operation"": ""substitution"", ""reference"": ""nggawe"", ""hypothesis"": ""gawe"", ""langid"": ""other""}, {""operation"": ""correct"", ""reference"": ""ayam"", ""hypothesis"": ""ayam"", ""langid"": ""other""}, {""operation"": ""substitution"", ""reference"": ""goreng"", ""hypothesis"": ""gok"", ""langid"": ""other""}]",wav2vec2,indonesian-nlp/wav2vec2-indonesian-javanese-sundanese,cpu
processed_indonesia/wav2vec2_300/02_vad/jember_106_0085.wav,"Dadi iku, e, misal teknik nyerbunae atau teknik ngawinae ku salah titik gak sido nguwoh.k",dariku pe misal teknik nyerbuk noi atau teknik aweno iku salarithy,"[""unknown""]",unknown,0.812500,"{""unknown"": {""deletions"": 6, ""insertions"": 1, ""reference_words"": 16, ""substitutions"": 6, ""wer"": 0.8125}}","[{""operation"": ""deletion"", ""reference"": ""dadi"", ""hypothesis"": """", ""langid"": ""unknown""}, {""operation"": ""substitution"", ""reference"": ""iku"", ""hypothesis"": ""dariku"", ""langid"": ""unknown""}, {""operation"": ""substitution"", ""reference"": ""e"", ""hypothesis"": ""pe"", ""langid"": ""unknown""}, {""operation"": ""correct"", ""reference"": ""misal"", ""hypothesis"": ""misal"", ""langid"": ""unknown""}, {""operation"": ""correct"", ""reference"": ""teknik"", ""hypothesis"": ""teknik"", ""langid"": ""unknown""}, {""operation"": ""insertion"", ""reference"": """", ""hypothesis"": ""nyerbuk"", ""langid"": ""unknown""}, {""operation"": ""substitution"", ""reference"": ""nyerbunae"", ""hypothesis"": ""noi"", ""langid"": ""unknown""}, {""operation"": ""correct"", ""reference"": ""atau"", ""hypothesis"": ""atau"", ""langid"": ""unknown""}, {""operation"": ""correct"", ""reference"": ""teknik"", ""hypothesis"": ""teknik"", ""langid"": ""unknown""}, {""operation"": ""deletion"", ""reference"": ""ngawinae"", ""hypothesis"": """", ""langid"": ""unknown""}, {""operation"": ""deletion"", ""reference"": ""ku"", ""hypothesis"": """", ""langid"": ""unknown""}, {""operation"": ""deletion"", ""reference"": ""salah"", ""hypothesis"": """", ""langid"": ""unknown""}, {""operation"": ""deletion"", ""reference"": ""titik"", ""hypothesis"": """", ""langid"": ""unknown""}, {""operation"": ""deletion"", ""reference"": ""gak"", ""hypothesis"": """", ""langid"": ""unknown""}, {""operation"": ""substitution"", ""reference"": ""sido"", ""hypothesis"": ""aweno"", ""langid"": ""unknown""}, {""operation"": ""substitution"", ""reference"": ""nguwoh"", ""hypothesis"": ""iku"", ""langid"": ""unknown""}, {""operation"": ""substitution"", ""reference"": ""k"", ""hypothesis"": ""salarithy"", ""langid"": ""unknown""}]",wav2vec2,indonesian-nlp/wav2vec2-indonesian-javanese-sundanese,cpu
processed_indonesia/wav2vec2_300/02_vad/jember_001_0178.wav,Apa Anda cukup peduli padha permasalahan lingkungan? Kenapa?,apa anda cukup peduli pada permasa lingkulan kenata,"[""other""]",unknown,0.625000,"{""other"": {""deletions"": 0, ""insertions"": 0, ""reference_words"": 8, ""substitutions"": 5, ""wer"": 0.625}}","[{""operation"": ""correct"", ""reference"": ""apa"", ""hypothesis"": ""apa"", ""langid"": ""other""}, {""operation"": ""substitution"", ""reference"": ""Anda"", ""hypothesis"": ""anda"", ""langid"": ""other""}, {""operation"": ""correct"", ""reference"": ""cukup"", ""hypothesis"": ""cukup"", ""langid"": ""other""}, {""operation"": ""correct"", ""reference"": ""peduli"", ""hypothesis"": ""peduli"", ""langid"": ""other""}, {""operation"": ""substitution"", ""reference"": ""padha"", ""hypothesis"": ""pada"", ""langid"": ""other""}, {""operation"": ""substitution"", ""reference"": ""permasalahan"", ""hypothesis"": ""permasa"", ""langid"": ""other""}, {""operation"": ""substitution"", ""reference"": ""lingkungan"", ""hypothesis"": ""lingkulan"", ""langid"": ""other""}, {""operation"": ""substitution"", ""reference"": ""kenapa"", ""hypothesis"": ""kenata"", ""langid"": ""other""}]",wav2vec2,indonesian-nlp/wav2vec2-indonesian-javanese-sundanese,cpu
processed_indonesia/wav2vec2_300/02_vad/jember_188_0039.wav,"Iku kan efek têka, apa jênênge, têka lingkungan pisan Mbak sing berubah.",enak banget iku kan efek teka apa jenenge tekarb lingkungan pisan mbak simp,"[""other""]",unknown,0.666667,"{""other"": {""deletions"": 1, ""insertions"": 2, ""reference_words"": 12, ""substitutions"": 5, ""wer"": 0.6666666666666666}}","[{""operation"": ""insertion"", ""reference"": """", ""hypothesis"": ""enak"", ""langid"": ""other""}, {""operation"": ""insertion"", ""reference"": """", ""hypothesis"": ""banget"", ""langid"": ""other""}, {""operation"": ""correct"", ""reference"": ""iku"", ""hypothesis"": ""iku"", ""langid"": ""other""}, {""operation"": ""correct"", ""reference"": ""kan"", ""hypothesis"": ""kan"", ""langid"": ""other""}, {""operation"": ""correct"", ""reference"": ""efek"", ""hypothesis"": ""efek"", ""langid"": ""other""}, {""operation"": ""substitution"", ""reference"": ""têka"", ""hypothesis"": ""teka"", ""langid"": ""other""}, {""operation"": ""correct"", ""reference"": ""apa"", ""hypothesis"": ""apa"", ""langid"": ""other""}, {""operation"": ""substitution"", ""reference"": ""jênênge"", ""hypothesis"": ""jenenge"", ""langid"": ""other""}, {""operation"": ""substitution"", ""reference"": ""têka"", ""hypothesis"": ""tekarb"", ""langid"": ""other""}, {""operation"": ""correct"", ""reference"": ""lingkungan"", ""hypothesis"": ""lingkungan"", ""langid"": ""other""}, {""operation"": ""correct"", ""reference"": ""pisan"", ""hypothesis"": ""pisan"", ""langid"": ""other""}, {""operation"": ""deletion"", ""reference"": ""Mbak"", ""hypothesis"": """", ""langid"": ""other""}, {""operation"": ""substitution"", ""reference"": ""sing"", ""hypothesis"": ""mbak"", ""langid"": ""other""}, {""operation"": ""substitution"", ""reference"": ""berubah"", ""hypothesis"": ""simp"", ""langid"": ""other""}]",wav2vec2,indonesian-nlp/wav2vec2-indonesian-javanese-sundanese,cpu
processed_indonesia/wav2vec2_300/02_vad/jember_197_0046.wav,Tibakne siji ae wis cukup.,limatnya siji,"[""other""]",unknown,0.800000,"{""other"": {""deletions"": 3, ""insertions"": 0, ""reference_words"": 5, ""substitutions"": 1, ""wer"": 0.8}}","[{""operation"": ""substitution"", ""reference"": ""tibakne"", ""hypothesis"": ""limatnya"", ""langid"": ""other""}, {""operation"": ""correct"", ""reference"": ""siji"", ""hypothesis"": ""siji"", ""langid"": ""other""}, {""operation"": ""deletion"", ""reference"": ""ae"", ""hypothesis"": """", ""langid"": ""other""}, {""operation"": ""deletion"", ""reference"": ""wis"", ""hypothesis"": """", ""langid"": ""other""}, {""operation"": ""deletion"", ""reference"": ""cukup"", ""hypothesis"": """", ""langid"": ""other""}]",wav2vec2,indonesian-nlp/wav2vec2-indonesian-javanese-sundanese,cpu
processed_indonesia/wav2vec2_300/02_vad/jember_042_0022.wav,"Těrus, pas tak takon-takon, e, si Mbak, si Mbak'e iki sing ndèk kono iku ngomong lèk umpamane, “Kan, e..., wingi kan wis diomongi ngono ndèk Bapak Ahmad iki.”, ngono, “Apa’a, kok nggak digawa?” ngono.",kutrus pas selakem tapon e si mbak simbake iki san ndik gunu iku ngomong laai maneh ken e wingi kan mesdi omohi ngunun mbeek bapak ahmad iki ngonok pak okak nggak dik,"[""unknown""]",unknown,0.722222,"{""unknown"": {""deletions"": 4, ""insertions"": 0, ""reference_words"": 36, ""substitutions"": 22, ""wer"": 0.7222222222222222}}","[{""operation"": ""substitution"", ""reference"": ""těrus"", ""hypothesis"": ""kutrus"", ""langid"": ""unknown""}, {""operation"": ""correct"", ""reference"": ""pas"", ""hypothesis"": ""pas"", ""langid"": ""unknown""}, {""operation"": ""substitution"", ""reference"": ""tak"", ""hypothesis"": ""selakem"", ""langid"": ""unknown""}, {""operation"": ""substitution"", ""reference"": ""takon-takon"", ""hypothesis"": ""tapon"", ""langid"": ""unknown""}, {""operation"": ""correct"", ""reference"": ""e"", ""hypothesis"": ""e"", ""langid"": ""unknown""}, {""operation"": ""correct"", ""reference"": ""si"", ""hypothesis"": ""si"", ""langid"": ""unknown""}, {""operation"": ""deletion"", ""reference"": ""Mbak"", ""hypothesis"": """", ""langid"": ""unknown""}, {""operation"": ""substitution"", ""reference"": ""si"", ""hypothesis"": ""mbak"", ""langid"": ""unknown""}, {""operation"": ""substitution"", ""reference"": ""Mbak'e"", ""hypothesis"": ""simbake"", ""langid"": ""unknown""}, {""operation"": ""correct"", ""reference"": ""iki"", ""hypothesis"": ""iki"", ""langid"": ""unknown""}, {""operation"": ""substitution"", ""reference"": ""sing"", ""hypothesis"": ""san"", ""langid"": ""unknown""}, {""operation"": ""substitution"", ""reference"": ""ndèk"", ""hypothesis"": ""ndik"", ""langid"": ""unknown""}, {""operation"": ""substitution"", ""reference"": ""kono"", ""hypothesis"": ""gunu"", ""langid"": ""unknown""}, {""operation"": ""correct"", ""reference"": ""iku"", ""hypothesis"": ""iku"", ""langid"": ""unknown""}, {""operation"": ""correct"", ""reference"": ""ngomong"", ""hypothesis"": ""ngomong"", ""langid"": ""unknown""}, {""operation"": ""substitution"", ""reference"": ""lèk"", ""hypothesis"": ""laai"", ""langid"": ""unknown""}, {""operation"": ""substitution"", ""reference"": ""umpamane"", ""hypothesis"": ""maneh"", ""langid"": ""unknown""}, {""operation"": ""substitution"", ""reference"": ""“Kan"", ""hypothesis"": ""ken"", ""langid"": ""unknown""}, {""operation"": ""substitution"", ""reference"": ""e..."", ""hypothesis"": ""e"", ""langid"": ""unknown""}, {""operation"": ""correct"", ""reference"": ""wingi"", ""hypothesis"": ""wingi"", ""langid"": ""unknown""}, {""operation"": ""correct"", ""reference"": ""kan"", ""hypothesis"": ""kan"", ""langid"": ""unknown""}, {""operation"": ""substitution"", ""reference"": ""wis"", ""hypothesis"": ""mesdi"", ""langid"": ""unknown""}, {""operation"": ""substitution"", ""reference"": ""diomongi"", ""hypothesis"": ""omohi"", ""langid"": ""unknown""}, {""operation"": ""substitution"", ""reference"": ""ngono"", ""hypothesis"": ""ngunun"", ""langid"": ""unknown""}, {""operation"": ""substitution"", ""reference"": ""ndèk"", ""hypothesis"": ""mbeek"", ""langid"": ""unknown""}, {""operation"": ""substitution"", ""reference"": ""Bapak"", ""hypothesis"": ""bapak"", ""langid"": ""unknown""}, {""operation"": ""substitution"", ""reference"": ""Ahmad"", ""hypothesis"": ""ahmad"", ""langid"": ""unknown""}, {""operation"": ""correct"", ""reference"": ""iki"", ""hypothesis"": ""iki"", ""langid"": ""unknown""}, {""operation"": ""deletion"", ""reference"": ""”"", ""hypothesis"": """", ""langid"": ""unknown""}, {""operation"": ""substitution"", ""reference"": ""ngono"", ""hypothesis"": ""ngonok"", ""langid"": ""unknown""}, {""operation"": ""substitution"", ""reference"": ""“Apa’a"", ""hypothesis"": ""pak"", ""langid"": ""unknown""}, {""operation"": ""substitution"", ""reference"": ""kok"", ""hypothesis"": ""okak"", ""langid"": ""unknown""}, {""operation"": ""correct"", ""reference"": ""nggak"", ""hypothesis"": ""nggak"", ""langid"": ""unknown""}, {""operation"": ""deletion"", ""reference"": ""digawa"", ""hypothesis"": """", ""langid"": ""unknown""}, {""operation"": ""deletion"", ""reference"": ""”"", ""hypothesis"": """", ""langid"": ""unknown""}, {""operation"": ""substitution"", ""reference"": ""ngono"", ""hypothesis"": ""dik"", ""langid"": ""unknown""}]",wav2vec2,indonesian-nlp/wav2vec2-indonesian-javanese-sundanese,cpu
processed_indonesia/wav2vec2_300/02_vad/jember_118_0007.wav,Těrus awan mlaku neh.,tan awan rus awan mlaku,"[""other""]",unknown,1.000000,"{""other"": {""deletions"": 0, ""insertions"": 1, ""reference_words"": 4, ""substitutions"": 3, ""wer"": 1.0}}","[{""operation"": ""substitution"", ""reference"": ""těrus"", ""hypothesis"": ""tan"", ""langid"": ""other""}, {""operation"": ""correct"", ""reference"": ""awan"", ""hypothesis"": ""awan"", ""langid"": ""other""}, {""operation"": ""insertion"", ""reference"": """", ""hypothesis"": ""rus"", ""langid"": ""other""}, {""operation"": ""substitution"", ""reference"": ""mlaku"", ""hypothesis"": ""awan"", ""langid"": ""other""}, {""operation"": ""substitution"", ""reference"": ""neh"", ""hypothesis"": ""mlaku"", ""langid"": ""other""}]",wav2vec2,indonesian-nlp/wav2vec2-indonesian-javanese-sundanese,cpu
processed_indonesia/wav2vec2_300/02_vad/jember_080_0001.wav,"Menurutku, kabèh pêkêr, kabèh kegiatan sedina iku pênting.",menurutku kober pekerkabe kegiatan sedina itu penting,"[""other""]",unknown,0.625000,"{""other"": {""deletions"": 1, ""insertions"": 0, ""reference_words"": 8, ""substitutions"": 4, ""wer"": 0.625}}","[{""operation"": ""correct"", ""reference"": ""menurutku"", ""hypothesis"": ""menurutku"", ""langid"": ""other""}, {""operation"": ""deletion"", ""reference"": ""kabèh"", ""hypothesis"": """", ""langid"": ""other""}, {""operation"": ""substitution"", ""reference"": ""pêkêr"", ""hypothesis"": ""kober"", ""langid"": ""other""}, {""operation"": ""substitution"", ""reference"": ""kabèh"", ""hypothesis"": ""pekerkabe"", ""langid"": ""other""}, {""operation"": ""correct"", ""reference"": ""kegiatan"", ""hypothesis"": ""kegiatan"", ""langid"": ""other""}, {""operation"": ""correct"", ""reference"": ""sedina"", ""hypothesis"": ""sedina"", ""langid"": ""other""}, {""operation"": ""substitution"", ""reference"": ""iku"", ""hypothesis"": ""itu"", ""langid"": ""other""}, {""operation"": ""substitution"", ""reference"": ""pênting"", ""hypothesis"": ""penting"", ""langid"": ""other""}]",wav2vec2,indonesian-nlp/wav2vec2-indonesian-javanese-sundanese,cpu
processed_indonesia/wav2vec2_300/02_vad/jember_110_0006.wav,"Sampèk-sampèk wong Madura ndèk Jember, eh, ndèk Jember.",i sampek samntek wong medura mbek jembar,"[""other""]",unknown,1.000000,"{""other"": {""deletions"": 1, ""insertions"": 0, ""reference_words"": 8, ""substitutions"": 7, ""wer"": 1.0}}","[{""operation"": ""deletion"", ""reference"": ""sampèk-sampèk"", ""hypothesis"": """", ""langid"": ""other""}, {""operation"": ""substitution"", ""reference"": ""wong"", ""hypothesis"": ""i"", ""langid"": ""other""}, {""operation"": ""substitution"", ""reference"": ""Madura"", ""hypothesis"": ""sampek"", ""langid"": ""other""}, {""operation"": ""substitution"", ""reference"": ""ndèk"", ""hypothesis"": ""samntek"", ""langid"": ""other""}, {""operation"": ""substitution"", ""reference"": ""Jember"", ""hypothesis"": ""wong"", ""langid"": ""other""}, {""operation"": ""substitution"", ""reference"": ""eh"", ""hypothesis"": ""medura"", ""langid"": ""other""}, {""operation"": ""substitution"", ""reference"": ""ndèk"", ""hypothesis"": ""mbek"", ""langid"": ""other""}, {""operation"": ""substitution"", ""reference"": ""Jember"", ""hypothesis"": ""jembar"", ""langid"": ""other""}]",wav2vec2,indonesian-nlp/wav2vec2-indonesian-javanese-sundanese,cpu
processed_indonesia/wav2vec2_300/02_vad/jember_119_0005.wav,Umpama ora ana wong sing cocok aku luwih sênêng ndhewe misale.,upama ora ana wong sing coco kau luis en eng ndewe,"[""other""]",unknown,0.636364,"{""other"": {""deletions"": 0, ""insertions"": 0, ""reference_words"": 11, ""substitutions"": 7, ""wer"": 0.6363636363636364}}","[{""operation"": ""substitution"", ""reference"": ""umpama"", ""hypothesis"": ""upama"", ""langid"": ""other""}, {""operation"": ""correct"", ""reference"": ""ora"", ""hypothesis"": ""ora"", ""langid"": ""other""}, {""operation"": ""correct"", ""reference"": ""ana"", ""hypothesis"": ""ana"", ""langid"": ""other""}, {""operation"": ""correct"", ""reference"": ""wong"", ""hypothesis"": ""wong"", ""langid"": ""other""}, {""operation"": ""correct"", ""reference"": ""sing"", ""hypothesis"": ""sing"", ""langid"": ""other""}, {""operation"": ""substitution"", ""reference"": ""cocok"", ""hypothesis"": ""coco"", ""langid"": ""other""}, {""operation"": ""substitution"", ""reference"": ""aku"", ""hypothesis"": ""kau"", ""langid"": ""other""}, {""operation"": ""substitution"", ""reference"": ""luwih"", ""hypothesis"": ""luis"", ""langid"": ""other""}, {""operation"": ""substitution"", ""reference"": ""sênêng"", ""hypothesis"": ""en"", ""langid"": ""other""}, {""operation"": ""substitution"", ""reference"": ""ndhewe"", ""hypothesis"": ""eng"", ""langid"": ""other""}, {""operation"": ""substitution"", ""reference"": ""misale"", ""hypothesis"": ""ndewe"", ""langid"": ""other""}]",wav2vec2,indonesian-nlp/wav2vec2-indonesian-javanese-sundanese,cpu
processed_indonesia/wav2vec2_300/02_vad/indonesian_dev_09c191c01b3c45bd85e00ef8488c4e66.wav,"Dan iku adalah rekor hidup. Dalam hidupku aku bisa lari sejauh seratus kilo, sama kayak jarak Solo-Jogja. Solo-Magelang deh mungkin, dengan lari. Dan itu aku kayak bangga lah. Oh aku ternyata dulu yang... yang jarang gerak, yang susah gerak, ternyata bisa lari sejauh itu. Nah, tapi saiki aku kayane juga, jarang-jarang juga sih olahraga. Mergo ya apa ya, mungkin kesibukan, terus apa kuwi, hal-hal laine, agak mager juga.",danku delar rekor jugjelem hidupku aku bisa lari sejauh seratus kilo sama kayak jarak solo jogja sel maglang t mungkin dengan lari dan itusungbed ta kya banggalah olah aku tenitahi dulu yang yang jarak agerak yang isu sagerak erak disalari shal itunah tapi saiki kayane juga jarang jarang joga si lahraga amargawyiapria mungkin kesibukan tralus apa kuwi ge atahal lainnaya gak meger juga,"[""other""]",unknown,0.632353,"{""other"": {""deletions"": 8, ""insertions"": 3, ""reference_words"": 68, ""substitutions"": 32, ""wer"": 0.6323529411764706}}","[{""operation"": ""deletion"", ""reference"": ""dan"", ""hypothesis"": """", ""langid"": ""other""}, {""operation"": ""substitution"", ""reference"": ""iku"", ""hypothesis"": ""danku"", ""langid"": ""other""}, {""operation"": ""substitution"", ""reference"": ""adalah"", ""hypothesis"": ""delar"", ""langid"": ""other""}, {""operation"": ""correct"", ""reference"": ""rekor"", ""hypothesis"": ""rekor"", ""langid"": ""other""}, {""operation"": ""deletion"", ""reference"": ""hidup"", ""hypothesis"": """", ""langid"": ""other""}, {""operation"": ""substitution"", ""reference"": ""dalam"", ""hypothesis"": ""jugjelem"", ""langid"": ""other""}, {""operation"": ""correct"", ""reference"": ""hidupku"", ""hypothesis"": ""hidupku"", ""langid"": ""other""}, {""operation"": ""correct"", ""reference"": ""aku"", ""hypothesis"": ""aku"", ""langid"": ""other""}, {""operation"": ""correct"", ""reference"": ""bisa"", ""hypothesis"": ""bisa"", ""langid"": ""other""}, {""operation"": ""correct"", ""reference"": ""lari"", ""hypothesis"": ""lari"", ""langid"": ""other""}, {""operation"": ""correct"", ""reference"": ""sejauh"", ""hypothesis"": ""sejauh"", ""langid"": ""other""}, {""operation"": ""correct"", ""reference"": ""seratus"", ""hypothesis"": ""seratus"", ""langid"": ""other""}, {""operation"": ""correct"", ""reference"": ""kilo"", ""hypothesis"": ""kilo"", ""langid"": ""other""}, {""operation"": ""correct"", ""reference"": ""sama"", ""hypothesis"": ""sama"", ""langid"": ""other""}, {""operation"": ""correct"", ""reference"": ""kayak"", ""hypothesis"": ""kayak"", ""langid"": ""other""}, {""operation"": ""correct"", ""reference"": ""jarak"", ""hypothesis"": ""jarak"", ""langid"": ""other""}, {""operation"": ""insertion"", ""reference"": """", ""hypothesis"": ""solo"", ""langid"": ""other""}, {""operation"": ""insertion"", ""reference"": """", ""hypothesis"": ""jogja"", ""langid"": ""other""}, {""operation"": ""substitution"", ""reference"": ""Solo-Jogja"", ""hypothesis"": ""sel"", ""langid"": ""other""}, {""operation"": ""substitution"", ""reference"": ""solo-Magelang"", ""hypothesis"": ""maglang"", ""langid"": ""other""}, {""operation"": ""substitution"", ""reference"": ""deh"", ""hypothesis"": ""t"", ""langid"": ""other""}, {""operation"": ""correct"", ""reference"": ""mungkin"", ""hypothesis"": ""mungkin"", ""langid"": ""other""}, {""operation"": ""correct"", ""reference"": ""dengan"", ""hypothesis"": ""dengan"", ""langid"": ""other""}, {""operation"": ""correct"", ""reference"": ""lari"", ""hypothesis"": ""lari"", ""langid"": ""other""}, {""operation"": ""correct"", ""reference"": ""dan"", ""hypothesis"": ""dan"", ""langid"": ""other""}, {""operation"": ""deletion"", ""reference"": ""itu"", ""hypothesis"": """", ""langid"": ""other""}, {""operation"": ""substitution"", ""reference"": ""aku"", ""hypothesis"": ""itusungbed"", ""langid"": ""other""}, {""operation"": ""substitution"", ""reference"": ""kayak"", ""hypothesis"": ""ta"", ""langid"": ""other""}, {""operation"": ""substitution"", ""reference"": ""bangga"", ""hypothesis"": ""kya"", ""langid"": ""other""}, {""operation"": ""substitution"", ""reference"": ""lah"", ""hypothesis"": ""banggalah"", ""langid"": ""other""}, {""operation"": ""substitution"", ""reference"": ""oh"", ""hypothesis"": ""olah"", ""langid"": ""other""}, {""operation"": ""correct"", ""reference"": ""aku"", ""hypothesis"": ""aku"", ""langid"": ""other""}, {""operation"": ""substitution"", ""reference"": ""ternyata"", ""hypothesis"": ""tenitahi"", ""langid"": ""other""}, {""operation"": ""correct"", ""reference"": ""dulu"", ""hypothesis"": ""dulu"", ""langid"": ""other""}, {""operation"": ""substitution"", ""reference"": ""yang..."", ""hypothesis"": ""yang"", ""langid"": ""other""}, {""operation"": ""correct"", ""reference"": ""yang"", ""hypothesis"": ""yang"", ""langid"": ""other""}, {""operation"": ""substitution"", ""reference"": ""jarang"", ""hypothesis"": ""jarak"", ""langid"": ""other""}, {""operation"": ""substitution"", ""reference"": ""gerak"", ""hypothesis"": ""agerak"", ""langid"": ""other""}, {""operation"": ""correct"", ""reference"": ""yang"", ""hypothesis"": ""yang"", ""langid"": ""other""}, {""operation"": ""deletion"", ""reference"": ""susah"", ""hypothesis"": """", ""langid"": ""other""}, {""operation"": ""deletion"", ""reference"": ""gerak"", ""hypothesis"": """", ""langid"": ""other""}, {""operation"": ""substitution"", ""reference"": ""ternyata"", ""hypothesis"": ""isu"", ""langid"": ""other""}, {""operation"": ""substitution"", ""reference"": ""bisa"", ""hypothesis"": ""sagerak"", ""langid"": ""other""}, {""operation"": ""substitution"", ""reference"": ""lari"", ""hypothesis"": ""erak"", ""langid"": ""other""}, {""operation"": ""substitution"", ""reference"": ""sejauh"", ""hypothesis"": ""disalari"", ""langid"": ""other""}, {""operation"": ""substitution"", ""reference"": ""itu"", ""hypothesis"": ""shal"", ""langid"": ""other""}, {""operation"": ""substitution"", ""reference"": ""nah"", ""hypothesis"": ""itunah"", ""langid"": ""other""}, {""operation"": ""correct"", ""reference"": ""tapi"", ""hypothesis"": ""tapi"", ""langid"": ""other""}, {""operation"": ""correct"", ""reference"": ""saiki"", ""hypothesis"": ""saiki"", ""langid"": ""other""}, {""operation"": ""deletion"", ""reference"": ""aku"", ""hypothesis"": """", ""langid"": ""other""}, {""operation"": ""correct"", ""reference"": ""kayane"", ""hypothesis"": ""kayane"", ""langid"": ""other""}, {""operation"": ""deletion"", ""reference"": ""juga"", ""hypothesis"": """", ""langid"": ""other""}, {""operation"": ""deletion"", ""reference"": ""jarang-jarang"", ""hypothesis"": """", ""langid"": ""other""}, {""operation"": ""correct"", ""reference"": ""juga"", ""hypothesis"": ""juga"", ""langid"": ""other""}, {""operation"": ""substitution"", ""reference"": ""sih"", ""hypothesis"": ""jarang"", ""langid"": ""other""}, {""operation"": ""substitution"", ""reference"": ""olahraga"", ""hypothesis"": ""jarang"", ""langid"": ""other""}, {""operation"": ""substitution"", ""reference"": ""mergo"", ""hypothesis"": ""joga"", ""langid"": ""other""}, {""operation"": ""substitution"", ""reference"": ""ya"", ""hypothesis"": ""si"", ""langid"": ""other""}, {""operation"": ""substitution"", ""reference"": ""apa"", ""hypothesis"": ""lahraga"", ""langid"": ""other""}, {""operation"": ""substitution"", ""reference"": ""ya"", ""hypothesis"": ""amargawyiapria"", ""langid"": ""other""}, {""operation"": ""correct"", ""reference"": ""mungkin"", ""hypothesis"": ""mungkin"", ""langid"": ""other""}, {""operation"": ""correct"", ""reference"": ""kesibukan"", ""hypothesis"": ""kesibukan"", ""langid"": ""other""}, {""operation"": ""substitution"", ""reference"": ""terus"", ""hypothesis"": ""tralus"", ""langid"": ""other""}, {""operation"": ""correct"", ""reference"": ""apa"", ""hypothesis"": ""apa"", ""langid"": ""other""}, {""operation"": ""correct"", ""reference"": ""kuwi"", ""hypothesis"": ""kuwi"", ""langid"": ""other""}, {""operation"": ""insertion"", ""reference"": """", ""hypothesis"": ""ge"", ""langid"": ""other""}, {""operation"": ""substitution"", ""reference"": ""hal-hal"", ""hypothesis"": ""atahal"", ""langid"": ""other""}, {""operation"": ""substitution"", ""reference"": ""laine"", ""hypothesis"": ""lainnaya"", ""langid"": ""other""}, {""operation"": ""substitution"", ""reference"": ""agak"", ""hypothesis"": ""gak"", ""langid"": ""other""}, {""operation"": ""substitution"", ""reference"": ""mager"", ""hypothesis"": ""meger"", ""langid"": ""other""}, {""operation"": ""correct"", ""reference"": ""juga"", ""hypothesis"": ""juga"", ""langid"": ""other""}]",wav2vec2,indonesian-nlp/wav2vec2-indonesian-javanese-sundanese,cpu
processed_indonesia/wav2vec2_300/02_vad/jember_040_0016.wav,"E, kegiatan kanggo wong nom-noman biasane ndèk lingkungan omahe sampeyan apa?",oh kegiatan kanggo wong nom nomen biasana endek ninguwan omahe saman apa,"[""other""]",unknown,0.636364,"{""other"": {""deletions"": 0, ""insertions"": 1, ""reference_words"": 11, ""substitutions"": 6, ""wer"": 0.6363636363636364}}","[{""operation"": ""substitution"", ""reference"": ""e"", ""hypothesis"": ""oh"", ""langid"": ""other""}, {""operation"": ""correct"", ""reference"": ""kegiatan"", ""hypothesis"": ""kegiatan"", ""langid"": ""other""}, {""operation"": ""correct"", ""reference"": ""kanggo"", ""hypothesis"": ""kanggo"", ""langid"": ""other""}, {""operation"": ""correct"", ""reference"": ""wong"", ""hypothesis"": ""wong"", ""langid"": ""other""}, {""operation"": ""insertion"", ""reference"": """", ""hypothesis"": ""nom"", ""langid"": ""other""}, {""operation"": ""substitution"", ""reference"": ""nom-noman"", ""hypothesis"": ""nomen"", ""langid"": ""other""}, {""operation"": ""substitution"", ""reference"": ""biasane"", ""hypothesis"": ""biasana"", ""langid"": ""other""}, {""operation"": ""substitution"", ""reference"": ""ndèk"", ""hypothesis"": ""endek"", ""langid"": ""other""}, {""operation"": ""substitution"", ""reference"": ""lingkungan"", ""hypothesis"": ""ninguwan"", ""langid"": ""other""}, {""operation"": ""correct"", ""reference"": ""omahe"", ""hypothesis"": ""omahe"", ""langid"": ""other""}, {""operation"": ""substitution"", ""reference"": ""sampeyan"", ""hypothesis"": ""saman"", ""langid"": ""other""}, {""operation"": ""correct"", ""reference"": ""apa"", ""hypothesis"": ""apa"", ""langid"": ""other""}]",wav2vec2,indonesian-nlp/wav2vec2-indonesian-javanese-sundanese,cpu
processed_indonesia/wav2vec2_300/02_vad/jember_119_0015.wav,"Těrus, ngobrol umpama ana kancane, rokokan, maca, ndhewe umpama ncen dhewe.",lungguh trus ngobro lumpa na kancane rokokan waca ndhewe numpama ncen dhewe,"[""other""]",unknown,0.636364,"{""other"": {""deletions"": 0, ""insertions"": 1, ""reference_words"": 11, ""substitutions"": 6, ""wer"": 0.6363636363636364}}","[{""operation"": ""insertion"", ""reference"": """", ""hypothesis"": ""lungguh"", ""langid"": ""other""}, {""operation"": ""substitution"", ""reference"": ""těrus"", ""hypothesis"": ""trus"", ""langid"": ""other""}, {""operation"": ""substitution"", ""reference"": ""ngobrol"", ""hypothesis"": ""ngobro"", ""langid"": ""other""}, {""operation"": ""substitution"", ""reference"": ""umpama"", ""hypothesis"": ""lumpa"", ""langid"": ""other""}, {""operation"": ""substitution"", ""reference"": ""ana"", ""hypothesis"": ""na"", ""langid"": ""other""}, {""operation"": ""correct"", ""reference"": ""kancane"", ""hypothesis"": ""kancane"", ""langid"": ""other""}, {""operation"": ""correct"", ""reference"": ""rokokan"", ""hypothesis"": ""rokokan"", ""langid"": ""other""}, {""operation"": ""substitution"", ""reference"": ""maca"", ""hypothesis"": ""waca"", ""langid"": ""other""}, {""operation"": ""correct"", ""reference"": ""ndhewe"", ""hypothesis"": ""ndhewe"", ""langid"": ""other""}, {""operation"": ""substitution"", ""reference"": ""umpama"", ""hypothesis"": ""numpama"", ""langid"": ""other""}, {""operation"": ""correct"", ""reference"": ""ncen"", ""hypothesis"": ""ncen"", ""langid"": ""other""}, {""operation"": ""correct"", ""reference"": ""dhewe"", ""hypothesis"": ""dhewe"", ""langid"": ""other""}]",wav2vec2,indonesian-nlp/wav2vec2-indonesian-javanese-sundanese,cpu
processed_indonesia/wav2vec2_300/02_vad/jember_204_0036.wav,"Nèk menurutku pendhidhikan formal iku ya, apa ya?",nek menurutku pendidikan formaliku ya,"[""other""]",unknown,0.750000,"{""other"": {""deletions"": 3, ""insertions"": 0, ""reference_words"": 8, ""substitutions"": 3, ""wer"": 0.75}}","[{""operation"": ""substitution"", ""reference"": ""nèk"", ""hypothesis"": ""nek"", ""langid"": ""other""}, {""operation"": ""correct"", ""reference"": ""menurutku"", ""hypothesis"": ""menurutku"", ""langid"": ""other""}, {""operation"": ""deletion"", ""reference"": ""pendhidhikan"", ""hypothesis"": """", ""langid"": ""other""}, {""operation"": ""deletion"", ""reference"": ""formal"", ""hypothesis"": """", ""langid"": ""other""}, {""operation"": ""deletion"", ""reference"": ""iku"", ""hypothesis"": """", ""langid"": ""other""}, {""operation"": ""substitution"", ""reference"": ""ya"", ""hypothesis"": ""pendidikan"", ""langid"": ""other""}, {""operation"": ""substitution"", ""reference"": ""apa"", ""hypothesis"": ""formaliku"", ""langid"": ""other""}, {""operation"": ""correct"", ""reference"": ""ya"", ""hypothesis"": ""ya"", ""langid"": ""other""}]",wav2vec2,indonesian-nlp/wav2vec2-indonesian-javanese-sundanese,cpu
processed_indonesia/wav2vec2_300/02_vad/jember_030_0071.wav,"Lèk ibarat wong iku mesin, mesin ya lèk gak sêring digawe, ya cêpêt rusak.",ng nemen nikbibarat wong iku mesin mesin nilika sering digawe cepet,"[""other""]",unknown,0.714286,"{""other"": {""deletions"": 4, ""insertions"": 1, ""reference_words"": 14, ""substitutions"": 5, ""wer"": 0.7142857142857143}}","[{""operation"": ""insertion"", ""reference"": """", ""hypothesis"": ""ng"", ""langid"": ""other""}, {""operation"": ""substitution"", ""reference"": ""lèk"", ""hypothesis"": ""nemen"", ""langid"": ""other""}, {""operation"": ""substitution"", ""reference"": ""ibarat"", ""hypothesis"": ""nikbibarat"", ""langid"": ""other""}, {""operation"": ""correct"", ""reference"": ""wong"", ""hypothesis"": ""wong"", ""langid"": ""other""}, {""operation"": ""correct"", ""reference"": ""iku"", ""hypothesis"": ""iku"", ""langid"": ""other""}, {""operation"": ""correct"", ""reference"": ""mesin"", ""hypothesis"": ""mesin"", ""langid"": ""other""}, {""operation"": ""correct"", ""reference"": ""mesin"", ""hypothesis"": ""mesin"", ""langid"": ""other""}, {""operation"": ""deletion"", ""reference"": ""ya"", ""hypothesis"": """", ""langid"": ""other""}, {""operation"": ""deletion"", ""reference"": ""lèk"", ""hypothesis"": """", ""langid"": ""other""}, {""operation"": ""substitution"", ""reference"": ""gak"", ""hypothesis"": ""nilika"", ""langid"": ""other""}, {""operation"": ""substitution"", ""reference"": ""sêring"", ""hypothesis"": ""sering"", ""langid"": ""other""}, {""operation"": ""correct"", ""reference"": ""digawe"", ""hypothesis"": ""digawe"", ""langid"": ""other""}, {""operation"": ""deletion"", ""reference"": ""ya"", ""hypothesis"": """", ""langid"": ""other""}, {""operation"": ""deletion"", ""reference"": ""cêpêt"", ""hypothesis"": """", ""langid"": ""other""}, {""operation"": ""substitution"", ""reference"": ""rusak"", ""hypothesis"": ""cepet"", ""langid"": ""other""}]",wav2vec2,indonesian-nlp/wav2vec2-indonesian-javanese-sundanese,cpu
processed_indonesia/wav2vec2_300/02_vad/indonesian_dev_5a802bbf56164e30a0fec4e4bf333380.wav,"Kita melewati beberapa ruang, ruang satu, ruang dua, ruang tiga. Dengan beberapa... ada yang boneka, ada yang orang asli. Dan kami pun sempat nyasar, sempet nyasar ke ruang yang salah. Terus... terus kami bertanya kepada hantunya, kan hantunya dia emang, dia emang juga manusia ya, ""Mas... mas, tulung-tulung nyasar, lewat ngendi, lewat ngendi?"" ""Kono... kono, kidul... kidul... kidul..."" hantunya bilang gitu",kita menawati beberapa ruang ngeruang satu rang dua rong tiga dengan beberapa adayan boneka ada yang orang asli dan kanipun sempet nyasar kebasa pernyasar keruang yang salah terus terus jami pertanyan kepada handunya kat tenduryan diawan diawa juga manusiaya masmastunuh gunung nyasar liwat liwati konu kunu kidul kidul kidul sati belak gitu,"[""other""]",unknown,0.655738,"{""other"": {""deletions"": 9, ""insertions"": 0, ""reference_words"": 61, ""substitutions"": 31, ""wer"": 0.6557377049180327}}","[{""operation"": ""correct"", ""reference"": ""kita"", ""hypothesis"": ""kita"", ""langid"": ""other""}, {""operation"": ""substitution"", ""reference"": ""melewati"", ""hypothesis"": ""menawati"", ""langid"": ""other""}, {""operation"": ""correct"", ""reference"": ""beberapa"", ""hypothesis"": ""beberapa"", ""langid"": ""other""}, {""operation"": ""correct"", ""reference"": ""ruang"", ""hypothesis"": ""ruang"", ""langid"": ""other""}, {""operation"": ""substitution"", ""reference"": ""ruang"", ""hypothesis"": ""ngeruang"", ""langid"": ""other""}, {""operation"": ""correct"", ""reference"": ""satu"", ""hypothesis"": ""satu"", ""langid"": ""other""}, {""operation"": ""substitution"", ""reference"": ""ruang"", ""hypothesis"": ""rang"", ""langid"": ""other""}, {""operation"": ""correct"", ""reference"": ""dua"", ""hypothesis"": ""dua"", ""langid"": ""other""}, {""operation"": ""substitution"", ""reference"": ""ruang"", ""hypothesis"": ""rong"", ""langid"": ""other""}, {""operation"": ""correct"", ""reference"": ""tiga"", ""hypothesis"": ""tiga"", ""langid"": ""other""}, {""operation"": ""correct"", ""reference"": ""dengan"", ""hypothesis"": ""dengan"", ""langid"": ""other""}, {""operation"": ""deletion"", ""reference"": ""beberapa..."", ""hypothesis"": """", ""langid"": ""other""}, {""operation"": ""substitution"", ""reference"": ""ada"", ""hypothesis"": ""beberapa"", ""langid"": ""other""}, {""operation"": ""substitution"", ""reference"": ""yang"", ""hypothesis"": ""adayan"", ""langid"": ""other""}, {""operation"": ""correct"", ""reference"": ""boneka"", ""hypothesis"": ""boneka"", ""langid"": ""other""}, {""operation"": ""correct"", ""reference"": ""ada"", ""hypothesis"": ""ada"", ""langid"": ""other""}, {""operation"": ""correct"", ""reference"": ""yang"", ""hypothesis"": ""yang"", ""langid"": ""other""}, {""operation"": ""correct"", ""reference"": ""orang"", ""hypothesis"": ""orang"", ""langid"": ""other""}, {""operation"": ""correct"", ""reference"": ""asli"", ""hypothesis"": ""asli"", ""langid"": ""other""}, {""operation"": ""correct"", ""reference"": ""dan"", ""hypothesis"": ""dan"", ""langid"": ""other""}, {""operation"": ""deletion"", ""reference"": ""kami"", ""hypothesis"": """", ""langid"": ""other""}, {""operation"": ""substitution"", ""reference"": ""pun"", ""hypothesis"": ""kanipun"", ""langid"": ""other""}, {""operation"": ""substitution"", ""reference"": ""sempat"", ""hypothesis"": ""sempet"", ""langid"": ""other""}, {""operation"": ""correct"", ""reference"": ""nyasar"", ""hypothesis"": ""nyasar"", ""langid"": ""other""}, {""operation"": ""deletion"", ""reference"": ""sempet"", ""hypothesis"": """", ""langid"": ""other""}, {""operation"": ""substitution"", ""reference"": ""nyasar"", ""hypothesis"": ""kebasa"", ""langid"": ""other""}, {""operation"": ""substitution"", ""reference"": ""ke"", ""hypothesis"": ""pernyasar"", ""langid"": ""other""}, {""operation"": ""substitution"", ""reference"": ""ruang"", ""hypothesis"": ""keruang"", ""langid"": ""other""}, {""operation"": ""correct"", ""reference"": ""yang"", ""hypothesis"": ""yang"", ""langid"": ""other""}, {""operation"": ""correct"", ""reference"": ""salah"", ""hypothesis"": ""salah"", ""langid"": ""other""}, {""operation"": ""substitution"", ""reference"": ""terus..."", ""hypothesis"": ""terus"", ""langid"": ""other""}, {""operation"": ""correct"", ""reference"": ""terus"", ""hypothesis"": ""terus"", ""langid"": ""other""}, {""operation"": ""substitution"", ""reference"": ""kami"", ""hypothesis"": ""jami"", ""langid"": ""other""}, {""operation"": ""substitution"", ""reference"": ""bertanya"", ""hypothesis"": ""pertanyan"", ""langid"": ""other""}, {""operation"": ""correct"", ""reference"": ""kepada"", ""hypothesis"": ""kepada"", ""langid"": ""other""}, {""operation"": ""deletion"", ""reference"": ""hantunya"", ""hypothesis"": """", ""langid"": ""other""}, {""operation"": ""deletion"", ""reference"": ""kan"", ""hypothesis"": """", ""langid"": ""other""}, {""operation"": ""substitution"", ""reference"": ""hantunya"", ""hypothesis"": ""handunya"", ""langid"": ""other""}, {""operation"": ""substitution"", ""reference"": ""dia"", ""hypothesis"": ""kat"", ""langid"": ""other""}, {""operation"": ""substitution"", ""reference"": ""emang"", ""hypothesis"": ""tenduryan"", ""langid"": ""other""}, {""operation"": ""substitution"", ""reference"": ""dia"", ""hypothesis"": ""diawan"", ""langid"": ""other""}, {""operation"": ""substitution"", ""reference"": ""emang"", ""hypothesis"": ""diawa"", ""langid"": ""other""}, {""operation"": ""correct"", ""reference"": ""juga"", ""hypothesis"": ""juga"", ""langid"": ""other""}, {""operation"": ""deletion"", ""reference"": ""manusia"", ""hypothesis"": """", ""langid"": ""other""}, {""operation"": ""deletion"", ""reference"": ""ya"", ""hypothesis"": """", ""langid"": ""other""}, {""operation"": ""substitution"", ""reference"": ""Mas..."", ""hypothesis"": ""manusiaya"", ""langid"": ""other""}, {""operation"": ""substitution"", ""reference"": ""mas"", ""hypothesis"": ""masmastunuh"", ""langid"": ""other""}, {""operation"": ""substitution"", ""reference"": ""tulung-tulung"", ""hypothesis"": ""gunung"", ""langid"": ""other""}, {""operation"": ""correct"", ""reference"": ""nyasar"", ""hypothesis"": ""nyasar"", ""langid"": ""other""}, {""operation"": ""deletion"", ""reference"": ""lewat"", ""hypothesis"": """", ""langid"": ""other""}, {""operation"": ""deletion"", ""reference"": ""ngendi"", ""hypothesis"": """", ""langid"": ""other""}, {""operation"": ""substitution"", ""reference"": ""lewat"", ""hypothesis"": ""liwat"", ""langid"": ""other""}, {""operation"": ""substitution"", ""reference"": ""ngendi"", ""hypothesis"": ""liwati"", ""langid"": ""other""}, {""operation"": ""substitution"", ""reference"": ""kono..."", ""hypothesis"": ""konu"", ""langid"": ""other""}, {""operation"": ""substitution"", ""reference"": ""kono"", ""hypothesis"": ""kunu"", ""langid"": ""other""}, {""operation"": ""substitution"", ""reference"": ""kidul..."", ""hypothesis"": ""kidul"", ""langid"": ""other""}, {""operation"": ""substitution"", ""reference"": ""kidul..."", ""hypothesis"": ""kidul"", ""langid"": ""other""}, {""operation"": ""substitution"", ""reference"": ""kidul..."", ""hypothesis"": ""kidul"", ""langid"": ""other""}, {""operation"": ""substitution"", ""reference"": ""hantunya"", ""hypothesis"": ""sati"", ""langid"": ""other""}, {""operation"": ""substitution"", ""reference"": ""bilang"", ""hypothesis"": ""belak"", ""langid"": ""other""}, {""operation"": ""correct"", ""reference"": ""gitu"", ""hypothesis"": ""gitu"", ""langid"": ""other""}]",wav2vec2,indonesian-nlp/wav2vec2-indonesian-javanese-sundanese,cpu
processed_indonesia/wav2vec2_300/02_vad/jember_102_0030.wav,"Mas sing, těrus wonge kan takon sing iki ta, sing limangewu?",masing terus weng ta konseng ikit tasing limang ewu,"[""other""]",unknown,1.000000,"{""other"": {""deletions"": 2, ""insertions"": 0, ""reference_words"": 11, ""substitutions"": 9, ""wer"": 1.0}}","[{""operation"": ""deletion"", ""reference"": ""mas"", ""hypothesis"": """", ""langid"": ""other""}, {""operation"": ""deletion"", ""reference"": ""sing"", ""hypothesis"": """", ""langid"": ""other""}, {""operation"": ""substitution"", ""reference"": ""těrus"", ""hypothesis"": ""masing"", ""langid"": ""other""}, {""operation"": ""substitution"", ""reference"": ""wonge"", ""hypothesis"": ""terus"", ""langid"": ""other""}, {""operation"": ""substitution"", ""reference"": ""kan"", ""hypothesis"": ""weng"", ""langid"": ""other""}, {""operation"": ""substitution"", ""reference"": ""takon"", ""hypothesis"": ""ta"", ""langid"": ""other""}, {""operation"": ""substitution"", ""reference"": ""sing"", ""hypothesis"": ""konseng"", ""langid"": ""other""}, {""operation"": ""substitution"", ""reference"": ""iki"", ""hypothesis"": ""ikit"", ""langid"": ""other""}, {""operation"": ""substitution"", ""reference"": ""ta"", ""hypothesis"": ""tasing"", ""langid"": ""other""}, {""operation"": ""substitution"", ""reference"": ""sing"", ""hypothesis"": ""limang"", ""langid"": ""other""}, {""operation"": ""substitution"", ""reference"": ""limangewu"", ""hypothesis"": ""ewu"", ""langid"": ""other""}]",wav2vec2,indonesian-nlp/wav2vec2-indonesian-javanese-sundanese,cpu
processed_indonesia/wav2vec2_300/02_vad/jember_151_0006.wav,"Tapi, kadang ya nge-game ya isa kowe malah, malah kowe, nggawe, malah, nggawe kowe makin stress ngono nèk kalah těrus, apa ya apa.",ben pikiran tepi kadang yo ngadem ya isuk kuwe malah malahkui gawe malah gawe kue macin tra uluh lai kawah terssa w,"[""other""]",unknown,0.913043,"{""other"": {""deletions"": 3, ""insertions"": 2, ""reference_words"": 23, ""substitutions"": 16, ""wer"": 0.9130434782608695}}","[{""operation"": ""insertion"", ""reference"": """", ""hypothesis"": ""ben"", ""langid"": ""other""}, {""operation"": ""insertion"", ""reference"": """", ""hypothesis"": ""pikiran"", ""langid"": ""other""}, {""operation"": ""substitution"", ""reference"": ""tapi"", ""hypothesis"": ""tepi"", ""langid"": ""other""}, {""operation"": ""correct"", ""reference"": ""kadang"", ""hypothesis"": ""kadang"", ""langid"": ""other""}, {""operation"": ""substitution"", ""reference"": ""ya"", ""hypothesis"": ""yo"", ""langid"": ""other""}, {""operation"": ""substitution"", ""reference"": ""nge-game"", ""hypothesis"": ""ngadem"", ""langid"": ""other""}, {""operation"": ""correct"", ""reference"": ""ya"", ""hypothesis"": ""ya"", ""langid"": ""other""}, {""operation"": ""deletion"", ""reference"": ""isa"", ""hypothesis"": """", ""langid"": ""other""}, {""operation"": ""substitution"", ""reference"": ""kowe"", ""hypothesis"": ""isuk"", ""langid"": ""other""}, {""operation"": ""substitution"", ""reference"": ""malah"", ""hypothesis"": ""kuwe"", ""langid"": ""other""}, {""operation"": ""correct"", ""reference"": ""malah"", ""hypothesis"": ""malah"", ""langid"": ""other""}, {""operation"": ""substitution"", ""reference"": ""kowe"", ""hypothesis"": ""malahkui"", ""langid"": ""other""}, {""operation"": ""substitution"", ""reference"": ""nggawe"", ""hypothesis"": ""gawe"", ""langid"": ""other""}, {""operation"": ""correct"", ""reference"": ""malah"", ""hypothesis"": ""malah"", ""langid"": ""other""}, {""operation"": ""deletion"", ""reference"": ""nggawe"", ""hypothesis"": """", ""langid"": ""other""}, {""operation"": ""deletion"", ""reference"": ""kowe"", ""hypothesis"": """", ""langid"": ""other""}, {""operation"": ""substitution"", ""reference"": ""makin"", ""hypothesis"": ""gawe"", ""langid"": ""other""}, {""operation"": ""substitution"", ""reference"": ""stress"", ""hypothesis"": ""kue"", ""langid"": ""other""}, {""operation"": ""substitution"", ""reference"": ""ngono"", ""hypothesis"": ""macin"", ""langid"": ""other""}, {""operation"": ""substitution"", ""reference"": ""nèk"", ""hypothesis"": ""tra"", ""langid"": ""other""}, {""operation"": ""substitution"", ""reference"": ""kalah"", ""hypothesis"": ""uluh"", ""langid"": ""other""}, {""operation"": ""substitution"", ""reference"": ""těrus"", ""hypothesis"": ""lai"", ""langid"": ""other""}, {""operation"": ""substitution"", ""reference"": ""apa"", ""hypothesis"": ""kawah"", ""langid"": ""other""}, {""operation"": ""substitution"", ""reference"": ""ya"", ""hypothesis"": ""terssa"", ""langid"": ""other""}, {""operation"": ""substitution"", ""reference"": ""apa"", ""hypothesis"": ""w"", ""langid"": ""other""}]",wav2vec2,indonesian-nlp/wav2vec2-indonesian-javanese-sundanese,cpu
processed_indonesia/wav2vec2_300/02_vad/jember_024_0064.wav,"Apa manèh sing gak duwe rutinitas, apa gak tambah buosên.",osen apa peneh sing gak ndure ruti nitas sapu gak tama bawasin,"[""other""]",unknown,0.800000,"{""other"": {""deletions"": 0, ""insertions"": 2, ""reference_words"": 10, ""substitutions"": 6, ""wer"": 0.8}}","[{""operation"": ""insertion"", ""reference"": """", ""hypothesis"": ""osen"", ""langid"": ""other""}, {""operation"": ""correct"", ""reference"": ""apa"", ""hypothesis"": ""apa"", ""langid"": ""other""}, {""operation"": ""substitution"", ""reference"": ""manèh"", ""hypothesis"": ""peneh"", ""langid"": ""other""}, {""operation"": ""correct"", ""reference"": ""sing"", ""hypothesis"": ""sing"", ""langid"": ""other""}, {""operation"": ""correct"", ""reference"": ""gak"", ""hypothesis"": ""gak"", ""langid"": ""other""}, {""operation"": ""insertion"", ""reference"": """", ""hypothesis"": ""ndure"", ""langid"": ""other""}, {""operation"": ""substitution"", ""reference"": ""duwe"", ""hypothesis"": ""ruti"", ""langid"": ""other""}, {""operation"": ""substitution"", ""reference"": ""rutinitas"", ""hypothesis"": ""nitas"", ""langid"": ""other""}, {""operation"": ""substitution"", ""reference"": ""apa"", ""hypothesis"": ""sapu"", ""langid"": ""other""}, {""operation"": ""correct"", ""reference"": ""gak"", ""hypothesis"": ""gak"", ""langid"": ""other""}, {""operation"": ""substitution"", ""reference"": ""tambah"", ""hypothesis"": ""tama"", ""langid"": ""other""}, {""operation"": ""substitution"", ""reference"": ""buosên"", ""hypothesis"": ""bawasin"", ""langid"": ""other""}]",wav2vec2,indonesian-nlp/wav2vec2-indonesian-javanese-sundanese,cpu
processed_indonesia/wav2vec2_300/02_vad/jember_131_0008.wav,"Dan, apa jênênge, wong-wong nèng kono ya do nggawe baju adat.",den epa sini wong mwuneku nayokok eda nggawi,"[""other""]",unknown,1.000000,"{""other"": {""deletions"": 3, ""insertions"": 0, ""reference_words"": 11, ""substitutions"": 8, ""wer"": 1.0}}","[{""operation"": ""deletion"", ""reference"": ""dan"", ""hypothesis"": """", ""langid"": ""other""}, {""operation"": ""deletion"", ""reference"": ""apa"", ""hypothesis"": """", ""langid"": ""other""}, {""operation"": ""deletion"", ""reference"": ""jênênge"", ""hypothesis"": """", ""langid"": ""other""}, {""operation"": ""substitution"", ""reference"": ""wong-wong"", ""hypothesis"": ""den"", ""langid"": ""other""}, {""operation"": ""substitution"", ""reference"": ""nèng"", ""hypothesis"": ""epa"", ""langid"": ""other""}, {""operation"": ""substitution"", ""reference"": ""kono"", ""hypothesis"": ""sini"", ""langid"": ""other""}, {""operation"": ""substitution"", ""reference"": ""ya"", ""hypothesis"": ""wong"", ""langid"": ""other""}, {""operation"": ""substitution"", ""reference"": ""do"", ""hypothesis"": ""mwuneku"", ""langid"": ""other""}, {""operation"": ""substitution"", ""reference"": ""nggawe"", ""hypothesis"": ""nayokok"", ""langid"": ""other""}, {""operation"": ""substitution"", ""reference"": ""baju"", ""hypothesis"": ""eda"", ""langid"": ""other""}, {""operation"": ""substitution"", ""reference"": ""adat"", ""hypothesis"": ""nggawi"", ""langid"": ""other""}]",wav2vec2,indonesian-nlp/wav2vec2-indonesian-javanese-sundanese,cpu
processed_indonesia/wav2vec2_300/02_vad/jember_002_0027.wav,"Ana, em, sepeda pancal akèh, sepeda pancal.",onok em sepeda pancella ki seped ak,"[""other""]",unknown,0.714286,"{""other"": {""deletions"": 0, ""insertions"": 0, ""reference_words"": 7, ""substitutions"": 5, ""wer"": 0.7142857142857143}}","[{""operation"": ""substitution"", ""reference"": ""ana"", ""hypothesis"": ""onok"", ""langid"": ""other""}, {""operation"": ""correct"", ""reference"": ""em"", ""hypothesis"": ""em"", ""langid"": ""other""}, {""operation"": ""correct"", ""reference"": ""sepeda"", ""hypothesis"": ""sepeda"", ""langid"": ""other""}, {""operation"": ""substitution"", ""reference"": ""pancal"", ""hypothesis"": ""pancella"", ""langid"": ""other""}, {""operation"": ""substitution"", ""reference"": ""akèh"", ""hypothesis"": ""ki"", ""langid"": ""other""}, {""operation"": ""substitution"", ""reference"": ""sepeda"", ""hypothesis"": ""seped"", ""langid"": ""other""}, {""operation"": ""substitution"", ""reference"": ""pancal"", ""hypothesis"": ""ak"", ""langid"": ""other""}]",wav2vec2,indonesian-nlp/wav2vec2-indonesian-javanese-sundanese,cpu
processed_indonesia/wav2vec2_300/02_vad/jember_101_0019.wav,"Ya, ènèk iku, monyet-monyet iku sing, sing nggarai seru juga.",io enek iku monyat monyat iku sing sing nggarai seru juga,"[""other""]",unknown,0.400000,"{""other"": {""deletions"": 0, ""insertions"": 1, ""reference_words"": 10, ""substitutions"": 3, ""wer"": 0.4}}","[{""operation"": ""substitution"", ""reference"": ""ya"", ""hypothesis"": ""io"", ""langid"": ""other""}, {""operation"": ""substitution"", ""reference"": ""ènèk"", ""hypothesis"": ""enek"", ""langid"": ""other""}, {""operation"": ""correct"", ""reference"": ""iku"", ""hypothesis"": ""iku"", ""langid"": ""other""}, {""operation"": ""insertion"", ""reference"": """", ""hypothesis"": ""monyat"", ""langid"": ""other""}, {""operation"": ""substitution"", ""reference"": ""monyet-monyet"", ""hypothesis"": ""monyat"", ""langid"": ""other""}, {""operation"": ""correct"", ""reference"": ""iku"", ""hypothesis"": ""iku"", ""langid"": ""other""}, {""operation"": ""correct"", ""reference"": ""sing"", ""hypothesis"": ""sing"", ""langid"": ""other""}, {""operation"": ""correct"", ""reference"": ""sing"", ""hypothesis"": ""sing"", ""langid"": ""other""}, {""operation"": ""correct"", ""reference"": ""nggarai"", ""hypothesis"": ""nggarai"", ""langid"": ""other""}, {""operation"": ""correct"", ""reference"": ""seru"", ""hypothesis"": ""seru"", ""langid"": ""other""}, {""operation"": ""correct"", ""reference"": ""juga"", ""hypothesis"": ""juga"", ""langid"": ""other""}]",wav2vec2,indonesian-nlp/wav2vec2-indonesian-javanese-sundanese,cpu
processed_indonesia/wav2vec2_300/02_vad/jember_026_0067.wav,"Nah, biasane iku lèk sik menyebabkan terjadinya konflik iku ya wong-wong sing duwe ati iri dengki ngono kuwi.",jnabiasane iku lesih menyuwalkan terjadinya konflik iku ya wong wong sing duwe ati iri denki ngunung kue,"[""other""]",unknown,0.555556,"{""other"": {""deletions"": 2, ""insertions"": 1, ""reference_words"": 18, ""substitutions"": 7, ""wer"": 0.5555555555555556}}","[{""operation"": ""deletion"", ""reference"": ""nah"", ""hypothesis"": """", ""langid"": ""other""}, {""operation"": ""substitution"", ""reference"": ""biasane"", ""hypothesis"": ""jnabiasane"", ""langid"": ""other""}, {""operation"": ""correct"", ""reference"": ""iku"", ""hypothesis"": ""iku"", ""langid"": ""other""}, {""operation"": ""deletion"", ""reference"": ""lèk"", ""hypothesis"": """", ""langid"": ""other""}, {""operation"": ""substitution"", ""reference"": ""sik"", ""hypothesis"": ""lesih"", ""langid"": ""other""}, {""operation"": ""substitution"", ""reference"": ""menyebabkan"", ""hypothesis"": ""menyuwalkan"", ""langid"": ""other""}, {""operation"": ""correct"", ""reference"": ""terjadinya"", ""hypothesis"": ""terjadinya"", ""langid"": ""other""}, {""operation"": ""correct"", ""reference"": ""konflik"", ""hypothesis"": ""konflik"", ""langid"": ""other""}, {""operation"": ""correct"", ""reference"": ""iku"", ""hypothesis"": ""iku"", ""langid"": ""other""}, {""operation"": ""correct"", ""reference"": ""ya"", ""hypothesis"": ""ya"", ""langid"": ""other""}, {""operation"": ""insertion"", ""reference"": """", ""hypothesis"": ""wong"", ""langid"": ""other""}, {""operation"": ""substitution"", ""reference"": ""wong-wong"", ""hypothesis"": ""wong"", ""langid"": ""other""}, {""operation"": ""correct"", ""reference"": ""sing"", ""hypothesis"": ""sing"", ""langid"": ""other""}, {""operation"": ""correct"", ""reference"": ""duwe"", ""hypothesis"": ""duwe"", ""langid"": ""other""}, {""operation"": ""correct"", ""reference"": ""ati"", ""hypothesis"": ""ati"", ""langid"": ""other""}, {""operation"": ""correct"", ""reference"": ""iri"", ""hypothesis"": ""iri"", ""langid"": ""other""}, {""operation"": ""substitution"", ""reference"": ""dengki"", ""hypothesis"": ""denki"", ""langid"": ""other""}, {""operation"": ""substitution"", ""reference"": ""ngono"", ""hypothesis"": ""ngunung"", ""langid"": ""other""}, {""operation"": ""substitution"", ""reference"": ""kuwi"", ""hypothesis"": ""kue"", ""langid"": ""other""}]",wav2vec2,indonesian-nlp/wav2vec2-indonesian-javanese-sundanese,cpu
processed_indonesia/wav2vec2_300/02_vad/jember_207_0009.wav,"Nah, mbiyèn aku dadi tutor bahasa Inggris iku ya, ya kaya tutor-tutor umume ngono kae ya.",dain cristina mbien aku dari tutor bahasa inggris liku ya ya koyok tutur tur umume ngona kae yok,"[""other""]",unknown,0.687500,"{""other"": {""deletions"": 0, ""insertions"": 2, ""reference_words"": 16, ""substitutions"": 9, ""wer"": 0.6875}}","[{""operation"": ""insertion"", ""reference"": """", ""hypothesis"": ""dain"", ""langid"": ""other""}, {""operation"": ""substitution"", ""reference"": ""nah"", ""hypothesis"": ""cristina"", ""langid"": ""other""}, {""operation"": ""substitution"", ""reference"": ""mbiyèn"", ""hypothesis"": ""mbien"", ""langid"": ""other""}, {""operation"": ""correct"", ""reference"": ""aku"", ""hypothesis"": ""aku"", ""langid"": ""other""}, {""operation"": ""substitution"", ""reference"": ""dadi"", ""hypothesis"": ""dari"", ""langid"": ""other""}, {""operation"": ""correct"", ""reference"": ""tutor"", ""hypothesis"": ""tutor"", ""langid"": ""other""}, {""operation"": ""correct"", ""reference"": ""bahasa"", ""hypothesis"": ""bahasa"", ""langid"": ""other""}, {""operation"": ""substitution"", ""reference"": ""Inggris"", ""hypothesis"": ""inggris"", ""langid"": ""other""}, {""operation"": ""substitution"", ""reference"": ""iku"", ""hypothesis"": ""liku"", ""langid"": ""other""}, {""operation"": ""correct"", ""reference"": ""ya"", ""hypothesis"": ""ya"", ""langid"": ""other""}, {""operation"": ""correct"", ""reference"": ""ya"", ""hypothesis"": ""ya"", ""langid"": ""other""}, {""operation"": ""insertion"", ""reference"": """", ""hypothesis"": ""koyok"", ""langid"": ""other""}, {""operation"": ""substitution"", ""reference"": ""kaya"", ""hypothesis"": ""tutur"", ""langid"": ""other""}, {""operation"": ""substitution"", ""reference"": ""tutor-tutor"", ""hypothesis"": ""tur"", ""langid"": ""other""}, {""operation"": ""correct"", ""reference"": ""umume"", ""hypothesis"": ""umume"", ""langid"": ""other""}, {""operation"": ""substitution"", ""reference"": ""ngono"", ""hypothesis"": ""ngona"", ""langid"": ""other""}, {""operation"": ""correct"", ""reference"": ""kae"", ""hypothesis"": ""kae"", ""langid"": ""other""}, {""operation"": ""substitution"", ""reference"": ""ya"", ""hypothesis"": ""yok"", ""langid"": ""other""}]",wav2vec2,indonesian-nlp/wav2vec2-indonesian-javanese-sundanese,cpu
processed_indonesia/wav2vec2_300/02_vad/jember_023_0097.wav,"La, lèk ke bawah, kelas sosial ke bawah, em, ya apa ya?",lhalek ge bau e klassosial kebawahema a apa ya,"[""other""]",unknown,0.833333,"{""other"": {""deletions"": 3, ""insertions"": 0, ""reference_words"": 12, ""substitutions"": 7, ""wer"": 0.8333333333333334}}","[{""operation"": ""deletion"", ""reference"": ""la"", ""hypothesis"": """", ""langid"": ""other""}, {""operation"": ""deletion"", ""reference"": ""lèk"", ""hypothesis"": """", ""langid"": ""other""}, {""operation"": ""deletion"", ""reference"": ""ke"", ""hypothesis"": """", ""langid"": ""other""}, {""operation"": ""substitution"", ""reference"": ""bawah"", ""hypothesis"": ""lhalek"", ""langid"": ""other""}, {""operation"": ""substitution"", ""reference"": ""kelas"", ""hypothesis"": ""ge"", ""langid"": ""other""}, {""operation"": ""substitution"", ""reference"": ""sosial"", ""hypothesis"": ""bau"", ""langid"": ""other""}, {""operation"": ""substitution"", ""reference"": ""ke"", ""hypothesis"": ""e"", ""langid"": ""other""}, {""operation"": ""substitution"", ""reference"": ""bawah"", ""hypothesis"": ""klassosial"", ""langid"": ""other""}, {""operation"": ""substitution"", ""reference"": ""em"", ""hypothesis"": ""kebawahema"", ""langid"": ""other""}, {""operation"": ""substitution"", ""reference"": ""ya"", ""hypothesis"": ""a"", ""langid"": ""other""}, {""operation"": ""correct"", ""reference"": ""apa"", ""hypothesis"": ""apa"", ""langid"": ""other""}, {""operation"": ""correct"", ""reference"": ""ya"", ""hypothesis"": ""ya"", ""langid"": ""other""}]",wav2vec2,indonesian-nlp/wav2vec2-indonesian-javanese-sundanese,cpu
processed_indonesia/wav2vec2_300/02_vad/jember_201_0023.wav,Mlijo ndèk kene ki kuabèh wedok.,geneiy mblico mlicu negene iki kewabeh wedok,"[""other""]",unknown,1.000000,"{""other"": {""deletions"": 0, ""insertions"": 1, ""reference_words"": 6, ""substitutions"": 5, ""wer"": 1.0}}","[{""operation"": ""insertion"", ""reference"": """", ""hypothesis"": ""geneiy"", ""langid"": ""other""}, {""operation"": ""substitution"", ""reference"": ""mlijo"", ""hypothesis"": ""mblico"", ""langid"": ""other""}, {""operation"": ""substitution"", ""reference"": ""ndèk"", ""hypothesis"": ""mlicu"", ""langid"": ""other""}, {""operation"": ""substitution"", ""reference"": ""kene"", ""hypothesis"": ""negene"", ""langid"": ""other""}, {""operation"": ""substitution"", ""reference"": ""ki"", ""hypothesis"": ""iki"", ""langid"": ""other""}, {""operation"": ""substitution"", ""reference"": ""kuabèh"", ""hypothesis"": ""kewabeh"", ""langid"": ""other""}, {""operation"": ""correct"", ""reference"": ""wedok"", ""hypothesis"": ""wedok"", ""langid"": ""other""}]",wav2vec2,indonesian-nlp/wav2vec2-indonesian-javanese-sundanese,cpu
processed_indonesia/wav2vec2_300/02_vad/jember_050_0069.wav,"La, dadi nèng kana aku nduwe kesênêngan nèng pemain-pemain kuwi, makane aku mengidolakan pemain-pemain kuwi.",la laji neng kuno aku nduwe kesenengan nang pemain pemain kui makane aku mengidolakan pemain pemain kui,"[""other""]",unknown,0.733333,"{""other"": {""deletions"": 0, ""insertions"": 2, ""reference_words"": 15, ""substitutions"": 9, ""wer"": 0.7333333333333333}}","[{""operation"": ""correct"", ""reference"": ""la"", ""hypothesis"": ""la"", ""langid"": ""other""}, {""operation"": ""substitution"", ""reference"": ""dadi"", ""hypothesis"": ""laji"", ""langid"": ""other""}, {""operation"": ""substitution"", ""reference"": ""nèng"", ""hypothesis"": ""neng"", ""langid"": ""other""}, {""operation"": ""substitution"", ""reference"": ""kana"", ""hypothesis"": ""kuno"", ""langid"": ""other""}, {""operation"": ""correct"", ""reference"": ""aku"", ""hypothesis"": ""aku"", ""langid"": ""other""}, {""operation"": ""correct"", ""reference"": ""nduwe"", ""hypothesis"": ""nduwe"", ""langid"": ""other""}, {""operation"": ""insertion"", ""reference"": """", ""hypothesis"": ""kesenengan"", ""langid"": ""other""}, {""operation"": ""substitution"", ""reference"": ""kesênêngan"", ""hypothesis"": ""nang"", ""langid"": ""other""}, {""operation"": ""substitution"", ""reference"": ""nèng"", ""hypothesis"": ""pemain"", ""langid"": ""other""}, {""operation"": ""substitution"", ""reference"": ""pemain-pemain"", ""hypothesis"": ""pemain"", ""langid"": ""other""}, {""operation"": ""substitution"", ""reference"": ""kuwi"", ""hypothesis"": ""kui"", ""langid"": ""other""}, {""operation"": ""correct"", ""reference"": ""makane"", ""hypothesis"": ""makane"", ""langid"": ""other""}, {""operation"": ""correct"", ""reference"": ""aku"", ""hypothesis"": ""aku"", ""langid"": ""other""}, {""operation"": ""correct"", ""reference"": ""mengidolakan"", ""hypothesis"": ""mengidolakan"", ""langid"": ""other""}, {""operation"": ""insertion"", ""reference"": """", ""hypothesis"": ""pemain"", ""langid"": ""other""}, {""operation"": ""substitution"", ""reference"": ""pemain-pemain"", ""hypothesis"": ""pemain"", ""langid"": ""other""}, {""operation"": ""substitution"", ""reference"": ""kuwi"", ""hypothesis"": ""kui"", ""langid"": ""other""}]",wav2vec2,indonesian-nlp/wav2vec2-indonesian-javanese-sundanese,cpu
processed_indonesia/wav2vec2_300/02_vad/jember_149_0015.wav,"Wis, ya wis, aku ngawali kan.",a subaha ku engawalikanp,"[""other""]",unknown,1.000000,"{""other"": {""deletions"": 2, ""insertions"": 0, ""reference_words"": 6, ""substitutions"": 4, ""wer"": 1.0}}","[{""operation"": ""deletion"", ""reference"": ""wis"", ""hypothesis"": """", ""langid"": ""other""}, {""operation"": ""deletion"", ""reference"": ""ya"", ""hypothesis"": """", ""langid"": ""other""}, {""operation"": ""substitution"", ""reference"": ""wis"", ""hypothesis"": ""a"", ""langid"": ""other""}, {""operation"": ""substitution"", ""reference"": ""aku"", ""hypothesis"": ""subaha"", ""langid"": ""other""}, {""operation"": ""substitution"", ""reference"": ""ngawali"", ""hypothesis"": ""ku"", ""langid"": ""other""}, {""operation"": ""substitution"", ""reference"": ""kan"", ""hypothesis"": ""engawalikanp"", ""langid"": ""other""}]",wav2vec2,indonesian-nlp/wav2vec2-indonesian-javanese-sundanese,cpu
processed_indonesia/wav2vec2_300/02_vad/jember_123_0011.wav,"Cuma, e, sênênge mêrga aku nggawa bidang liya, Linguistik dan mereka kan ilmu apa, e, bidange Ekanami, Ilmu Sosial, sing apa, Ilmu Sosial bangêt.",mereka cuma e senenge merga agu nggawa bidang lio lengoistiket regaan ilum apa e bidange ekonomi irmu sosial jing  oba emu soesielba,"[""other""]",unknown,0.750000,"{""other"": {""deletions"": 3, ""insertions"": 1, ""reference_words"": 24, ""substitutions"": 14, ""wer"": 0.75}}","[{""operation"": ""insertion"", ""reference"": """", ""hypothesis"": ""mereka"", ""langid"": ""other""}, {""operation"": ""correct"", ""reference"": ""cuma"", ""hypothesis"": ""cuma"", ""langid"": ""other""}, {""operation"": ""correct"", ""reference"": ""e"", ""hypothesis"": ""e"", ""langid"": ""other""}, {""operation"": ""substitution"", ""reference"": ""sênênge"", ""hypothesis"": ""senenge"", ""langid"": ""other""}, {""operation"": ""substitution"", ""reference"": ""mêrga"", ""hypothesis"": ""merga"", ""langid"": ""other""}, {""operation"": ""substitution"", ""reference"": ""aku"", ""hypothesis"": ""agu"", ""langid"": ""other""}, {""operation"": ""correct"", ""reference"": ""nggawa"", ""hypothesis"": ""nggawa"", ""langid"": ""other""}, {""operation"": ""correct"", ""reference"": ""bidang"", ""hypothesis"": ""bidang"", ""langid"": ""other""}, {""operation"": ""deletion"", ""reference"": ""liya"", ""hypothesis"": """", ""langid"": ""other""}, {""operation"": ""deletion"", ""reference"": ""Linguistik"", ""hypothesis"": """", ""langid"": ""other""}, {""operation"": ""substitution"", ""reference"": ""dan"", ""hypothesis"": ""lio"", ""langid"": ""other""}, {""operation"": ""substitution"", ""reference"": ""mereka"", ""hypothesis"": ""lengoistiket"", ""langid"": ""other""}, {""operation"": ""substitution"", ""reference"": ""kan"", ""hypothesis"": ""regaan"", ""langid"": ""other""}, {""operation"": ""substitution"", ""reference"": ""ilmu"", ""hypothesis"": ""ilum"", ""langid"": ""other""}, {""operation"": ""correct"", ""reference"": ""apa"", ""hypothesis"": ""apa"", ""langid"": ""other""}, {""operation"": ""correct"", ""reference"": ""e"", ""hypothesis"": ""e"", ""langid"": ""other""}, {""operation"": ""correct"", ""reference"": ""bidange"", ""hypothesis"": ""bidange"", ""langid"": ""other""}, {""operation"": ""deletion"", ""reference"": ""Ekanami"", ""hypothesis"": """", ""langid"": ""other""}, {""operation"": ""substitution"", ""reference"": ""Ilmu"", ""hypothesis"": ""ekonomi"", ""langid"": ""other""}, {""operation"": ""substitution"", ""reference"": ""Sosial"", ""hypothesis"": ""irmu"", ""langid"": ""other""}, {""operation"": ""substitution"", ""reference"": ""sing"", ""hypothesis"": ""sosial"", ""langid"": ""other""}, {""operation"": ""substitution"", ""reference"": ""apa"", ""hypothesis"": ""jing"", ""langid"": ""other""}, {""operation"": ""substitution"", ""reference"": ""Ilmu"", ""hypothesis"": ""oba"", ""langid"": ""other""}, {""operation"": ""substitution"", ""reference"": ""Sosial"", ""hypothesis"": ""emu"", ""langid"": ""other""}, {""operation"": ""substitution"", ""reference"": ""bangêt"", ""hypothesis"": ""soesielba"", ""langid"": ""other""}]",wav2vec2,indonesian-nlp/wav2vec2-indonesian-javanese-sundanese,cpu
processed_indonesia/wav2vec2_300/02_vad/jember_065_0104.wav,"Těrus, aku, e, wis kebiasan urip enak nèng Jawa, apa-apa, apa-apa cemepak karo wong tuwèk.",do kolam ang terus aku owes kebiasaan urip enak nang jawa apa apa waa cemepak,"[""other""]",unknown,1.000000,"{""other"": {""deletions"": 0, ""insertions"": 0, ""reference_words"": 15, ""substitutions"": 15, ""wer"": 1.0}}","[{""operation"": ""substitution"", ""reference"": ""těrus"", ""hypothesis"": ""do"", ""langid"": ""other""}, {""operation"": ""substitution"", ""reference"": ""aku"", ""hypothesis"": ""kolam"", ""langid"": ""other""}, {""operation"": ""substitution"", ""reference"": ""e"", ""hypothesis"": ""ang"", ""langid"": ""other""}, {""operation"": ""substitution"", ""reference"": ""wis"", ""hypothesis"": ""terus"", ""langid"": ""other""}, {""operation"": ""substitution"", ""reference"": ""kebiasan"", ""hypothesis"": ""aku"", ""langid"": ""other""}, {""operation"": ""substitution"", ""reference"": ""urip"", ""hypothesis"": ""owes"", ""langid"": ""other""}, {""operation"": ""substitution"", ""reference"": ""enak"", ""hypothesis"": ""kebiasaan"", ""langid"": ""other""}, {""operation"": ""substitution"", ""reference"": ""nèng"", ""hypothesis"": ""urip"", ""langid"": ""other""}, {""operation"": ""substitution"", ""reference"": ""Jawa"", ""hypothesis"": ""enak"", ""langid"": ""other""}, {""operation"": ""substitution"", ""reference"": ""apa-apa"", ""hypothesis"": ""nang"", ""langid"": ""other""}, {""operation"": ""substitution"", ""reference"": ""apa-apa"", ""hypothesis"": ""jawa"", ""langid"": ""other""}, {""operation"": ""substitution"", ""reference"": ""cemepak"", ""hypothesis"": ""apa"", ""langid"": ""other""}, {""operation"": ""substitution"", ""reference"": ""karo"", ""hypothesis"": ""apa"", ""langid"": ""other""}, {""operation"": ""substitution"", ""reference"": ""wong"", ""hypothesis"": ""waa"", ""langid"": ""other""}, {""operation"": ""substitution"", ""reference"": ""tuwèk"", ""hypothesis"": ""cemepak"", ""langid"": ""other""}]",wav2vec2,indonesian-nlp/wav2vec2-indonesian-javanese-sundanese,cpu
processed_indonesia/wav2vec2_300/02_vad/jember_048_0039.wav,Iku ngajak ngomong.,ikuengajak ngamo gigie,"[""other""]",unknown,1.000000,"{""other"": {""deletions"": 0, ""insertions"": 0, ""reference_words"": 3, ""substitutions"": 3, ""wer"": 1.0}}","[{""operation"": ""substitution"", ""reference"": ""iku"", ""hypothesis"": ""ikuengajak"", ""langid"": ""other""}, {""operation"": ""substitution"", ""reference"": ""ngajak"", ""hypothesis"": ""ngamo"", ""langid"": ""other""}, {""operation"": ""substitution"", ""reference"": ""ngomong"", ""hypothesis"": ""gigie"", ""langid"": ""other""}]",wav2vec2,indonesian-nlp/wav2vec2-indonesian-javanese-sundanese,cpu
processed_indonesia/wav2vec2_300/02_vad/jember_050_0088.wav,"Tapi, nèk pas sing kalah ra tak delok kuwi Mbak.",angrok tapi nek pas singkala reta,"[""other""]",unknown,0.900000,"{""other"": {""deletions"": 5, ""insertions"": 1, ""reference_words"": 10, ""substitutions"": 3, ""wer"": 0.9}}","[{""operation"": ""insertion"", ""reference"": """", ""hypothesis"": ""angrok"", ""langid"": ""other""}, {""operation"": ""correct"", ""reference"": ""tapi"", ""hypothesis"": ""tapi"", ""langid"": ""other""}, {""operation"": ""substitution"", ""reference"": ""nèk"", ""hypothesis"": ""nek"", ""langid"": ""other""}, {""operation"": ""correct"", ""reference"": ""pas"", ""hypothesis"": ""pas"", ""langid"": ""other""}, {""operation"": ""deletion"", ""reference"": ""sing"", ""hypothesis"": """", ""langid"": ""other""}, {""operation"": ""deletion"", ""reference"": ""kalah"", ""hypothesis"": """", ""langid"": ""other""}, {""operation"": ""deletion"", ""reference"": ""ra"", ""hypothesis"": """", ""langid"": ""other""}, {""operation"": ""deletion"", ""reference"": ""tak"", ""hypothesis"": """", ""langid"": ""other""}, {""operation"": ""deletion"", ""reference"": ""delok"", ""hypothesis"": """", ""langid"": ""other""}, {""operation"": ""substitution"", ""reference"": ""kuwi"", ""hypothesis"": ""singkala"", ""langid"": ""other""}, {""operation"": ""substitution"", ""reference"": ""Mbak"", ""hypothesis"": ""reta"", ""langid"": ""other""}]",wav2vec2,indonesian-nlp/wav2vec2-indonesian-javanese-sundanese,cpu
processed_indonesia/wav2vec2_300/02_vad/jember_164_0004.wav,"Dan iku seru bangêt sih soale nèng kono, ruame bangêt wong dan kêbêk ngono lho nggone.",daniku seru banget sih saale lan kono ame bangwong den kebuu,"[""other""]",unknown,0.812500,"{""other"": {""deletions"": 5, ""insertions"": 0, ""reference_words"": 16, ""substitutions"": 8, ""wer"": 0.8125}}","[{""operation"": ""deletion"", ""reference"": ""dan"", ""hypothesis"": """", ""langid"": ""other""}, {""operation"": ""substitution"", ""reference"": ""iku"", ""hypothesis"": ""daniku"", ""langid"": ""other""}, {""operation"": ""correct"", ""reference"": ""seru"", ""hypothesis"": ""seru"", ""langid"": ""other""}, {""operation"": ""substitution"", ""reference"": ""bangêt"", ""hypothesis"": ""banget"", ""langid"": ""other""}, {""operation"": ""correct"", ""reference"": ""sih"", ""hypothesis"": ""sih"", ""langid"": ""other""}, {""operation"": ""substitution"", ""reference"": ""soale"", ""hypothesis"": ""saale"", ""langid"": ""other""}, {""operation"": ""substitution"", ""reference"": ""nèng"", ""hypothesis"": ""lan"", ""langid"": ""other""}, {""operation"": ""correct"", ""reference"": ""kono"", ""hypothesis"": ""kono"", ""langid"": ""other""}, {""operation"": ""deletion"", ""reference"": ""ruame"", ""hypothesis"": """", ""langid"": ""other""}, {""operation"": ""deletion"", ""reference"": ""bangêt"", ""hypothesis"": """", ""langid"": ""other""}, {""operation"": ""deletion"", ""reference"": ""wong"", ""hypothesis"": """", ""langid"": ""other""}, {""operation"": ""deletion"", ""reference"": ""dan"", ""hypothesis"": """", ""langid"": ""other""}, {""operation"": ""substitution"", ""reference"": ""kêbêk"", ""hypothesis"": ""ame"", ""langid"": ""other""}, {""operation"": ""substitution"", ""reference"": ""ngono"", ""hypothesis"": ""bangwong"", ""langid"": ""other""}, {""operation"": ""substitution"", ""reference"": ""lho"", ""hypothesis"": ""den"", ""langid"": ""other""}, {""operation"": ""substitution"", ""reference"": ""nggone"", ""hypothesis"": ""kebuu"", ""langid"": ""other""}]",wav2vec2,indonesian-nlp/wav2vec2-indonesian-javanese-sundanese,cpu
processed_indonesia/wav2vec2_300/02_vad/jember_140_0011.wav,Mungkin mêrga aku introvert ya.,mongkin merga aku indrov,"[""other""]",unknown,0.800000,"{""other"": {""deletions"": 1, ""insertions"": 0, ""reference_words"": 5, ""substitutions"": 3, ""wer"": 0.8}}","[{""operation"": ""substitution"", ""reference"": ""mungkin"", ""hypothesis"": ""mongkin"", ""langid"": ""other""}, {""operation"": ""substitution"", ""reference"": ""mêrga"", ""hypothesis"": ""merga"", ""langid"": ""other""}, {""operation"": ""correct"", ""reference"": ""aku"", ""hypothesis"": ""aku"", ""langid"": ""other""}, {""operation"": ""deletion"", ""reference"": ""introvert"", ""hypothesis"": """", ""langid"": ""other""}, {""operation"": ""substitution"", ""reference"": ""ya"", ""hypothesis"": ""indrov"", ""langid"": ""other""}]",wav2vec2,indonesian-nlp/wav2vec2-indonesian-javanese-sundanese,cpu
processed_indonesia/wav2vec2_300/02_vad/jember_134_0005.wav,"Tapi ya sakjane ketiga hal kuwi ya, apa ya, sêring bangêt aku lakukan ketika aku nèng pantai ngono lho.",okae tapi sa sani ketika hal kuwi ya apa ya sering banget aku lakukan gatika aeuanang pah,"[""other""]",unknown,0.631579,"{""other"": {""deletions"": 3, ""insertions"": 1, ""reference_words"": 19, ""substitutions"": 8, ""wer"": 0.631578947368421}}","[{""operation"": ""insertion"", ""reference"": """", ""hypothesis"": ""okae"", ""langid"": ""other""}, {""operation"": ""correct"", ""reference"": ""tapi"", ""hypothesis"": ""tapi"", ""langid"": ""other""}, {""operation"": ""substitution"", ""reference"": ""ya"", ""hypothesis"": ""sa"", ""langid"": ""other""}, {""operation"": ""substitution"", ""reference"": ""sakjane"", ""hypothesis"": ""sani"", ""langid"": ""other""}, {""operation"": ""substitution"", ""reference"": ""ketiga"", ""hypothesis"": ""ketika"", ""langid"": ""other""}, {""operation"": ""correct"", ""reference"": ""hal"", ""hypothesis"": ""hal"", ""langid"": ""other""}, {""operation"": ""correct"", ""reference"": ""kuwi"", ""hypothesis"": ""kuwi"", ""langid"": ""other""}, {""operation"": ""correct"", ""reference"": ""ya"", ""hypothesis"": ""ya"", ""langid"": ""other""}, {""operation"": ""correct"", ""reference"": ""apa"", ""hypothesis"": ""apa"", ""langid"": ""other""}, {""operation"": ""correct"", ""reference"": ""ya"", ""hypothesis"": ""ya"", ""langid"": ""other""}, {""operation"": ""substitution"", ""reference"": ""sêring"", ""hypothesis"": ""sering"", ""langid"": ""other""}, {""operation"": ""substitution"", ""reference"": ""bangêt"", ""hypothesis"": ""banget"", ""langid"": ""other""}, {""operation"": ""correct"", ""reference"": ""aku"", ""hypothesis"": ""aku"", ""langid"": ""other""}, {""operation"": ""correct"", ""reference"": ""lakukan"", ""hypothesis"": ""lakukan"", ""langid"": ""other""}, {""operation"": ""deletion"", ""reference"": ""ketika"", ""hypothesis"": """", ""langid"": ""other""}, {""operation"": ""deletion"", ""reference"": ""aku"", ""hypothesis"": """", ""langid"": ""other""}, {""operation"": ""deletion"", ""reference"": ""nèng"", ""hypothesis"": """", ""langid"": ""other""}, {""operation"": ""substitution"", ""reference"": ""pantai"", ""hypothesis"": ""gatika"", ""langid"": ""other""}, {""operation"": ""substitution"", ""reference"": ""ngono"", ""hypothesis"": ""aeuanang"", ""langid"": ""other""}, {""operation"": ""substitution"", ""reference"": ""lho"", ""hypothesis"": ""pah"", ""langid"": ""other""}]",wav2vec2,indonesian-nlp/wav2vec2-indonesian-javanese-sundanese,cpu
processed_indonesia/wav2vec2_300/02_vad/jember_190_0019.wav,"Miturut wong iki, e..., sebabe banjir ngene.",ncara unum midurudo wong iki e sebabe banjir ngenega,"[""other""]",unknown,0.714286,"{""other"": {""deletions"": 0, ""insertions"": 2, ""reference_words"": 7, ""substitutions"": 3, ""wer"": 0.7142857142857143}}","[{""operation"": ""insertion"", ""reference"": """", ""hypothesis"": ""ncara"", ""langid"": ""other""}, {""operation"": ""insertion"", ""reference"": """", ""hypothesis"": ""unum"", ""langid"": ""other""}, {""operation"": ""substitution"", ""reference"": ""miturut"", ""hypothesis"": ""midurudo"", ""langid"": ""other""}, {""operation"": ""correct"", ""reference"": ""wong"", ""hypothesis"": ""wong"", ""langid"": ""other""}, {""operation"": ""correct"", ""reference"": ""iki"", ""hypothesis"": ""iki"", ""langid"": ""other""}, {""operation"": ""substitution"", ""reference"": ""e..."", ""hypothesis"": ""e"", ""langid"": ""other""}, {""operation"": ""correct"", ""reference"": ""sebabe"", ""hypothesis"": ""sebabe"", ""langid"": ""other""}, {""operation"": ""correct"", ""reference"": ""banjir"", ""hypothesis"": ""banjir"", ""langid"": ""other""}, {""operation"": ""substitution"", ""reference"": ""ngene"", ""hypothesis"": ""ngenega"", ""langid"": ""other""}]",wav2vec2,indonesian-nlp/wav2vec2-indonesian-javanese-sundanese,cpu
processed_indonesia/wav2vec2_300/02_vad/jember_090_0018.wav,"Mari umbah-umbah, uwis, santai-santai rebahan.",maru umbah umbah wis santai santai rebahan,"[""other""]",unknown,1.200000,"{""other"": {""deletions"": 0, ""insertions"": 2, ""reference_words"": 5, ""substitutions"": 4, ""wer"": 1.2}}","[{""operation"": ""insertion"", ""reference"": """", ""hypothesis"": ""maru"", ""langid"": ""other""}, {""operation"": ""insertion"", ""reference"": """", ""hypothesis"": ""umbah"", ""langid"": ""other""}, {""operation"": ""substitution"", ""reference"": ""mari"", ""hypothesis"": ""umbah"", ""langid"": ""other""}, {""operation"": ""substitution"", ""reference"": ""umbah-umbah"", ""hypothesis"": ""wis"", ""langid"": ""other""}, {""operation"": ""substitution"", ""reference"": ""uwis"", ""hypothesis"": ""santai"", ""langid"": ""other""}, {""operation"": ""substitution"", ""reference"": ""santai-santai"", ""hypothesis"": ""santai"", ""langid"": ""other""}, {""operation"": ""correct"", ""reference"": ""rebahan"", ""hypothesis"": ""rebahan"", ""langid"": ""other""}]",wav2vec2,indonesian-nlp/wav2vec2-indonesian-javanese-sundanese,cpu
processed_indonesia/wav2vec2_300/02_vad/jember_002_0017.wav,"Tapi, saiki aku tinggal ndèk Situbondo.",tapi saeki aku tinggal  adi stubon nda,"[""other""]",unknown,0.666667,"{""other"": {""deletions"": 0, ""insertions"": 1, ""reference_words"": 6, ""substitutions"": 3, ""wer"": 0.6666666666666666}}","[{""operation"": ""correct"", ""reference"": ""tapi"", ""hypothesis"": ""tapi"", ""langid"": ""other""}, {""operation"": ""substitution"", ""reference"": ""saiki"", ""hypothesis"": ""saeki"", ""langid"": ""other""}, {""operation"": ""correct"", ""reference"": ""aku"", ""hypothesis"": ""aku"", ""langid"": ""other""}, {""operation"": ""correct"", ""reference"": ""tinggal"", ""hypothesis"": ""tinggal"", ""langid"": ""other""}, {""operation"": ""insertion"", ""reference"": """", ""hypothesis"": ""adi"", ""langid"": ""other""}, {""operation"": ""substitution"", ""reference"": ""ndèk"", ""hypothesis"": ""stubon"", ""langid"": ""other""}, {""operation"": ""substitution"", ""reference"": ""Situbondo"", ""hypothesis"": ""nda"", ""langid"": ""other""}]",wav2vec2,indonesian-nlp/wav2vec2-indonesian-javanese-sundanese,cpu
processed_indonesia/wav2vec2_300/02_vad/jember_001_0092.wav,"Wakèh, soale omahku cêdhak terminal.",garah wakeh sole omahku jadek terminal,"[""other""]",unknown,0.800000,"{""other"": {""deletions"": 0, ""insertions"": 1, ""reference_words"": 5, ""substitutions"": 3, ""wer"": 0.8}}","[{""operation"": ""insertion"", ""reference"": """", ""hypothesis"": ""garah"", ""langid"": ""other""}, {""operation"": ""substitution"", ""reference"": ""wakèh"", ""hypothesis"": ""wakeh"", ""langid"": ""other""}, {""operation"": ""substitution"", ""reference"": ""soale"", ""hypothesis"": ""sole"", ""langid"": ""other""}, {""operation"": ""correct"", ""reference"": ""omahku"", ""hypothesis"": ""omahku"", ""langid"": ""other""}, {""operation"": ""substitution"", ""reference"": ""cêdhak"", ""hypothesis"": ""jadek"", ""langid"": ""other""}, {""operation"": ""correct"", ""reference"": ""terminal"", ""hypothesis"": ""terminal"", ""langid"": ""other""}]",wav2vec2,indonesian-nlp/wav2vec2-indonesian-javanese-sundanese,cpu
processed_indonesia/wav2vec2_300/02_vad/jember_037_0007.wav,"Nèk Sabtu Minggu ngono apa kegiatanmu, Sabtu Minggu?",nek sabtu minggu ngonol apa kekeihatanm satu minggu,"[""other""]",unknown,0.875000,"{""other"": {""deletions"": 0, ""insertions"": 0, ""reference_words"": 8, ""substitutions"": 7, ""wer"": 0.875}}","[{""operation"": ""substitution"", ""reference"": ""nèk"", ""hypothesis"": ""nek"", ""langid"": ""other""}, {""operation"": ""substitution"", ""reference"": ""Sabtu"", ""hypothesis"": ""sabtu"", ""langid"": ""other""}, {""operation"": ""substitution"", ""reference"": ""Minggu"", ""hypothesis"": ""minggu"", ""langid"": ""other""}, {""operation"": ""substitution"", ""reference"": ""ngono"", ""hypothesis"": ""ngonol"", ""langid"": ""other""}, {""operation"": ""correct"", ""reference"": ""apa"", ""hypothesis"": ""apa"", ""langid"": ""other""}, {""operation"": ""substitution"", ""reference"": ""kegiatanmu"", ""hypothesis"": ""kekeihatanm"", ""langid"": ""other""}, {""operation"": ""substitution"", ""reference"": ""Sabtu"", ""hypothesis"": ""satu"", ""langid"": ""other""}, {""operation"": ""substitution"", ""reference"": ""Minggu"", ""hypothesis"": ""minggu"", ""langid"": ""other""}]",wav2vec2,indonesian-nlp/wav2vec2-indonesian-javanese-sundanese,cpu
processed_indonesia/wav2vec2_300/02_vad/jember_026_0041.wav,Maksute gak ada yang putus sêkolah ngono lho.,rahna kabe mastri nggada yang kudu sekolah menulo,"[""other""]",unknown,1.000000,"{""other"": {""deletions"": 0, ""insertions"": 0, ""reference_words"": 8, ""substitutions"": 8, ""wer"": 1.0}}","[{""operation"": ""substitution"", ""reference"": ""maksute"", ""hypothesis"": ""rahna"", ""langid"": ""other""}, {""operation"": ""substitution"", ""reference"": ""gak"", ""hypothesis"": ""kabe"", ""langid"": ""other""}, {""operation"": ""substitution"", ""reference"": ""ada"", ""hypothesis"": ""mastri"", ""langid"": ""other""}, {""operation"": ""substitution"", ""reference"": ""yang"", ""hypothesis"": ""nggada"", ""langid"": ""other""}, {""operation"": ""substitution"", ""reference"": ""putus"", ""hypothesis"": ""yang"", ""langid"": ""other""}, {""operation"": ""substitution"", ""reference"": ""sêkolah"", ""hypothesis"": ""kudu"", ""langid"": ""other""}, {""operation"": ""substitution"", ""reference"": ""ngono"", ""hypothesis"": ""sekolah"", ""langid"": ""other""}, {""operation"": ""substitution"", ""reference"": ""lho"", ""hypothesis"": ""menulo"", ""langid"": ""other""}]",wav2vec2,indonesian-nlp/wav2vec2-indonesian-javanese-sundanese,cpu
processed_indonesia/wav2vec2_300/02_vad/jember_100_0010.wav,Soale karo arèk-arèk menikmati tempat itu.,soale karara arek menikmati tempat itu makan,"[""other""]",unknown,0.500000,"{""other"": {""deletions"": 0, ""insertions"": 1, ""reference_words"": 6, ""substitutions"": 2, ""wer"": 0.5}}","[{""operation"": ""correct"", ""reference"": ""soale"", ""hypothesis"": ""soale"", ""langid"": ""other""}, {""operation"": ""substitution"", ""reference"": ""karo"", ""hypothesis"": ""karara"", ""langid"": ""other""}, {""operation"": ""substitution"", ""reference"": ""arèk-arèk"", ""hypothesis"": ""arek"", ""langid"": ""other""}, {""operation"": ""correct"", ""reference"": ""menikmati"", ""hypothesis"": ""menikmati"", ""langid"": ""other""}, {""operation"": ""correct"", ""reference"": ""tempat"", ""hypothesis"": ""tempat"", ""langid"": ""other""}, {""operation"": ""correct"", ""reference"": ""itu"", ""hypothesis"": ""itu"", ""langid"": ""other""}, {""operation"": ""insertion"", ""reference"": """", ""hypothesis"": ""makan"", ""langid"": ""other""}]",wav2vec2,indonesian-nlp/wav2vec2-indonesian-javanese-sundanese,cpu
processed_indonesia/wav2vec2_300/02_vad/indonesian_dev_cabeff51c1d54c0aab509707d7fa69ef.wav,"Terus ada juga nih soto Lamongan, dia itu pakai koya, dia pakai e... kuah yang kuning sehingga rasanya strong dan juga rempah-rempahnya terasa banget. Terus soto yang paling pa... aneh aku rasa itu soto Sokaraja. Nah soto Sokaraja itu soto yang... dia ini digawe saka ogak, ogak soto pada umumnya, dia ini nganggo krupuk, nganggo kuah-kuahan sing pekat, dan sebagainya.",rus ada jugani soto lamungan diatu pakek koya dia pakek e kuwah yang kuning singgar resinya strong dan juga parambayar terasa bangettrus soto yang paling e aneh korasa itu soto sokaraja nast waiti suwokto yang nde ne ki digawe saka ogak kogak stu padamunya dheneng krupak anggo kuwakua ansing pekat dan sebaginya,"[""other""]",unknown,0.650000,"{""other"": {""deletions"": 8, ""insertions"": 0, ""reference_words"": 60, ""substitutions"": 31, ""wer"": 0.65}}","[{""operation"": ""substitution"", ""reference"": ""terus"", ""hypothesis"": ""rus"", ""langid"": ""other""}, {""operation"": ""correct"", ""reference"": ""ada"", ""hypothesis"": ""ada"", ""langid"": ""other""}, {""operation"": ""deletion"", ""reference"": ""juga"", ""hypothesis"": """", ""langid"": ""other""}, {""operation"": ""substitution"", ""reference"": ""nih"", ""hypothesis"": ""jugani"", ""langid"": ""other""}, {""operation"": ""correct"", ""reference"": ""soto"", ""hypothesis"": ""soto"", ""langid"": ""other""}, {""operation"": ""deletion"", ""reference"": ""Lamongan"", ""hypothesis"": """", ""langid"": ""other""}, {""operation"": ""substitution"", ""reference"": ""dia"", ""hypothesis"": ""lamungan"", ""langid"": ""other""}, {""operation"": ""substitution"", ""reference"": ""itu"", ""hypothesis"": ""diatu"", ""langid"": ""other""}, {""operation"": ""substitution"", ""reference"": ""pakai"", ""hypothesis"": ""pakek"", ""langid"": ""other""}, {""operation"": ""correct"", ""reference"": ""koya"", ""hypothesis"": ""koya"", ""langid"": ""other""}, {""operation"": ""correct"", ""reference"": ""dia"", ""hypothesis"": ""dia"", ""langid"": ""other""}, {""operation"": ""substitution"", ""reference"": ""pakai"", ""hypothesis"": ""pakek"", ""langid"": ""other""}, {""operation"": ""substitution"", ""reference"": ""e..."", ""hypothesis"": ""e"", ""langid"": ""other""}, {""operation"": ""substitution"", ""reference"": ""kuah"", ""hypothesis"": ""kuwah"", ""langid"": ""other""}, {""operation"": ""correct"", ""reference"": ""yang"", ""hypothesis"": ""yang"", ""langid"": ""other""}, {""operation"": ""correct"", ""reference"": ""kuning"", ""hypothesis"": ""kuning"", ""langid"": ""other""}, {""operation"": ""substitution"", ""reference"": ""sehingga"", ""hypothesis"": ""singgar"", ""langid"": ""other""}, {""operation"": ""substitution"", ""reference"": ""rasanya"", ""hypothesis"": ""resinya"", ""langid"": ""other""}, {""operation"": ""correct"", ""reference"": ""strong"", ""hypothesis"": ""strong"", ""langid"": ""other""}, {""operation"": ""correct"", ""reference"": ""dan"", ""hypothesis"": ""dan"", ""langid"": ""other""}, {""operation"": ""correct"", ""reference"": ""juga"", ""hypothesis"": ""juga"", ""langid"": ""other""}, {""operation"": ""substitution"", ""reference"": ""rempah-rempahnya"", ""hypothesis"": ""parambayar"", ""langid"": ""other""}, {""operation"": ""correct"", ""reference"": ""terasa"", ""hypothesis"": ""terasa"", ""langid"": ""other""}, {""operation"": ""deletion"", ""reference"": ""banget"", ""hypothesis"": """", ""langid"": ""other""}, {""operation"": ""substitution"", ""reference"": ""terus"", ""hypothesis"": ""bangettrus"", ""langid"": ""other""}, {""operation"": ""correct"", ""reference"": ""soto"", ""hypothesis"": ""soto"", ""langid"": ""other""}, {""operation"": ""correct"", ""reference"": ""yang"", ""hypothesis"": ""yang"", ""langid"": ""other""}, {""operation"": ""correct"", ""reference"": ""paling"", ""hypothesis"": ""paling"", ""langid"": ""other""}, {""operation"": ""substitution"", ""reference"": ""pa..."", ""hypothesis"": ""e"", ""langid"": ""other""}, {""operation"": ""correct"", ""reference"": ""aneh"", ""hypothesis"": ""aneh"", ""langid"": ""other""}, {""operation"": ""deletion"", ""reference"": ""aku"", ""hypothesis"": """", ""langid"": ""other""}, {""operation"": ""substitution"", ""reference"": ""rasa"", ""hypothesis"": ""korasa"", ""langid"": ""other""}, {""operation"": ""correct"", ""reference"": ""itu"", ""hypothesis"": ""itu"", ""langid"": ""other""}, {""operation"": ""correct"", ""reference"": ""soto"", ""hypothesis"": ""soto"", ""langid"": ""other""}, {""operation"": ""deletion"", ""reference"": ""Sokaraja"", ""hypothesis"": """", ""langid"": ""other""}, {""operation"": ""substitution"", ""reference"": ""nah"", ""hypothesis"": ""sokaraja"", ""langid"": ""other""}, {""operation"": ""substitution"", ""reference"": ""soto"", ""hypothesis"": ""nast"", ""langid"": ""other""}, {""operation"": ""substitution"", ""reference"": ""Sokaraja"", ""hypothesis"": ""waiti"", ""langid"": ""other""}, {""operation"": ""substitution"", ""reference"": ""itu"", ""hypothesis"": ""suwokto"", ""langid"": ""other""}, {""operation"": ""substitution"", ""reference"": ""soto"", ""hypothesis"": ""yang"", ""langid"": ""other""}, {""operation"": ""substitution"", ""reference"": ""yang..."", ""hypothesis"": ""nde"", ""langid"": ""other""}, {""operation"": ""substitution"", ""reference"": ""dia"", ""hypothesis"": ""ne"", ""langid"": ""other""}, {""operation"": ""substitution"", ""reference"": ""ini"", ""hypothesis"": ""ki"", ""langid"": ""other""}, {""operation"": ""correct"", ""reference"": ""digawe"", ""hypothesis"": ""digawe"", ""langid"": ""other""}, {""operation"": ""correct"", ""reference"": ""saka"", ""hypothesis"": ""saka"", ""langid"": ""other""}, {""operation"": ""deletion"", ""reference"": ""ogak"", ""hypothesis"": """", ""langid"": ""other""}, {""operation"": ""correct"", ""reference"": ""ogak"", ""hypothesis"": ""ogak"", ""langid"": ""other""}, {""operation"": ""deletion"", ""reference"": ""soto"", ""hypothesis"": """", ""langid"": ""other""}, {""operation"": ""deletion"", ""reference"": ""pada"", ""hypothesis"": """", ""langid"": ""other""}, {""operation"": ""substitution"", ""reference"": ""umumnya"", ""hypothesis"": ""kogak"", ""langid"": ""other""}, {""operation"": ""substitution"", ""reference"": ""dia"", ""hypothesis"": ""stu"", ""langid"": ""other""}, {""operation"": ""substitution"", ""reference"": ""ini"", ""hypothesis"": ""padamunya"", ""langid"": ""other""}, {""operation"": ""substitution"", ""reference"": ""nganggo"", ""hypothesis"": ""dheneng"", ""langid"": ""other""}, {""operation"": ""substitution"", ""reference"": ""krupuk"", ""hypothesis"": ""krupak"", ""langid"": ""other""}, {""operation"": ""substitution"", ""reference"": ""nganggo"", ""hypothesis"": ""anggo"", ""langid"": ""other""}, {""operation"": ""substitution"", ""reference"": ""kuah-kuahan"", ""hypothesis"": ""kuwakua"", ""langid"": ""other""}, {""operation"": ""substitution"", ""reference"": ""sing"", ""hypothesis"": ""ansing"", ""langid"": ""other""}, {""operation"": ""correct"", ""reference"": ""pekat"", ""hypothesis"": ""pekat"", ""langid"": ""other""}, {""operation"": ""correct"", ""reference"": ""dan"", ""hypothesis"": ""dan"", ""langid"": ""other""}, {""operation"": ""substitution"", ""reference"": ""sebagainya"", ""hypothesis"": ""sebaginya"", ""langid"": ""other""}]",wav2vec2,indonesian-nlp/wav2vec2-indonesian-javanese-sundanese,cpu
processed_indonesia/wav2vec2_300/02_vad/jember_103_0025.wav,"Dadi ya, awal-awale ketok gak pati rame, těrus ndèk pertengahan ya, akèh sing têka.",tadyo aur awale ketok gak pati rame teru stik pertengakan ya ekeh sing teka,"[""other""]",unknown,0.571429,"{""other"": {""deletions"": 0, ""insertions"": 0, ""reference_words"": 14, ""substitutions"": 8, ""wer"": 0.5714285714285714}}","[{""operation"": ""substitution"", ""reference"": ""dadi"", ""hypothesis"": ""tadyo"", ""langid"": ""other""}, {""operation"": ""substitution"", ""reference"": ""ya"", ""hypothesis"": ""aur"", ""langid"": ""other""}, {""operation"": ""substitution"", ""reference"": ""awal-awale"", ""hypothesis"": ""awale"", ""langid"": ""other""}, {""operation"": ""correct"", ""reference"": ""ketok"", ""hypothesis"": ""ketok"", ""langid"": ""other""}, {""operation"": ""correct"", ""reference"": ""gak"", ""hypothesis"": ""gak"", ""langid"": ""other""}, {""operation"": ""correct"", ""reference"": ""pati"", ""hypothesis"": ""pati"", ""langid"": ""other""}, {""operation"": ""correct"", ""reference"": ""rame"", ""hypothesis"": ""rame"", ""langid"": ""other""}, {""operation"": ""substitution"", ""reference"": ""těrus"", ""hypothesis"": ""teru"", ""langid"": ""other""}, {""operation"": ""substitution"", ""reference"": ""ndèk"", ""hypothesis"": ""stik"", ""langid"": ""other""}, {""operation"": ""substitution"", ""reference"": ""pertengahan"", ""hypothesis"": ""pertengakan"", ""langid"": ""other""}, {""operation"": ""correct"", ""reference"": ""ya"", ""hypothesis"": ""ya"", ""langid"": ""other""}, {""operation"": ""substitution"", ""reference"": ""akèh"", ""hypothesis"": ""ekeh"", ""langid"": ""other""}, {""operation"": ""correct"", ""reference"": ""sing"", ""hypothesis"": ""sing"", ""langid"": ""other""}, {""operation"": ""substitution"", ""reference"": ""têka"", ""hypothesis"": ""teka"", ""langid"": ""other""}]",wav2vec2,indonesian-nlp/wav2vec2-indonesian-javanese-sundanese,cpu
processed_indonesia/wav2vec2_300/02_vad/jember_133_0016.wav,"Aku gak, gak nduwe dhuwit anjay nèk mèh rono, kecuali nèk mèh mbok bayari ngono, ya aku gêlêm-gêlêm ae.",au gie gadwe dhuwit en jaile meh merono kecuali nek mek embuk bayariootau gelem glem ae,"[""other""]",unknown,0.842105,"{""other"": {""deletions"": 3, ""insertions"": 0, ""reference_words"": 19, ""substitutions"": 13, ""wer"": 0.8421052631578947}}","[{""operation"": ""deletion"", ""reference"": ""aku"", ""hypothesis"": """", ""langid"": ""other""}, {""operation"": ""substitution"", ""reference"": ""gak"", ""hypothesis"": ""au"", ""langid"": ""other""}, {""operation"": ""substitution"", ""reference"": ""gak"", ""hypothesis"": ""gie"", ""langid"": ""other""}, {""operation"": ""substitution"", ""reference"": ""nduwe"", ""hypothesis"": ""gadwe"", ""langid"": ""other""}, {""operation"": ""correct"", ""reference"": ""dhuwit"", ""hypothesis"": ""dhuwit"", ""langid"": ""other""}, {""operation"": ""substitution"", ""reference"": ""anjay"", ""hypothesis"": ""en"", ""langid"": ""other""}, {""operation"": ""substitution"", ""reference"": ""nèk"", ""hypothesis"": ""jaile"", ""langid"": ""other""}, {""operation"": ""substitution"", ""reference"": ""mèh"", ""hypothesis"": ""meh"", ""langid"": ""other""}, {""operation"": ""substitution"", ""reference"": ""rono"", ""hypothesis"": ""merono"", ""langid"": ""other""}, {""operation"": ""correct"", ""reference"": ""kecuali"", ""hypothesis"": ""kecuali"", ""langid"": ""other""}, {""operation"": ""deletion"", ""reference"": ""nèk"", ""hypothesis"": """", ""langid"": ""other""}, {""operation"": ""deletion"", ""reference"": ""mèh"", ""hypothesis"": """", ""langid"": ""other""}, {""operation"": ""substitution"", ""reference"": ""mbok"", ""hypothesis"": ""nek"", ""langid"": ""other""}, {""operation"": ""substitution"", ""reference"": ""bayari"", ""hypothesis"": ""mek"", ""langid"": ""other""}, {""operation"": ""substitution"", ""reference"": ""ngono"", ""hypothesis"": ""embuk"", ""langid"": ""other""}, {""operation"": ""substitution"", ""reference"": ""ya"", ""hypothesis"": ""bayariootau"", ""langid"": ""other""}, {""operation"": ""substitution"", ""reference"": ""aku"", ""hypothesis"": ""gelem"", ""langid"": ""other""}, {""operation"": ""substitution"", ""reference"": ""gêlêm-gêlêm"", ""hypothesis"": ""glem"", ""langid"": ""other""}, {""operation"": ""correct"", ""reference"": ""ae"", ""hypothesis"": ""ae"", ""langid"": ""other""}]",wav2vec2,indonesian-nlp/wav2vec2-indonesian-javanese-sundanese,cpu
processed_indonesia/wav2vec2_300/02_vad/jember_063_0045.wav,Kayak ngono iku.,eni ituh apa yangunuiku,"[""other""]",unknown,1.333333,"{""other"": {""deletions"": 0, ""insertions"": 1, ""reference_words"": 3, ""substitutions"": 3, ""wer"": 1.3333333333333333}}","[{""operation"": ""insertion"", ""reference"": """", ""hypothesis"": ""eni"", ""langid"": ""other""}, {""operation"": ""substitution"", ""reference"": ""kayak"", ""hypothesis"": ""ituh"", ""langid"": ""other""}, {""operation"": ""substitution"", ""reference"": ""ngono"", ""hypothesis"": ""apa"", ""langid"": ""other""}, {""operation"": ""substitution"", ""reference"": ""iku"", ""hypothesis"": ""yangunuiku"", ""langid"": ""other""}]",wav2vec2,indonesian-nlp/wav2vec2-indonesian-javanese-sundanese,cpu
processed_indonesia/wav2vec2_300/02_vad/jember_205_0003.wav,"Těrus, wong-wong sing disiplin ngono, menurutku ya.",ka terus ong wong sing disiplin gono menurut,"[""other""]",unknown,1.000000,"{""other"": {""deletions"": 1, ""insertions"": 2, ""reference_words"": 7, ""substitutions"": 4, ""wer"": 1.0}}","[{""operation"": ""insertion"", ""reference"": """", ""hypothesis"": ""ka"", ""langid"": ""other""}, {""operation"": ""insertion"", ""reference"": """", ""hypothesis"": ""terus"", ""langid"": ""other""}, {""operation"": ""substitution"", ""reference"": ""těrus"", ""hypothesis"": ""ong"", ""langid"": ""other""}, {""operation"": ""substitution"", ""reference"": ""wong-wong"", ""hypothesis"": ""wong"", ""langid"": ""other""}, {""operation"": ""correct"", ""reference"": ""sing"", ""hypothesis"": ""sing"", ""langid"": ""other""}, {""operation"": ""correct"", ""reference"": ""disiplin"", ""hypothesis"": ""disiplin"", ""langid"": ""other""}, {""operation"": ""deletion"", ""reference"": ""ngono"", ""hypothesis"": """", ""langid"": ""other""}, {""operation"": ""substitution"", ""reference"": ""menurutku"", ""hypothesis"": ""gono"", ""langid"": ""other""}, {""operation"": ""substitution"", ""reference"": ""ya"", ""hypothesis"": ""menurut"", ""langid"": ""other""}]",wav2vec2,indonesian-nlp/wav2vec2-indonesian-javanese-sundanese,cpu
processed_indonesia/wav2vec2_300/02_vad/jember_092_0002.wav,"Em, semester pitu berarti wis mulai ngêrjakne skripsi ya?",a herzymrk amestersi itu berarti bes mulai sarjanya sit,"[""other""]",unknown,0.888889,"{""other"": {""deletions"": 1, ""insertions"": 1, ""reference_words"": 9, ""substitutions"": 6, ""wer"": 0.8888888888888888}}","[{""operation"": ""insertion"", ""reference"": """", ""hypothesis"": ""a"", ""langid"": ""other""}, {""operation"": ""substitution"", ""reference"": ""em"", ""hypothesis"": ""herzymrk"", ""langid"": ""other""}, {""operation"": ""substitution"", ""reference"": ""semester"", ""hypothesis"": ""amestersi"", ""langid"": ""other""}, {""operation"": ""substitution"", ""reference"": ""pitu"", ""hypothesis"": ""itu"", ""langid"": ""other""}, {""operation"": ""correct"", ""reference"": ""berarti"", ""hypothesis"": ""berarti"", ""langid"": ""other""}, {""operation"": ""substitution"", ""reference"": ""wis"", ""hypothesis"": ""bes"", ""langid"": ""other""}, {""operation"": ""correct"", ""reference"": ""mulai"", ""hypothesis"": ""mulai"", ""langid"": ""other""}, {""operation"": ""deletion"", ""reference"": ""ngêrjakne"", ""hypothesis"": """", ""langid"": ""other""}, {""operation"": ""substitution"", ""reference"": ""skripsi"", ""hypothesis"": ""sarjanya"", ""langid"": ""other""}, {""operation"": ""substitution"", ""reference"": ""ya"", ""hypothesis"": ""sit"", ""langid"": ""other""}]",wav2vec2,indonesian-nlp/wav2vec2-indonesian-javanese-sundanese,cpu
processed_indonesia/wav2vec2_300/02_vad/jember_152_0002.wav,"Cuman, e, game-game sing tak mainke ya beda.",jemen le kimka melinta,"[""other""]",unknown,1.000000,"{""other"": {""deletions"": 4, ""insertions"": 0, ""reference_words"": 8, ""substitutions"": 4, ""wer"": 1.0}}","[{""operation"": ""deletion"", ""reference"": ""cuman"", ""hypothesis"": """", ""langid"": ""other""}, {""operation"": ""deletion"", ""reference"": ""e"", ""hypothesis"": """", ""langid"": ""other""}, {""operation"": ""deletion"", ""reference"": ""game-game"", ""hypothesis"": """", ""langid"": ""other""}, {""operation"": ""deletion"", ""reference"": ""sing"", ""hypothesis"": """", ""langid"": ""other""}, {""operation"": ""substitution"", ""reference"": ""tak"", ""hypothesis"": ""jemen"", ""langid"": ""other""}, {""operation"": ""substitution"", ""reference"": ""mainke"", ""hypothesis"": ""le"", ""langid"": ""other""}, {""operation"": ""substitution"", ""reference"": ""ya"", ""hypothesis"": ""kimka"", ""langid"": ""other""}, {""operation"": ""substitution"", ""reference"": ""beda"", ""hypothesis"": ""melinta"", ""langid"": ""other""}]",wav2vec2,indonesian-nlp/wav2vec2-indonesian-javanese-sundanese,cpu
processed_indonesia/wav2vec2_300/02_vad/jember_148_0012.wav,"E..., setahun yang lalu lèk gak salah, ya setahun yang lalu.",o setahu yang lalu ka ta lah ya saun lallol,"[""other""]",unknown,0.727273,"{""other"": {""deletions"": 1, ""insertions"": 0, ""reference_words"": 11, ""substitutions"": 7, ""wer"": 0.7272727272727273}}","[{""operation"": ""substitution"", ""reference"": ""e..."", ""hypothesis"": ""o"", ""langid"": ""other""}, {""operation"": ""substitution"", ""reference"": ""setahun"", ""hypothesis"": ""setahu"", ""langid"": ""other""}, {""operation"": ""correct"", ""reference"": ""yang"", ""hypothesis"": ""yang"", ""langid"": ""other""}, {""operation"": ""correct"", ""reference"": ""lalu"", ""hypothesis"": ""lalu"", ""langid"": ""other""}, {""operation"": ""substitution"", ""reference"": ""lèk"", ""hypothesis"": ""ka"", ""langid"": ""other""}, {""operation"": ""substitution"", ""reference"": ""gak"", ""hypothesis"": ""ta"", ""langid"": ""other""}, {""operation"": ""substitution"", ""reference"": ""salah"", ""hypothesis"": ""lah"", ""langid"": ""other""}, {""operation"": ""correct"", ""reference"": ""ya"", ""hypothesis"": ""ya"", ""langid"": ""other""}, {""operation"": ""deletion"", ""reference"": ""setahun"", ""hypothesis"": """", ""langid"": ""other""}, {""operation"": ""substitution"", ""reference"": ""yang"", ""hypothesis"": ""saun"", ""langid"": ""other""}, {""operation"": ""substitution"", ""reference"": ""lalu"", ""hypothesis"": ""lallol"", ""langid"": ""other""}]",wav2vec2,indonesian-nlp/wav2vec2-indonesian-javanese-sundanese,cpu
processed_indonesia/wav2vec2_300/02_vad/jember_177_0002.wav,Panganan sing bahane nggawe kêmbang?,panganan sing bane ngaya kembang,"[""other""]",unknown,0.600000,"{""other"": {""deletions"": 0, ""insertions"": 0, ""reference_words"": 5, ""substitutions"": 3, ""wer"": 0.6}}","[{""operation"": ""correct"", ""reference"": ""panganan"", ""hypothesis"": ""panganan"", ""langid"": ""other""}, {""operation"": ""correct"", ""reference"": ""sing"", ""hypothesis"": ""sing"", ""langid"": ""other""}, {""operation"": ""substitution"", ""reference"": ""bahane"", ""hypothesis"": ""bane"", ""langid"": ""other""}, {""operation"": ""substitution"", ""reference"": ""nggawe"", ""hypothesis"": ""ngaya"", ""langid"": ""other""}, {""operation"": ""substitution"", ""reference"": ""kêmbang"", ""hypothesis"": ""kembang"", ""langid"": ""other""}]",wav2vec2,indonesian-nlp/wav2vec2-indonesian-javanese-sundanese,cpu
processed_indonesia/wav2vec2_300/02_vad/jember_002_0191.wav,"Kadung, kadung tuku online aku.",duwi padung kadung dhubu ona lenanggu,"[""other""]",unknown,1.000000,"{""other"": {""deletions"": 0, ""insertions"": 1, ""reference_words"": 5, ""substitutions"": 4, ""wer"": 1.0}}","[{""operation"": ""insertion"", ""reference"": """", ""hypothesis"": ""duwi"", ""langid"": ""other""}, {""operation"": ""substitution"", ""reference"": ""kadung"", ""hypothesis"": ""padung"", ""langid"": ""other""}, {""operation"": ""correct"", ""reference"": ""kadung"", ""hypothesis"": ""kadung"", ""langid"": ""other""}, {""operation"": ""substitution"", ""reference"": ""tuku"", ""hypothesis"": ""dhubu"", ""langid"": ""other""}, {""operation"": ""substitution"", ""reference"": ""online"", ""hypothesis"": ""ona"", ""langid"": ""other""}, {""operation"": ""substitution"", ""reference"": ""aku"", ""hypothesis"": ""lenanggu"", ""langid"": ""other""}]",wav2vec2,indonesian-nlp/wav2vec2-indonesian-javanese-sundanese,cpu
processed_indonesia/wav2vec2_300/02_vad/jember_002_0236.wav,Ongkir kadang ya gratis.,ena congker kaang ugrat,"[""other""]",unknown,1.000000,"{""other"": {""deletions"": 0, ""insertions"": 0, ""reference_words"": 4, ""substitutions"": 4, ""wer"": 1.0}}","[{""operation"": ""substitution"", ""reference"": ""ongkir"", ""hypothesis"": ""ena"", ""langid"": ""other""}, {""operation"": ""substitution"", ""reference"": ""kadang"", ""hypothesis"": ""congker"", ""langid"": ""other""}, {""operation"": ""substitution"", ""reference"": ""ya"", ""hypothesis"": ""kaang"", ""langid"": ""other""}, {""operation"": ""substitution"", ""reference"": ""gratis"", ""hypothesis"": ""ugrat"", ""langid"": ""other""}]",wav2vec2,indonesian-nlp/wav2vec2-indonesian-javanese-sundanese,cpu
processed_indonesia/wav2vec2_300/02_vad/jember_029_0041.wav,Dadi jam sanga iku aku wis turu.,ngenkan tadi jam sengaga wis tuuceuraipapppppp,"[""other""]",unknown,0.857143,"{""other"": {""deletions"": 1, ""insertions"": 0, ""reference_words"": 7, ""substitutions"": 5, ""wer"": 0.8571428571428571}}","[{""operation"": ""deletion"", ""reference"": ""dadi"", ""hypothesis"": """", ""langid"": ""other""}, {""operation"": ""substitution"", ""reference"": ""jam"", ""hypothesis"": ""ngenkan"", ""langid"": ""other""}, {""operation"": ""substitution"", ""reference"": ""sanga"", ""hypothesis"": ""tadi"", ""langid"": ""other""}, {""operation"": ""substitution"", ""reference"": ""iku"", ""hypothesis"": ""jam"", ""langid"": ""other""}, {""operation"": ""substitution"", ""reference"": ""aku"", ""hypothesis"": ""sengaga"", ""langid"": ""other""}, {""operation"": ""correct"", ""reference"": ""wis"", ""hypothesis"": ""wis"", ""langid"": ""other""}, {""operation"": ""substitution"", ""reference"": ""turu"", ""hypothesis"": ""tuuceuraipapppppp"", ""langid"": ""other""}]",wav2vec2,indonesian-nlp/wav2vec2-indonesian-javanese-sundanese,cpu
processed_indonesia/wav2vec2_300/02_vad/jember_035_0009.wav,"Yèn dina Minggu, Ibu Minggu kaping siji karo kaping têlu ana kegiatan Aisyiyah.",jadiah mulai senen nganti sabtu ibunengkapus terus sedaie,"[""other""]",unknown,1.000000,"{""other"": {""deletions"": 5, ""insertions"": 0, ""reference_words"": 13, ""substitutions"": 8, ""wer"": 1.0}}","[{""operation"": ""deletion"", ""reference"": ""yèn"", ""hypothesis"": """", ""langid"": ""other""}, {""operation"": ""deletion"", ""reference"": ""dina"", ""hypothesis"": """", ""langid"": ""other""}, {""operation"": ""deletion"", ""reference"": ""Minggu"", ""hypothesis"": """", ""langid"": ""other""}, {""operation"": ""deletion"", ""reference"": ""Ibu"", ""hypothesis"": """", ""langid"": ""other""}, {""operation"": ""deletion"", ""reference"": ""Minggu"", ""hypothesis"": """", ""langid"": ""other""}, {""operation"": ""substitution"", ""reference"": ""kaping"", ""hypothesis"": ""jadiah"", ""langid"": ""other""}, {""operation"": ""substitution"", ""reference"": ""siji"", ""hypothesis"": ""mulai"", ""langid"": ""other""}, {""operation"": ""substitution"", ""reference"": ""karo"", ""hypothesis"": ""senen"", ""langid"": ""other""}, {""operation"": ""substitution"", ""reference"": ""kaping"", ""hypothesis"": ""nganti"", ""langid"": ""other""}, {""operation"": ""substitution"", ""reference"": ""têlu"", ""hypothesis"": ""sabtu"", ""langid"": ""other""}, {""operation"": ""substitution"", ""reference"": ""ana"", ""hypothesis"": ""ibunengkapus"", ""langid"": ""other""}, {""operation"": ""substitution"", ""reference"": ""kegiatan"", ""hypothesis"": ""terus"", ""langid"": ""other""}, {""operation"": ""substitution"", ""reference"": ""Aisyiyah"", ""hypothesis"": ""sedaie"", ""langid"": ""other""}]",wav2vec2,indonesian-nlp/wav2vec2-indonesian-javanese-sundanese,cpu
processed_indonesia/wav2vec2_300/02_vad/indonesian_dev_8fe72ecd2b2e46bfba9c56b080d5ec16.wav,"Dan dulu ku... aku pernah pengalaman waktu kuliah, makanku tuh kayaknya hampir tiap hari soto deh. Jadi, dulu kan ini, jaman dulu kan, jaman mahasiswa kan, kita bisa beli soto yang kuahnya saja. Jadi, soto tanpa nasi itu lima ribu udah dapat banyak. Nah, soto itu, karena dulu itu jaman-jaman susah, itu kubuat untuk bisa sampai dua kali makan. Jadi sehari cuma modal lima ribu dan menanak nasi di me... di rice cooker, bisa deh makan seharian itu dengan lima ribu.",dan duluku aku pernah pengalaman waktuwe kuliah makanku tu kanya hapir teapep haris sodo deh jadi dulu kan ini jaman ejukan jaman maisuakan kita bisebeli soto yang kuanyaan saja jadi coto tanpanas itu lima ribu arabat banya nah sotoe itu karena delu jamn jaman susah itu kubuat untuk bisa sampe dua kalimakan jadi sehari cuma modhel lima ribu dan menanga nasi de mane dires cooker bisa diah makan seharian itu dengan limary,"[""other""]",unknown,0.469136,"{""other"": {""deletions"": 9, ""insertions"": 0, ""reference_words"": 81, ""substitutions"": 29, ""wer"": 0.4691358024691358}}","[{""operation"": ""correct"", ""reference"": ""dan"", ""hypothesis"": ""dan"", ""langid"": ""other""}, {""operation"": ""deletion"", ""reference"": ""dulu"", ""hypothesis"": """", ""langid"": ""other""}, {""operation"": ""substitution"", ""reference"": ""ku..."", ""hypothesis"": ""duluku"", ""langid"": ""other""}, {""operation"": ""correct"", ""reference"": ""aku"", ""hypothesis"": ""aku"", ""langid"": ""other""}, {""operation"": ""correct"", ""reference"": ""pernah"", ""hypothesis"": ""pernah"", ""langid"": ""other""}, {""operation"": ""correct"", ""reference"": ""pengalaman"", ""hypothesis"": ""pengalaman"", ""langid"": ""other""}, {""operation"": ""substitution"", ""reference"": ""waktu"", ""hypothesis"": ""waktuwe"", ""langid"": ""other""}, {""operation"": ""correct"", ""reference"": ""kuliah"", ""hypothesis"": ""kuliah"", ""langid"": ""other""}, {""operation"": ""correct"", ""reference"": ""makanku"", ""hypothesis"": ""makanku"", ""langid"": ""other""}, {""operation"": ""substitution"", ""reference"": ""tuh"", ""hypothesis"": ""tu"", ""langid"": ""other""}, {""operation"": ""substitution"", ""reference"": ""kayaknya"", ""hypothesis"": ""kanya"", ""langid"": ""other""}, {""operation"": ""substitution"", ""reference"": ""hampir"", ""hypothesis"": ""hapir"", ""langid"": ""other""}, {""operation"": ""substitution"", ""reference"": ""tiap"", ""hypothesis"": ""teapep"", ""langid"": ""other""}, {""operation"": ""substitution"", ""reference"": ""hari"", ""hypothesis"": ""haris"", ""langid"": ""other""}, {""operation"": ""substitution"", ""reference"": ""soto"", ""hypothesis"": ""sodo"", ""langid"": ""other""}, {""operation"": ""correct"", ""reference"": ""deh"", ""hypothesis"": ""deh"", ""langid"": ""other""}, {""operation"": ""correct"", ""reference"": ""jadi"", ""hypothesis"": ""jadi"", ""langid"": ""other""}, {""operation"": ""correct"", ""reference"": ""dulu"", ""hypothesis"": ""dulu"", ""langid"": ""other""}, {""operation"": ""correct"", ""reference"": ""kan"", ""hypothesis"": ""kan"", ""langid"": ""other""}, {""operation"": ""correct"", ""reference"": ""ini"", ""hypothesis"": ""ini"", ""langid"": ""other""}, {""operation"": ""correct"", ""reference"": ""jaman"", ""hypothesis"": ""jaman"", ""langid"": ""other""}, {""operation"": ""deletion"", ""reference"": ""dulu"", ""hypothesis"": """", ""langid"": ""other""}, {""operation"": ""substitution"", ""reference"": ""kan"", ""hypothesis"": ""ejukan"", ""langid"": ""other""}, {""operation"": ""correct"", ""reference"": ""jaman"", ""hypothesis"": ""jaman"", ""langid"": ""other""}, {""operation"": ""deletion"", ""reference"": ""mahasiswa"", ""hypothesis"": """", ""langid"": ""other""}, {""operation"": ""substitution"", ""reference"": ""kan"", ""hypothesis"": ""maisuakan"", ""langid"": ""other""}, {""operation"": ""correct"", ""reference"": ""kita"", ""hypothesis"": ""kita"", ""langid"": ""other""}, {""operation"": ""deletion"", ""reference"": ""bisa"", ""hypothesis"": """", ""langid"": ""other""}, {""operation"": ""substitution"", ""reference"": ""beli"", ""hypothesis"": ""bisebeli"", ""langid"": ""other""}, {""operation"": ""correct"", ""reference"": ""soto"", ""hypothesis"": ""soto"", ""langid"": ""other""}, {""operation"": ""correct"", ""reference"": ""yang"", ""hypothesis"": ""yang"", ""langid"": ""other""}, {""operation"": ""substitution"", ""reference"": ""kuahnya"", ""hypothesis"": ""kuanyaan"", ""langid"": ""other""}, {""operation"": ""correct"", ""reference"": ""saja"", ""hypothesis"": ""saja"", ""langid"": ""other""}, {""operation"": ""correct"", ""reference"": ""jadi"", ""hypothesis"": ""jadi"", ""langid"": ""other""}, {""operation"": ""deletion"", ""reference"": ""soto"", ""hypothesis"": """", ""langid"": ""other""}, {""operation"": ""substitution"", ""reference"": ""tanpa"", ""hypothesis"": ""coto"", ""langid"": ""other""}, {""operation"": ""substitution"", ""reference"": ""nasi"", ""hypothesis"": ""tanpanas"", ""langid"": ""other""}, {""operation"": ""correct"", ""reference"": ""itu"", ""hypothesis"": ""itu"", ""langid"": ""other""}, {""operation"": ""correct"", ""reference"": ""lima"", ""hypothesis"": ""lima"", ""langid"": ""other""}, {""operation"": ""correct"", ""reference"": ""ribu"", ""hypothesis"": ""ribu"", ""langid"": ""other""}, {""operation"": ""deletion"", ""reference"": ""udah"", ""hypothesis"": """", ""langid"": ""other""}, {""operation"": ""substitution"", ""reference"": ""dapat"", ""hypothesis"": ""arabat"", ""langid"": ""other""}, {""operation"": ""substitution"", ""reference"": ""banyak"", ""hypothesis"": ""banya"", ""langid"": ""other""}, {""operation"": ""correct"", ""reference"": ""nah"", ""hypothesis"": ""nah"", ""langid"": ""other""}, {""operation"": ""substitution"", ""reference"": ""soto"", ""hypothesis"": ""sotoe"", ""langid"": ""other""}, {""operation"": ""correct"", ""reference"": ""itu"", ""hypothesis"": ""itu"", ""langid"": ""other""}, {""operation"": ""correct"", ""reference"": ""karena"", ""hypothesis"": ""karena"", ""langid"": ""other""}, {""operation"": ""substitution"", ""reference"": ""dulu"", ""hypothesis"": ""delu"", ""langid"": ""other""}, {""operation"": ""substitution"", ""reference"": ""itu"", ""hypothesis"": ""jamn"", ""langid"": ""other""}, {""operation"": ""substitution"", ""reference"": ""jaman-jaman"", ""hypothesis"": ""jaman"", ""langid"": ""other""}, {""operation"": ""correct"", ""reference"": ""susah"", ""hypothesis"": ""susah"", ""langid"": ""other""}, {""operation"": ""correct"", ""reference"": ""itu"", ""hypothesis"": ""itu"", ""langid"": ""other""}, {""operation"": ""correct"", ""reference"": ""kubuat"", ""hypothesis"": ""kubuat"", ""langid"": ""other""}, {""operation"": ""correct"", ""reference"": ""untuk"", ""hypothesis"": ""untuk"", ""langid"": ""other""}, {""operation"": ""correct"", ""reference"": ""bisa"", ""hypothesis"": ""bisa"", ""langid"": ""other""}, {""operation"": ""substitution"", ""reference"": ""sampai"", ""hypothesis"": ""sampe"", ""langid"": ""other""}, {""operation"": ""correct"", ""reference"": ""dua"", ""hypothesis"": ""dua"", ""langid"": ""other""}, {""operation"": ""deletion"", ""reference"": ""kali"", ""hypothesis"": """", ""langid"": ""other""}, {""operation"": ""substitution"", ""reference"": ""makan"", ""hypothesis"": ""kalimakan"", ""langid"": ""other""}, {""operation"": ""correct"", ""reference"": ""jadi"", ""hypothesis"": ""jadi"", ""langid"": ""other""}, {""operation"": ""correct"", ""reference"": ""sehari"", ""hypothesis"": ""sehari"", ""langid"": ""other""}, {""operation"": ""correct"", ""reference"": ""cuma"", ""hypothesis"": ""cuma"", ""langid"": ""other""}, {""operation"": ""substitution"", ""reference"": ""modal"", ""hypothesis"": ""modhel"", ""langid"": ""other""}, {""operation"": ""correct"", ""reference"": ""lima"", ""hypothesis"": ""lima"", ""langid"": ""other""}, {""operation"": ""correct"", ""reference"": ""ribu"", ""hypothesis"": ""ribu"", ""langid"": ""other""}, {""operation"": ""correct"", ""reference"": ""dan"", ""hypothesis"": ""dan"", ""langid"": ""other""}, {""operation"": ""substitution"", ""reference"": ""menanak"", ""hypothesis"": ""menanga"", ""langid"": ""other""}, {""operation"": ""correct"", ""reference"": ""nasi"", ""hypothesis"": ""nasi"", ""langid"": ""other""}, {""operation"": ""deletion"", ""reference"": ""di"", ""hypothesis"": """", ""langid"": ""other""}, {""operation"": ""substitution"", ""reference"": ""me..."", ""hypothesis"": ""de"", ""langid"": ""other""}, {""operation"": ""substitution"", ""reference"": ""di"", ""hypothesis"": ""mane"", ""langid"": ""other""}, {""operation"": ""substitution"", ""reference"": ""rice"", ""hypothesis"": ""dires"", ""langid"": ""other""}, {""operation"": ""correct"", ""reference"": ""cooker"", ""hypothesis"": ""cooker"", ""langid"": ""other""}, {""operation"": ""correct"", ""reference"": ""bisa"", ""hypothesis"": ""bisa"", ""langid"": ""other""}, {""operation"": ""substitution"", ""reference"": ""deh"", ""hypothesis"": ""diah"", ""langid"": ""other""}, {""operation"": ""correct"", ""reference"": ""makan"", ""hypothesis"": ""makan"", ""langid"": ""other""}, {""operation"": ""correct"", ""reference"": ""seharian"", ""hypothesis"": ""seharian"", ""langid"": ""other""}, {""operation"": ""correct"", ""reference"": ""itu"", ""hypothesis"": ""itu"", ""langid"": ""other""}, {""operation"": ""correct"", ""reference"": ""dengan"", ""hypothesis"": ""dengan"", ""langid"": ""other""}, {""operation"": ""deletion"", ""reference"": ""lima"", ""hypothesis"": """", ""langid"": ""other""}, {""operation"": ""substitution"", ""reference"": ""ribu"", ""hypothesis"": ""limary"", ""langid"": ""other""}]",wav2vec2,indonesian-nlp/wav2vec2-indonesian-javanese-sundanese,cpu
processed_indonesia/wav2vec2_300/02_vad/jember_206_0070.wav,Tapi isa ae korbane ki wong liya.,ngombe ngonu tapi isok ae korbane ki wong li,"[""other""]",unknown,0.571429,"{""other"": {""deletions"": 0, ""insertions"": 2, ""reference_words"": 7, ""substitutions"": 2, ""wer"": 0.5714285714285714}}","[{""operation"": ""insertion"", ""reference"": """", ""hypothesis"": ""ngombe"", ""langid"": ""other""}, {""operation"": ""insertion"", ""reference"": """", ""hypothesis"": ""ngonu"", ""langid"": ""other""}, {""operation"": ""correct"", ""reference"": ""tapi"", ""hypothesis"": ""tapi"", ""langid"": ""other""}, {""operation"": ""substitution"", ""reference"": ""isa"", ""hypothesis"": ""isok"", ""langid"": ""other""}, {""operation"": ""correct"", ""reference"": ""ae"", ""hypothesis"": ""ae"", ""langid"": ""other""}, {""operation"": ""correct"", ""reference"": ""korbane"", ""hypothesis"": ""korbane"", ""langid"": ""other""}, {""operation"": ""correct"", ""reference"": ""ki"", ""hypothesis"": ""ki"", ""langid"": ""other""}, {""operation"": ""correct"", ""reference"": ""wong"", ""hypothesis"": ""wong"", ""langid"": ""other""}, {""operation"": ""substitution"", ""reference"": ""liya"", ""hypothesis"": ""li"", ""langid"": ""other""}]",wav2vec2,indonesian-nlp/wav2vec2-indonesian-javanese-sundanese,cpu
processed_indonesia/wav2vec2_300/02_vad/jember_063_0038.wav,"E, dadi ngene Mbak sêbênre, aku ndèk SMK iku nèk diomongne ilmu pertanyaan iku lebih ke penanganan pasca panèn karo pengolahan Mbak.",oh dadi nge nembak sebenere aku diasemka iku nek dia mungilmu pertanienku lebihke penanganan pas capanan karo pengolahanba,"[""other""]",unknown,0.772727,"{""other"": {""deletions"": 4, ""insertions"": 0, ""reference_words"": 22, ""substitutions"": 13, ""wer"": 0.7727272727272727}}","[{""operation"": ""substitution"", ""reference"": ""e"", ""hypothesis"": ""oh"", ""langid"": ""other""}, {""operation"": ""correct"", ""reference"": ""dadi"", ""hypothesis"": ""dadi"", ""langid"": ""other""}, {""operation"": ""substitution"", ""reference"": ""ngene"", ""hypothesis"": ""nge"", ""langid"": ""other""}, {""operation"": ""substitution"", ""reference"": ""Mbak"", ""hypothesis"": ""nembak"", ""langid"": ""other""}, {""operation"": ""substitution"", ""reference"": ""sêbênre"", ""hypothesis"": ""sebenere"", ""langid"": ""other""}, {""operation"": ""correct"", ""reference"": ""aku"", ""hypothesis"": ""aku"", ""langid"": ""other""}, {""operation"": ""deletion"", ""reference"": ""ndèk"", ""hypothesis"": """", ""langid"": ""other""}, {""operation"": ""substitution"", ""reference"": ""SMK"", ""hypothesis"": ""diasemka"", ""langid"": ""other""}, {""operation"": ""correct"", ""reference"": ""iku"", ""hypothesis"": ""iku"", ""langid"": ""other""}, {""operation"": ""deletion"", ""reference"": ""nèk"", ""hypothesis"": """", ""langid"": ""other""}, {""operation"": ""deletion"", ""reference"": ""diomongne"", ""hypothesis"": """", ""langid"": ""other""}, {""operation"": ""substitution"", ""reference"": ""ilmu"", ""hypothesis"": ""nek"", ""langid"": ""other""}, {""operation"": ""substitution"", ""reference"": ""pertanyaan"", ""hypothesis"": ""dia"", ""langid"": ""other""}, {""operation"": ""substitution"", ""reference"": ""iku"", ""hypothesis"": ""mungilmu"", ""langid"": ""other""}, {""operation"": ""substitution"", ""reference"": ""lebih"", ""hypothesis"": ""pertanienku"", ""langid"": ""other""}, {""operation"": ""substitution"", ""reference"": ""ke"", ""hypothesis"": ""lebihke"", ""langid"": ""other""}, {""operation"": ""correct"", ""reference"": ""penanganan"", ""hypothesis"": ""penanganan"", ""langid"": ""other""}, {""operation"": ""substitution"", ""reference"": ""pasca"", ""hypothesis"": ""pas"", ""langid"": ""other""}, {""operation"": ""substitution"", ""reference"": ""panèn"", ""hypothesis"": ""capanan"", ""langid"": ""other""}, {""operation"": ""correct"", ""reference"": ""karo"", ""hypothesis"": ""karo"", ""langid"": ""other""}, {""operation"": ""deletion"", ""reference"": ""pengolahan"", ""hypothesis"": """", ""langid"": ""other""}, {""operation"": ""substitution"", ""reference"": ""Mbak"", ""hypothesis"": ""pengolahanba"", ""langid"": ""other""}]",wav2vec2,indonesian-nlp/wav2vec2-indonesian-javanese-sundanese,cpu
processed_indonesia/wav2vec2_300/02_vad/jember_097_0024.wav,"Těrus, peralatan mandi.",terus  peralatan mandi,"[""other""]",unknown,0.333333,"{""other"": {""deletions"": 0, ""insertions"": 0, ""reference_words"": 3, ""substitutions"": 1, ""wer"": 0.3333333333333333}}","[{""operation"": ""substitution"", ""reference"": ""těrus"", ""hypothesis"": ""terus"", ""langid"": ""other""}, {""operation"": ""correct"", ""reference"": ""peralatan"", ""hypothesis"": ""peralatan"", ""langid"": ""other""}, {""operation"": ""correct"", ""reference"": ""mandi"", ""hypothesis"": ""mandi"", ""langid"": ""other""}]",wav2vec2,indonesian-nlp/wav2vec2-indonesian-javanese-sundanese,cpu
processed_indonesia/wav2vec2_300/02_vad/jember_048_0096.wav,"Bawaane ki serius, gudu hubungan sing dibawa serius, ênggak, bawaane serius thok.",usnala bawaan iki serius gutuk hubungan sing diwalau cerius nggak bawakane seriu staka,"[""other""]",unknown,0.833333,"{""other"": {""deletions"": 0, ""insertions"": 1, ""reference_words"": 12, ""substitutions"": 9, ""wer"": 0.8333333333333334}}","[{""operation"": ""insertion"", ""reference"": """", ""hypothesis"": ""usnala"", ""langid"": ""other""}, {""operation"": ""substitution"", ""reference"": ""bawaane"", ""hypothesis"": ""bawaan"", ""langid"": ""other""}, {""operation"": ""substitution"", ""reference"": ""ki"", ""hypothesis"": ""iki"", ""langid"": ""other""}, {""operation"": ""correct"", ""reference"": ""serius"", ""hypothesis"": ""serius"", ""langid"": ""other""}, {""operation"": ""substitution"", ""reference"": ""gudu"", ""hypothesis"": ""gutuk"", ""langid"": ""other""}, {""operation"": ""correct"", ""reference"": ""hubungan"", ""hypothesis"": ""hubungan"", ""langid"": ""other""}, {""operation"": ""correct"", ""reference"": ""sing"", ""hypothesis"": ""sing"", ""langid"": ""other""}, {""operation"": ""substitution"", ""reference"": ""dibawa"", ""hypothesis"": ""diwalau"", ""langid"": ""other""}, {""operation"": ""substitution"", ""reference"": ""serius"", ""hypothesis"": ""cerius"", ""langid"": ""other""}, {""operation"": ""substitution"", ""reference"": ""ênggak"", ""hypothesis"": ""nggak"", ""langid"": ""other""}, {""operation"": ""substitution"", ""reference"": ""bawaane"", ""hypothesis"": ""bawakane"", ""langid"": ""other""}, {""operation"": ""substitution"", ""reference"": ""serius"", ""hypothesis"": ""seriu"", ""langid"": ""other""}, {""operation"": ""substitution"", ""reference"": ""thok"", ""hypothesis"": ""staka"", ""langid"": ""other""}]",wav2vec2,indonesian-nlp/wav2vec2-indonesian-javanese-sundanese,cpu
processed_indonesia/wav2vec2_300/02_vad/jember_208_0015.wav,"Dadi, e..., sakjane iku critane, nèk critane ya, crita singkate ya.",dadi e sakjan iku ceritane kenek diceritane cerita sing kateo,"[""other""]",unknown,0.818182,"{""other"": {""deletions"": 1, ""insertions"": 0, ""reference_words"": 11, ""substitutions"": 8, ""wer"": 0.8181818181818182}}","[{""operation"": ""correct"", ""reference"": ""dadi"", ""hypothesis"": ""dadi"", ""langid"": ""other""}, {""operation"": ""substitution"", ""reference"": ""e..."", ""hypothesis"": ""e"", ""langid"": ""other""}, {""operation"": ""substitution"", ""reference"": ""sakjane"", ""hypothesis"": ""sakjan"", ""langid"": ""other""}, {""operation"": ""correct"", ""reference"": ""iku"", ""hypothesis"": ""iku"", ""langid"": ""other""}, {""operation"": ""deletion"", ""reference"": ""critane"", ""hypothesis"": """", ""langid"": ""other""}, {""operation"": ""substitution"", ""reference"": ""nèk"", ""hypothesis"": ""ceritane"", ""langid"": ""other""}, {""operation"": ""substitution"", ""reference"": ""critane"", ""hypothesis"": ""kenek"", ""langid"": ""other""}, {""operation"": ""substitution"", ""reference"": ""ya"", ""hypothesis"": ""diceritane"", ""langid"": ""other""}, {""operation"": ""substitution"", ""reference"": ""crita"", ""hypothesis"": ""cerita"", ""langid"": ""other""}, {""operation"": ""substitution"", ""reference"": ""singkate"", ""hypothesis"": ""sing"", ""langid"": ""other""}, {""operation"": ""substitution"", ""reference"": ""ya"", ""hypothesis"": ""kateo"", ""langid"": ""other""}]",wav2vec2,indonesian-nlp/wav2vec2-indonesian-javanese-sundanese,cpu
processed_indonesia/wav2vec2_300/02_vad/jember_090_0011.wav,"Mari mlaku-mlaku, nggolèk kêtan.",u mari mlaku melaku nggu,"[""other""]",unknown,1.000000,"{""other"": {""deletions"": 0, ""insertions"": 1, ""reference_words"": 4, ""substitutions"": 3, ""wer"": 1.0}}","[{""operation"": ""insertion"", ""reference"": """", ""hypothesis"": ""u"", ""langid"": ""other""}, {""operation"": ""correct"", ""reference"": ""mari"", ""hypothesis"": ""mari"", ""langid"": ""other""}, {""operation"": ""substitution"", ""reference"": ""mlaku-mlaku"", ""hypothesis"": ""mlaku"", ""langid"": ""other""}, {""operation"": ""substitution"", ""reference"": ""nggolèk"", ""hypothesis"": ""melaku"", ""langid"": ""other""}, {""operation"": ""substitution"", ""reference"": ""kêtan"", ""hypothesis"": ""nggu"", ""langid"": ""other""}]",wav2vec2,indonesian-nlp/wav2vec2-indonesian-javanese-sundanese,cpu
processed_indonesia/wav2vec2_300/02_vad/jember_149_0010.wav,"Těrus, pas ning nggone, pas wis ana gule kambing ning ngarêpe de’e, gule plus sate kambing ya.",trus pas nenggone pas wiso onok kuli camby menarepe dheke guli pelsate cobeng eat,"[""other""]",unknown,0.882353,"{""other"": {""deletions"": 3, ""insertions"": 0, ""reference_words"": 17, ""substitutions"": 12, ""wer"": 0.8823529411764706}}","[{""operation"": ""substitution"", ""reference"": ""těrus"", ""hypothesis"": ""trus"", ""langid"": ""other""}, {""operation"": ""correct"", ""reference"": ""pas"", ""hypothesis"": ""pas"", ""langid"": ""other""}, {""operation"": ""deletion"", ""reference"": ""ning"", ""hypothesis"": """", ""langid"": ""other""}, {""operation"": ""substitution"", ""reference"": ""nggone"", ""hypothesis"": ""nenggone"", ""langid"": ""other""}, {""operation"": ""correct"", ""reference"": ""pas"", ""hypothesis"": ""pas"", ""langid"": ""other""}, {""operation"": ""deletion"", ""reference"": ""wis"", ""hypothesis"": """", ""langid"": ""other""}, {""operation"": ""deletion"", ""reference"": ""ana"", ""hypothesis"": """", ""langid"": ""other""}, {""operation"": ""substitution"", ""reference"": ""gule"", ""hypothesis"": ""wiso"", ""langid"": ""other""}, {""operation"": ""substitution"", ""reference"": ""kambing"", ""hypothesis"": ""onok"", ""langid"": ""other""}, {""operation"": ""substitution"", ""reference"": ""ning"", ""hypothesis"": ""kuli"", ""langid"": ""other""}, {""operation"": ""substitution"", ""reference"": ""ngarêpe"", ""hypothesis"": ""camby"", ""langid"": ""other""}, {""operation"": ""substitution"", ""reference"": ""de’e"", ""hypothesis"": ""menarepe"", ""langid"": ""other""}, {""operation"": ""substitution"", ""reference"": ""gule"", ""hypothesis"": ""dheke"", ""langid"": ""other""}, {""operation"": ""substitution"", ""reference"": ""plus"", ""hypothesis"": ""guli"", ""langid"": ""other""}, {""operation"": ""substitution"", ""reference"": ""sate"", ""hypothesis"": ""pelsate"", ""langid"": ""other""}, {""operation"": ""substitution"", ""reference"": ""kambing"", ""hypothesis"": ""cobeng"", ""langid"": ""other""}, {""operation"": ""substitution"", ""reference"": ""ya"", ""hypothesis"": ""eat"", ""langid"": ""other""}]",wav2vec2,indonesian-nlp/wav2vec2-indonesian-javanese-sundanese,cpu
processed_indonesia/wav2vec2_300/02_vad/jember_148_0007.wav,"Wis gak enak, nggawe mabuk, nggak sênêng aku.",sokak enak ae ga wis kakenak mire mapuk fukaesmelaa,"[""other""]",unknown,1.125000,"{""other"": {""deletions"": 0, ""insertions"": 1, ""reference_words"": 8, ""substitutions"": 8, ""wer"": 1.125}}","[{""operation"": ""insertion"", ""reference"": """", ""hypothesis"": ""sokak"", ""langid"": ""other""}, {""operation"": ""substitution"", ""reference"": ""wis"", ""hypothesis"": ""enak"", ""langid"": ""other""}, {""operation"": ""substitution"", ""reference"": ""gak"", ""hypothesis"": ""ae"", ""langid"": ""other""}, {""operation"": ""substitution"", ""reference"": ""enak"", ""hypothesis"": ""ga"", ""langid"": ""other""}, {""operation"": ""substitution"", ""reference"": ""nggawe"", ""hypothesis"": ""wis"", ""langid"": ""other""}, {""operation"": ""substitution"", ""reference"": ""mabuk"", ""hypothesis"": ""kakenak"", ""langid"": ""other""}, {""operation"": ""substitution"", ""reference"": ""nggak"", ""hypothesis"": ""mire"", ""langid"": ""other""}, {""operation"": ""substitution"", ""reference"": ""sênêng"", ""hypothesis"": ""mapuk"", ""langid"": ""other""}, {""operation"": ""substitution"", ""reference"": ""aku"", ""hypothesis"": ""fukaesmelaa"", ""langid"": ""other""}]",wav2vec2,indonesian-nlp/wav2vec2-indonesian-javanese-sundanese,cpu
processed_indonesia/wav2vec2_300/02_vad/jember_187_0005.wav,"Těrus, lèk mari udan iku adhême iku juga kaya adhêm sing gak enak ngono.",entrus lek mari udan niku ademe ku juga koyok adem sing gak enakngug,"[""other""]",unknown,0.642857,"{""other"": {""deletions"": 1, ""insertions"": 0, ""reference_words"": 14, ""substitutions"": 8, ""wer"": 0.6428571428571429}}","[{""operation"": ""substitution"", ""reference"": ""těrus"", ""hypothesis"": ""entrus"", ""langid"": ""other""}, {""operation"": ""substitution"", ""reference"": ""lèk"", ""hypothesis"": ""lek"", ""langid"": ""other""}, {""operation"": ""correct"", ""reference"": ""mari"", ""hypothesis"": ""mari"", ""langid"": ""other""}, {""operation"": ""correct"", ""reference"": ""udan"", ""hypothesis"": ""udan"", ""langid"": ""other""}, {""operation"": ""substitution"", ""reference"": ""iku"", ""hypothesis"": ""niku"", ""langid"": ""other""}, {""operation"": ""substitution"", ""reference"": ""adhême"", ""hypothesis"": ""ademe"", ""langid"": ""other""}, {""operation"": ""substitution"", ""reference"": ""iku"", ""hypothesis"": ""ku"", ""langid"": ""other""}, {""operation"": ""correct"", ""reference"": ""juga"", ""hypothesis"": ""juga"", ""langid"": ""other""}, {""operation"": ""substitution"", ""reference"": ""kaya"", ""hypothesis"": ""koyok"", ""langid"": ""other""}, {""operation"": ""substitution"", ""reference"": ""adhêm"", ""hypothesis"": ""adem"", ""langid"": ""other""}, {""operation"": ""correct"", ""reference"": ""sing"", ""hypothesis"": ""sing"", ""langid"": ""other""}, {""operation"": ""correct"", ""reference"": ""gak"", ""hypothesis"": ""gak"", ""langid"": ""other""}, {""operation"": ""deletion"", ""reference"": ""enak"", ""hypothesis"": """", ""langid"": ""other""}, {""operation"": ""substitution"", ""reference"": ""ngono"", ""hypothesis"": ""enakngug"", ""langid"": ""other""}]",wav2vec2,indonesian-nlp/wav2vec2-indonesian-javanese-sundanese,cpu
processed_indonesia/wav2vec2_300/02_vad/jember_095_0003.wav,"Ya, mbuh, setelah wis ngêrti rada gêdhe ngene iki wis rada nggak srêg ndèk polisi sih.",yo mbuh setelah wis ngerti rodok gedengenewis rodok gak sregdek polisi si,"[""other""]",unknown,0.750000,"{""other"": {""deletions"": 4, ""insertions"": 0, ""reference_words"": 16, ""substitutions"": 8, ""wer"": 0.75}}","[{""operation"": ""substitution"", ""reference"": ""ya"", ""hypothesis"": ""yo"", ""langid"": ""other""}, {""operation"": ""correct"", ""reference"": ""mbuh"", ""hypothesis"": ""mbuh"", ""langid"": ""other""}, {""operation"": ""correct"", ""reference"": ""setelah"", ""hypothesis"": ""setelah"", ""langid"": ""other""}, {""operation"": ""correct"", ""reference"": ""wis"", ""hypothesis"": ""wis"", ""langid"": ""other""}, {""operation"": ""deletion"", ""reference"": ""ngêrti"", ""hypothesis"": """", ""langid"": ""other""}, {""operation"": ""deletion"", ""reference"": ""rada"", ""hypothesis"": """", ""langid"": ""other""}, {""operation"": ""deletion"", ""reference"": ""gêdhe"", ""hypothesis"": """", ""langid"": ""other""}, {""operation"": ""deletion"", ""reference"": ""ngene"", ""hypothesis"": """", ""langid"": ""other""}, {""operation"": ""substitution"", ""reference"": ""iki"", ""hypothesis"": ""ngerti"", ""langid"": ""other""}, {""operation"": ""substitution"", ""reference"": ""wis"", ""hypothesis"": ""rodok"", ""langid"": ""other""}, {""operation"": ""substitution"", ""reference"": ""rada"", ""hypothesis"": ""gedengenewis"", ""langid"": ""other""}, {""operation"": ""substitution"", ""reference"": ""nggak"", ""hypothesis"": ""rodok"", ""langid"": ""other""}, {""operation"": ""substitution"", ""reference"": ""srêg"", ""hypothesis"": ""gak"", ""langid"": ""other""}, {""operation"": ""substitution"", ""reference"": ""ndèk"", ""hypothesis"": ""sregdek"", ""langid"": ""other""}, {""operation"": ""correct"", ""reference"": ""polisi"", ""hypothesis"": ""polisi"", ""langid"": ""other""}, {""operation"": ""substitution"", ""reference"": ""sih"", ""hypothesis"": ""si"", ""langid"": ""other""}]",wav2vec2,indonesian-nlp/wav2vec2-indonesian-javanese-sundanese,cpu
processed_indonesia/wav2vec2_300/02_vad/jember_002_0106.wav,"E..., ya Iphone jarang sih.",e aa yuk aiphun jarang ji,"[""other""]",unknown,1.000000,"{""other"": {""deletions"": 0, ""insertions"": 1, ""reference_words"": 5, ""substitutions"": 4, ""wer"": 1.0}}","[{""operation"": ""insertion"", ""reference"": """", ""hypothesis"": ""e"", ""langid"": ""other""}, {""operation"": ""substitution"", ""reference"": ""e..."", ""hypothesis"": ""aa"", ""langid"": ""other""}, {""operation"": ""substitution"", ""reference"": ""ya"", ""hypothesis"": ""yuk"", ""langid"": ""other""}, {""operation"": ""substitution"", ""reference"": ""Iphone"", ""hypothesis"": ""aiphun"", ""langid"": ""other""}, {""operation"": ""correct"", ""reference"": ""jarang"", ""hypothesis"": ""jarang"", ""langid"": ""other""}, {""operation"": ""substitution"", ""reference"": ""sih"", ""hypothesis"": ""ji"", ""langid"": ""other""}]",wav2vec2,indonesian-nlp/wav2vec2-indonesian-javanese-sundanese,cpu
processed_indonesia/wav2vec2_300/02_vad/jember_142_0016.wav,"Ngko de'e bakal njawab dawa bangêt dan, e, jawabane logis bangêt.",godek ibakan jawab dawu banget den e jawabannya lugis banget,"[""other""]",unknown,0.909091,"{""other"": {""deletions"": 1, ""insertions"": 0, ""reference_words"": 11, ""substitutions"": 9, ""wer"": 0.9090909090909091}}","[{""operation"": ""deletion"", ""reference"": ""ngko"", ""hypothesis"": """", ""langid"": ""other""}, {""operation"": ""substitution"", ""reference"": ""de'e"", ""hypothesis"": ""godek"", ""langid"": ""other""}, {""operation"": ""substitution"", ""reference"": ""bakal"", ""hypothesis"": ""ibakan"", ""langid"": ""other""}, {""operation"": ""substitution"", ""reference"": ""njawab"", ""hypothesis"": ""jawab"", ""langid"": ""other""}, {""operation"": ""substitution"", ""reference"": ""dawa"", ""hypothesis"": ""dawu"", ""langid"": ""other""}, {""operation"": ""substitution"", ""reference"": ""bangêt"", ""hypothesis"": ""banget"", ""langid"": ""other""}, {""operation"": ""substitution"", ""reference"": ""dan"", ""hypothesis"": ""den"", ""langid"": ""other""}, {""operation"": ""correct"", ""reference"": ""e"", ""hypothesis"": ""e"", ""langid"": ""other""}, {""operation"": ""substitution"", ""reference"": ""jawabane"", ""hypothesis"": ""jawabannya"", ""langid"": ""other""}, {""operation"": ""substitution"", ""reference"": ""logis"", ""hypothesis"": ""lugis"", ""langid"": ""other""}, {""operation"": ""substitution"", ""reference"": ""bangêt"", ""hypothesis"": ""banget"", ""langid"": ""other""}]",wav2vec2,indonesian-nlp/wav2vec2-indonesian-javanese-sundanese,cpu
processed_indonesia/wav2vec2_300/02_vad/jember_129_0016.wav,"Misale, o, iki SimSimi ki ora ngêrti awak dhewe ngomong ngono.",misali oiki sim simi iya rangerting adeng,"[""other""]",unknown,1.000000,"{""other"": {""deletions"": 4, ""insertions"": 0, ""reference_words"": 11, ""substitutions"": 7, ""wer"": 1.0}}","[{""operation"": ""deletion"", ""reference"": ""misale"", ""hypothesis"": """", ""langid"": ""other""}, {""operation"": ""deletion"", ""reference"": ""o"", ""hypothesis"": """", ""langid"": ""other""}, {""operation"": ""deletion"", ""reference"": ""iki"", ""hypothesis"": """", ""langid"": ""other""}, {""operation"": ""deletion"", ""reference"": ""SimSimi"", ""hypothesis"": """", ""langid"": ""other""}, {""operation"": ""substitution"", ""reference"": ""ki"", ""hypothesis"": ""misali"", ""langid"": ""other""}, {""operation"": ""substitution"", ""reference"": ""ora"", ""hypothesis"": ""oiki"", ""langid"": ""other""}, {""operation"": ""substitution"", ""reference"": ""ngêrti"", ""hypothesis"": ""sim"", ""langid"": ""other""}, {""operation"": ""substitution"", ""reference"": ""awak"", ""hypothesis"": ""simi"", ""langid"": ""other""}, {""operation"": ""substitution"", ""reference"": ""dhewe"", ""hypothesis"": ""iya"", ""langid"": ""other""}, {""operation"": ""substitution"", ""reference"": ""ngomong"", ""hypothesis"": ""rangerting"", ""langid"": ""other""}, {""operation"": ""substitution"", ""reference"": ""ngono"", ""hypothesis"": ""adeng"", ""langid"": ""other""}]",wav2vec2,indonesian-nlp/wav2vec2-indonesian-javanese-sundanese,cpu
processed_indonesia/wav2vec2_300/02_vad/jember_050_0047.wav,"Dadi wis ngono ki pancèn, e..., ber..., apa ya, beda nêmên rasane.",putino dewi tadies ngunugi pancen a berapa ya beto nemen rasane,"[""other""]",unknown,0.833333,"{""other"": {""deletions"": 1, ""insertions"": 0, ""reference_words"": 12, ""substitutions"": 9, ""wer"": 0.8333333333333334}}","[{""operation"": ""deletion"", ""reference"": ""dadi"", ""hypothesis"": """", ""langid"": ""other""}, {""operation"": ""substitution"", ""reference"": ""wis"", ""hypothesis"": ""putino"", ""langid"": ""other""}, {""operation"": ""substitution"", ""reference"": ""ngono"", ""hypothesis"": ""dewi"", ""langid"": ""other""}, {""operation"": ""substitution"", ""reference"": ""ki"", ""hypothesis"": ""tadies"", ""langid"": ""other""}, {""operation"": ""substitution"", ""reference"": ""pancèn"", ""hypothesis"": ""ngunugi"", ""langid"": ""other""}, {""operation"": ""substitution"", ""reference"": ""e..."", ""hypothesis"": ""pancen"", ""langid"": ""other""}, {""operation"": ""substitution"", ""reference"": ""ber..."", ""hypothesis"": ""a"", ""langid"": ""other""}, {""operation"": ""substitution"", ""reference"": ""apa"", ""hypothesis"": ""berapa"", ""langid"": ""other""}, {""operation"": ""correct"", ""reference"": ""ya"", ""hypothesis"": ""ya"", ""langid"": ""other""}, {""operation"": ""substitution"", ""reference"": ""beda"", ""hypothesis"": ""beto"", ""langid"": ""other""}, {""operation"": ""substitution"", ""reference"": ""nêmên"", ""hypothesis"": ""nemen"", ""langid"": ""other""}, {""operation"": ""correct"", ""reference"": ""rasane"", ""hypothesis"": ""rasane"", ""langid"": ""other""}]",wav2vec2,indonesian-nlp/wav2vec2-indonesian-javanese-sundanese,cpu
processed_indonesia/wav2vec2_300/02_vad/jember_029_0077.wav,Kabèh ya lakoni ae.,egak teskabeola coniae,"[""other""]",unknown,1.000000,"{""other"": {""deletions"": 1, ""insertions"": 0, ""reference_words"": 4, ""substitutions"": 3, ""wer"": 1.0}}","[{""operation"": ""deletion"", ""reference"": ""kabèh"", ""hypothesis"": """", ""langid"": ""other""}, {""operation"": ""substitution"", ""reference"": ""ya"", ""hypothesis"": ""egak"", ""langid"": ""other""}, {""operation"": ""substitution"", ""reference"": ""lakoni"", ""hypothesis"": ""teskabeola"", ""langid"": ""other""}, {""operation"": ""substitution"", ""reference"": ""ae"", ""hypothesis"": ""coniae"", ""langid"": ""other""}]",wav2vec2,indonesian-nlp/wav2vec2-indonesian-javanese-sundanese,cpu
processed_indonesia/wav2vec2_300/02_vad/jember_185_0024.wav,"Kate masak, masak, ngono.",turu turu kla temak sakmasakng,"[""other""]",unknown,1.250000,"{""other"": {""deletions"": 0, ""insertions"": 1, ""reference_words"": 4, ""substitutions"": 4, ""wer"": 1.25}}","[{""operation"": ""insertion"", ""reference"": """", ""hypothesis"": ""turu"", ""langid"": ""other""}, {""operation"": ""substitution"", ""reference"": ""kate"", ""hypothesis"": ""turu"", ""langid"": ""other""}, {""operation"": ""substitution"", ""reference"": ""masak"", ""hypothesis"": ""kla"", ""langid"": ""other""}, {""operation"": ""substitution"", ""reference"": ""masak"", ""hypothesis"": ""temak"", ""langid"": ""other""}, {""operation"": ""substitution"", ""reference"": ""ngono"", ""hypothesis"": ""sakmasakng"", ""langid"": ""other""}]",wav2vec2,indonesian-nlp/wav2vec2-indonesian-javanese-sundanese,cpu
processed_indonesia/wav2vec2_300/02_vad/jember_113_0033.wav,Padahal ya mereka gak salah apa-apa.,korban padhalya mereka gak salah apa apa,"[""other""]",unknown,0.666667,"{""other"": {""deletions"": 0, ""insertions"": 1, ""reference_words"": 6, ""substitutions"": 3, ""wer"": 0.6666666666666666}}","[{""operation"": ""substitution"", ""reference"": ""padahal"", ""hypothesis"": ""korban"", ""langid"": ""other""}, {""operation"": ""substitution"", ""reference"": ""ya"", ""hypothesis"": ""padhalya"", ""langid"": ""other""}, {""operation"": ""correct"", ""reference"": ""mereka"", ""hypothesis"": ""mereka"", ""langid"": ""other""}, {""operation"": ""correct"", ""reference"": ""gak"", ""hypothesis"": ""gak"", ""langid"": ""other""}, {""operation"": ""correct"", ""reference"": ""salah"", ""hypothesis"": ""salah"", ""langid"": ""other""}, {""operation"": ""insertion"", ""reference"": """", ""hypothesis"": ""apa"", ""langid"": ""other""}, {""operation"": ""substitution"", ""reference"": ""apa-apa"", ""hypothesis"": ""apa"", ""langid"": ""other""}]",wav2vec2,indonesian-nlp/wav2vec2-indonesian-javanese-sundanese,cpu
processed_indonesia/wav2vec2_300/02_vad/jember_105_0050.wav,"Tapi, rata-rata wingi ya akèh sing nggawa.",aiku tapi rote rota kuwingi yaa,"[""other""]",unknown,1.000000,"{""other"": {""deletions"": 1, ""insertions"": 0, ""reference_words"": 7, ""substitutions"": 6, ""wer"": 1.0}}","[{""operation"": ""deletion"", ""reference"": ""tapi"", ""hypothesis"": """", ""langid"": ""other""}, {""operation"": ""substitution"", ""reference"": ""rata-rata"", ""hypothesis"": ""aiku"", ""langid"": ""other""}, {""operation"": ""substitution"", ""reference"": ""wingi"", ""hypothesis"": ""tapi"", ""langid"": ""other""}, {""operation"": ""substitution"", ""reference"": ""ya"", ""hypothesis"": ""rote"", ""langid"": ""other""}, {""operation"": ""substitution"", ""reference"": ""akèh"", ""hypothesis"": ""rota"", ""langid"": ""other""}, {""operation"": ""substitution"", ""reference"": ""sing"", ""hypothesis"": ""kuwingi"", ""langid"": ""other""}, {""operation"": ""substitution"", ""reference"": ""nggawa"", ""hypothesis"": ""yaa"", ""langid"": ""other""}]",wav2vec2,indonesian-nlp/wav2vec2-indonesian-javanese-sundanese,cpu
processed_indonesia/wav2vec2_300/02_vad/jember_181_0020.wav,Iku masio dempèt-dempètan lèk ngomong banter-banter kaya emang wak watake iku luwih keras ngono. Iku sih Mbak.,kan biasaipu iku masak depan depetan lek ngomong banter bantern kayok emang wok watakekuluwih keras ngena ngkozsembak,"[""other""]",unknown,1.000000,"{""other"": {""deletions"": 0, ""insertions"": 0, ""reference_words"": 17, ""substitutions"": 17, ""wer"": 1.0}}","[{""operation"": ""substitution"", ""reference"": ""iku"", ""hypothesis"": ""kan"", ""langid"": ""other""}, {""operation"": ""substitution"", ""reference"": ""masio"", ""hypothesis"": ""biasaipu"", ""langid"": ""other""}, {""operation"": ""substitution"", ""reference"": ""dempèt-dempètan"", ""hypothesis"": ""iku"", ""langid"": ""other""}, {""operation"": ""substitution"", ""reference"": ""lèk"", ""hypothesis"": ""masak"", ""langid"": ""other""}, {""operation"": ""substitution"", ""reference"": ""ngomong"", ""hypothesis"": ""depan"", ""langid"": ""other""}, {""operation"": ""substitution"", ""reference"": ""banter-banter"", ""hypothesis"": ""depetan"", ""langid"": ""other""}, {""operation"": ""substitution"", ""reference"": ""kaya"", ""hypothesis"": ""lek"", ""langid"": ""other""}, {""operation"": ""substitution"", ""reference"": ""emang"", ""hypothesis"": ""ngomong"", ""langid"": ""other""}, {""operation"": ""substitution"", ""reference"": ""wak"", ""hypothesis"": ""banter"", ""langid"": ""other""}, {""operation"": ""substitution"", ""reference"": ""watake"", ""hypothesis"": ""bantern"", ""langid"": ""other""}, {""operation"": ""substitution"", ""reference"": ""iku"", ""hypothesis"": ""kayok"", ""langid"": ""other""}, {""operation"": ""substitution"", ""reference"": ""luwih"", ""hypothesis"": ""emang"", ""langid"": ""other""}, {""operation"": ""substitution"", ""reference"": ""keras"", ""hypothesis"": ""wok"", ""langid"": ""other""}, {""operation"": ""substitution"", ""reference"": ""ngono"", ""hypothesis"": ""watakekuluwih"", ""langid"": ""other""}, {""operation"": ""substitution"", ""reference"": ""iku"", ""hypothesis"": ""keras"", ""langid"": ""other""}, {""operation"": ""substitution"", ""reference"": ""sih"", ""hypothesis"": ""ngena"", ""langid"": ""other""}, {""operation"": ""substitution"", ""reference"": ""Mbak"", ""hypothesis"": ""ngkozsembak"", ""langid"": ""other""}]",wav2vec2,indonesian-nlp/wav2vec2-indonesian-javanese-sundanese,cpu
