audio_file_path,ground_truth_transcript,language_labels,predicted_transcript,predicted_language,predicted_language_labels,wer,reference_words,word_errors,loss,token_loss,language_id_loss
processed_indonesia/first_full_run_data_mix_commonvoice/01_segments/jember_193_0011-0011.wav,"seh. Cuma nèng, nèng kutha gêdhe ngono, sak, sak muter-mutere, sak munyêr-munyêre ndalan iku mêrga de'e luwih apa ya, luwih ter, istilahe luwih isa terekam lah karo, karo sisteme Google Maps iku.","[{""word"": ""seh."", ""langid"": ""other""}, {""word"": ""Cuma"", ""langid"": ""other""}, {""word"": ""nèng,"", ""langid"": ""other""}, {""word"": ""nèng"", ""langid"": ""other""}, {""word"": ""kutha"", ""langid"": ""other""}, {""word"": ""gêdhe"", ""langid"": ""other""}, {""word"": ""ngono,"", ""langid"": ""other""}, {""word"": ""sak,"", ""langid"": ""other""}, {""word"": ""sak"", ""langid"": ""other""}, {""word"": ""muter-mutere,"", ""langid"": ""other""}, {""word"": ""sak"", ""langid"": ""other""}, {""word"": ""munyêr-munyêre"", ""langid"": ""other""}, {""word"": ""ndalan"", ""langid"": ""other""}, {""word"": ""iku"", ""langid"": ""other""}, {""word"": ""mêrga"", ""langid"": ""other""}, {""word"": ""de'e"", ""langid"": ""other""}, {""word"": ""luwih"", ""langid"": ""other""}, {""word"": ""apa"", ""langid"": ""other""}, {""word"": ""ya,"", ""langid"": ""other""}, {""word"": ""luwih"", ""langid"": ""other""}, {""word"": ""ter,"", ""langid"": ""other""}, {""word"": ""istilahe"", ""langid"": ""other""}, {""word"": ""luwih"", ""langid"": ""other""}, {""word"": ""isa"", ""langid"": ""other""}, {""word"": ""terekam"", ""langid"": ""other""}, {""word"": ""lah"", ""langid"": ""other""}, {""word"": ""karo,"", ""langid"": ""other""}, {""word"": ""karo"", ""langid"": ""other""}, {""word"": ""sisteme"", ""langid"": ""other""}, {""word"": ""Google"", ""langid"": ""other""}, {""word"": ""Maps"", ""langid"": ""other""}, {""word"": ""iku."", ""langid"": ""other""}]","Cuman, nèng, nèng kota gêdhe ngono sak, sak muter-muter, sak monyet-monyet ndalan iku merga de'e luwih, apa ya, luwih ter, istilahe, luwih isa terekam lah karo, karo sistem iku.",,[],0.28125,32,9,0.22580793358131565,0.22580793358131565,
processed_indonesia/first_full_run_data_mix_commonvoice/03_augmented_audio/jember_030_0077-0080__noise_01.wav,"diiloki wong gak gênah atau pun wong masa lalune kêlam, iku aku gak peduli. Setidake de'e ndak is, isa nempatno awak. Katemu aku isa ya, fine-fine, apa, isa biasa-biasa ae. Isa kancoan ndèk, ana hal sing isa padha dan iku isa dibahas luwih seru, gak masalah-masalah ae.","[{""word"": ""diiloki"", ""langid"": ""other""}, {""word"": ""wong"", ""langid"": ""other""}, {""word"": ""gak"", ""langid"": ""other""}, {""word"": ""gênah"", ""langid"": ""other""}, {""word"": ""atau"", ""langid"": ""other""}, {""word"": ""pun"", ""langid"": ""other""}, {""word"": ""wong"", ""langid"": ""other""}, {""word"": ""masa"", ""langid"": ""other""}, {""word"": ""lalune"", ""langid"": ""other""}, {""word"": ""kêlam,"", ""langid"": ""other""}, {""word"": ""iku"", ""langid"": ""other""}, {""word"": ""aku"", ""langid"": ""other""}, {""word"": ""gak"", ""langid"": ""other""}, {""word"": ""peduli."", ""langid"": ""other""}, {""word"": ""Setidake"", ""langid"": ""other""}, {""word"": ""de'e"", ""langid"": ""other""}, {""word"": ""ndak"", ""langid"": ""other""}, {""word"": ""is,"", ""langid"": ""other""}, {""word"": ""isa"", ""langid"": ""other""}, {""word"": ""nempatno"", ""langid"": ""other""}, {""word"": ""awak."", ""langid"": ""other""}, {""word"": ""Katemu"", ""langid"": ""other""}, {""word"": ""aku"", ""langid"": ""other""}, {""word"": ""isa"", ""langid"": ""other""}, {""word"": ""ya,"", ""langid"": ""other""}, {""word"": ""fine-fine,"", ""langid"": ""other""}, {""word"": ""apa,"", ""langid"": ""other""}, {""word"": ""isa"", ""langid"": ""other""}, {""word"": ""biasa-biasa"", ""langid"": ""other""}, {""word"": ""ae."", ""langid"": ""other""}, {""word"": ""Isa"", ""langid"": ""other""}, {""word"": ""kancoan"", ""langid"": ""other""}, {""word"": ""ndèk,"", ""langid"": ""other""}, {""word"": ""ana"", ""langid"": ""other""}, {""word"": ""hal"", ""langid"": ""other""}, {""word"": ""sing"", ""langid"": ""other""}, {""word"": ""isa"", ""langid"": ""other""}, {""word"": ""padha"", ""langid"": ""other""}, {""word"": ""dan"", ""langid"": ""other""}, {""word"": ""iku"", ""langid"": ""other""}, {""word"": ""isa"", ""langid"": ""other""}, {""word"": ""dibahas"", ""langid"": ""other""}, {""word"": ""luwih"", ""langid"": ""other""}, {""word"": ""seru,"", ""langid"": ""other""}, {""word"": ""gak"", ""langid"": ""other""}, {""word"": ""masalah-masalah"", ""langid"": ""other""}, {""word"": ""ae."", ""langid"": ""other""}]","Sêpurane diloki wong gak gênah, ataupun wong masa lalune êlèm, iku aku gak peduli. Setidak e dhewe ndak isa nampakna awak, kêtêmu aku isa ya van- van, apa, isa biasa-biasa ae, isa kanca-an dek, ana hal sing isa padha dan iku isa dibahas luwih seru, gak masalah-masalah.",,[],0.3404255319148936,47,16,0.22580793358131565,0.22580793358131565,
processed_indonesia/first_full_run_data_mix_commonvoice/01_segments/jember_104_0006-0007.wav,"aku datae, apa ya, nandur sik, baru ngko kan diamati terkait tanaman iku. Dadi cara penelitianku iku aku kan main hormon, main hormon auksin a, hormon auksin iku gawe, apa, merangsang pertumbuhan akar.","[{""word"": ""aku"", ""langid"": ""other""}, {""word"": ""datae,"", ""langid"": ""other""}, {""word"": ""apa"", ""langid"": ""other""}, {""word"": ""ya,"", ""langid"": ""other""}, {""word"": ""nandur"", ""langid"": ""other""}, {""word"": ""sik,"", ""langid"": ""other""}, {""word"": ""baru"", ""langid"": ""other""}, {""word"": ""ngko"", ""langid"": ""other""}, {""word"": ""kan"", ""langid"": ""other""}, {""word"": ""diamati"", ""langid"": ""other""}, {""word"": ""terkait"", ""langid"": ""other""}, {""word"": ""tanaman"", ""langid"": ""other""}, {""word"": ""iku."", ""langid"": ""other""}, {""word"": ""Dadi"", ""langid"": ""other""}, {""word"": ""cara"", ""langid"": ""other""}, {""word"": ""penelitianku"", ""langid"": ""other""}, {""word"": ""iku"", ""langid"": ""other""}, {""word"": ""aku"", ""langid"": ""other""}, {""word"": ""kan"", ""langid"": ""other""}, {""word"": ""main"", ""langid"": ""other""}, {""word"": ""hormon,"", ""langid"": ""other""}, {""word"": ""main"", ""langid"": ""other""}, {""word"": ""hormon"", ""langid"": ""other""}, {""word"": ""auksin"", ""langid"": ""other""}, {""word"": ""a,"", ""langid"": ""other""}, {""word"": ""hormon"", ""langid"": ""other""}, {""word"": ""auksin"", ""langid"": ""other""}, {""word"": ""iku"", ""langid"": ""other""}, {""word"": ""gawe,"", ""langid"": ""other""}, {""word"": ""apa,"", ""langid"": ""other""}, {""word"": ""merangsang"", ""langid"": ""other""}, {""word"": ""pertumbuhan"", ""langid"": ""other""}, {""word"": ""akar."", ""langid"": ""other""}]","Nèk aku datae, apa ya, mandur sik baru êngko kan diomati terkait tanaman iku. Dadi cara penelêhanku iku, aku kan main hormon, main hormon auxin lah, hormon auxin iku gawe apa, merangsang pertumbuhan.",,[],0.2727272727272727,33,9,0.22580793358131565,0.22580793358131565,
processed_indonesia/first_full_run_data_mix_commonvoice/01_segments/jember_106_0015-0016.wav,"Dadi, e..., distek, e, rong, ukuran rong ruas. Sakwise iku, diapa, dikum, dikum nang larutan hormon iku, hormon auksin sintetis iku.","[{""word"": ""Dadi,"", ""langid"": ""other""}, {""word"": ""e...,"", ""langid"": ""other""}, {""word"": ""distek,"", ""langid"": ""other""}, {""word"": ""e,"", ""langid"": ""other""}, {""word"": ""rong,"", ""langid"": ""other""}, {""word"": ""ukuran"", ""langid"": ""other""}, {""word"": ""rong"", ""langid"": ""other""}, {""word"": ""ruas."", ""langid"": ""other""}, {""word"": ""Sakwise"", ""langid"": ""other""}, {""word"": ""iku,"", ""langid"": ""other""}, {""word"": ""diapa,"", ""langid"": ""other""}, {""word"": ""dikum,"", ""langid"": ""other""}, {""word"": ""dikum"", ""langid"": ""other""}, {""word"": ""nang"", ""langid"": ""other""}, {""word"": ""larutan"", ""langid"": ""other""}, {""word"": ""hormon"", ""langid"": ""other""}, {""word"": ""iku,"", ""langid"": ""other""}, {""word"": ""hormon"", ""langid"": ""other""}, {""word"": ""auksin"", ""langid"": ""other""}, {""word"": ""sintetis"", ""langid"": ""other""}, {""word"": ""iku."", ""langid"": ""other""}]","Dadi, e, distek, e, rong, ukuran rong ruas. Sakwise iku, diapa, dikum, dikum nang larutan hormon iku, hormon auxin sintetis iku.",,[],0.047619047619047616,21,1,0.22580793358131565,0.22580793358131565,
processed_indonesia/first_full_run_data_mix_commonvoice/01_segments/jember_107_0070-0073.wav,"Yaiku, ana, ana sarat-sarat tumbuhe. Cuma nèk aku nèng daerah omah Jember iki isa têka ketinggian pira, suhune piye, sik isa. Nèk tuku, misale aku ate nandur vanili ngono, tuku bibite ndèk ndi? Nang aku. Hehehe, ngakak, sik takon, salah sampeyan takone.","[{""word"": ""Yaiku,"", ""langid"": ""other""}, {""word"": ""ana,"", ""langid"": ""other""}, {""word"": ""ana"", ""langid"": ""other""}, {""word"": ""sarat-sarat"", ""langid"": ""other""}, {""word"": ""tumbuhe."", ""langid"": ""other""}, {""word"": ""Cuma"", ""langid"": ""other""}, {""word"": ""nèk"", ""langid"": ""other""}, {""word"": ""aku"", ""langid"": ""other""}, {""word"": ""nèng"", ""langid"": ""other""}, {""word"": ""daerah"", ""langid"": ""other""}, {""word"": ""omah"", ""langid"": ""other""}, {""word"": ""Jember"", ""langid"": ""other""}, {""word"": ""iki"", ""langid"": ""other""}, {""word"": ""isa"", ""langid"": ""other""}, {""word"": ""têka"", ""langid"": ""other""}, {""word"": ""ketinggian"", ""langid"": ""other""}, {""word"": ""pira,"", ""langid"": ""other""}, {""word"": ""suhune"", ""langid"": ""other""}, {""word"": ""piye,"", ""langid"": ""other""}, {""word"": ""sik"", ""langid"": ""other""}, {""word"": ""isa."", ""langid"": ""other""}, {""word"": ""Nèk"", ""langid"": ""other""}, {""word"": ""tuku,"", ""langid"": ""other""}, {""word"": ""misale"", ""langid"": ""other""}, {""word"": ""aku"", ""langid"": ""other""}, {""word"": ""ate"", ""langid"": ""other""}, {""word"": ""nandur"", ""langid"": ""other""}, {""word"": ""vanili"", ""langid"": ""other""}, {""word"": ""ngono,"", ""langid"": ""other""}, {""word"": ""tuku"", ""langid"": ""other""}, {""word"": ""bibite"", ""langid"": ""other""}, {""word"": ""ndèk"", ""langid"": ""other""}, {""word"": ""ndi?"", ""langid"": ""other""}, {""word"": ""Nang"", ""langid"": ""other""}, {""word"": ""aku."", ""langid"": ""other""}, {""word"": ""Hehehe,"", ""langid"": ""other""}, {""word"": ""ngakak,"", ""langid"": ""other""}, {""word"": ""sik"", ""langid"": ""other""}, {""word"": ""takon,"", ""langid"": ""other""}, {""word"": ""salah"", ""langid"": ""other""}, {""word"": ""sampeyan"", ""langid"": ""other""}, {""word"": ""takone."", ""langid"": ""other""}]","Ya iku ana, ana syarat-syarat tumbuh ya. Cuma nèk aku nèng daerah Omah Jember iki, isa têka ketinggian pira, suhune pira isa. Nèk tuku misale aku têkan dhuwit ngono, tuku bibit ae ndèk ngono. Nah, aku, nèk aku sêta kono. Salah sêmên takon nèh.",,[],0.5,42,21,0.22580793358131565,0.22580793358131565,
processed_indonesia/first_full_run_data_mix_commonvoice/01_segments/jember_166_0013-0015.wav,"Kuwi ngêntèkke dhuwit sing luwih larang daripadha pesta pernikahan. Dan, apa ya, tiap kasta nang Bali iki, metu dhuwite ki beda-beda. Nah, sing aku nèng Bali iki mau iku kan kastane rada dhuwur ya dadi.","[{""word"": ""Kuwi"", ""langid"": ""other""}, {""word"": ""ngêntèkke"", ""langid"": ""other""}, {""word"": ""dhuwit"", ""langid"": ""other""}, {""word"": ""sing"", ""langid"": ""other""}, {""word"": ""luwih"", ""langid"": ""other""}, {""word"": ""larang"", ""langid"": ""other""}, {""word"": ""daripadha"", ""langid"": ""other""}, {""word"": ""pesta"", ""langid"": ""other""}, {""word"": ""pernikahan."", ""langid"": ""other""}, {""word"": ""Dan,"", ""langid"": ""other""}, {""word"": ""apa"", ""langid"": ""other""}, {""word"": ""ya,"", ""langid"": ""other""}, {""word"": ""tiap"", ""langid"": ""other""}, {""word"": ""kasta"", ""langid"": ""other""}, {""word"": ""nang"", ""langid"": ""other""}, {""word"": ""Bali"", ""langid"": ""other""}, {""word"": ""iki,"", ""langid"": ""other""}, {""word"": ""metu"", ""langid"": ""other""}, {""word"": ""dhuwite"", ""langid"": ""other""}, {""word"": ""ki"", ""langid"": ""other""}, {""word"": ""beda-beda."", ""langid"": ""other""}, {""word"": ""Nah,"", ""langid"": ""other""}, {""word"": ""sing"", ""langid"": ""other""}, {""word"": ""aku"", ""langid"": ""other""}, {""word"": ""nèng"", ""langid"": ""other""}, {""word"": ""Bali"", ""langid"": ""other""}, {""word"": ""iki"", ""langid"": ""other""}, {""word"": ""mau"", ""langid"": ""other""}, {""word"": ""iku"", ""langid"": ""other""}, {""word"": ""kan"", ""langid"": ""other""}, {""word"": ""kastane"", ""langid"": ""other""}, {""word"": ""rada"", ""langid"": ""other""}, {""word"": ""dhuwur"", ""langid"": ""other""}, {""word"": ""ya"", ""langid"": ""other""}, {""word"": ""dadi."", ""langid"": ""other""}]","Kuwi ngantèk dhuwit sing luwih larang daripada, e, pesta pernikahan. Dan, apa ya, tiap kasta nèng Bali iki metu dhuwit iki beda-beda. Nah, sing aku nèng Bali wingi mau iku kan kastane rada tur ya, tadi.",,[],0.2571428571428571,35,9,0.22580793358131565,0.22580793358131565,
processed_indonesia/first_full_run_data_mix_commonvoice/01_segments/jember_095_0051-0052.wav,"Lèk secara penanaman, peningkatan penanaman iki, apa ya Mbak ya. Mungkin lebih ke perawatane sih Mbak, dari padha peningkatan penanamane.","[{""word"": ""Lèk"", ""langid"": ""other""}, {""word"": ""secara"", ""langid"": ""other""}, {""word"": ""penanaman,"", ""langid"": ""other""}, {""word"": ""peningkatan"", ""langid"": ""other""}, {""word"": ""penanaman"", ""langid"": ""other""}, {""word"": ""iki,"", ""langid"": ""other""}, {""word"": ""apa"", ""langid"": ""other""}, {""word"": ""ya"", ""langid"": ""other""}, {""word"": ""Mbak"", ""langid"": ""other""}, {""word"": ""ya."", ""langid"": ""other""}, {""word"": ""Mungkin"", ""langid"": ""other""}, {""word"": ""lebih"", ""langid"": ""other""}, {""word"": ""ke"", ""langid"": ""other""}, {""word"": ""perawatane"", ""langid"": ""other""}, {""word"": ""sih"", ""langid"": ""other""}, {""word"": ""Mbak,"", ""langid"": ""other""}, {""word"": ""dari"", ""langid"": ""other""}, {""word"": ""padha"", ""langid"": ""other""}, {""word"": ""peningkatan"", ""langid"": ""other""}, {""word"": ""penanamane."", ""langid"": ""other""}]","Lèk secara penanaman, peningkatan penanaman iki, apa ya Mbak ya? Mungkin lebih ke perawatane sih Mbak, daripada peningkatan.",,[],0.15,20,3,0.22580793358131565,0.22580793358131565,
processed_indonesia/first_full_run_data_mix_commonvoice/01_segments/jember_206_0068-0072.wav,"těrus. Soale, nèk arèk wis mulai ngombe-ngombe oplosan ngono kuwi, kan, e, korbane ya gak mèk awake dhewe. Maksude udu mèk mereka dhewe sing ngombe, ngono. Tapi isa ae korbane ki wong liya. Misale kondisi arèk wis mabuk ngono kae ya. Kan isa ae de'e nyerang wong liya sing liwat, sing gak salah apa-apa, ngono kae.","[{""word"": ""těrus."", ""langid"": ""other""}, {""word"": ""Soale,"", ""langid"": ""other""}, {""word"": ""nèk"", ""langid"": ""other""}, {""word"": ""arèk"", ""langid"": ""other""}, {""word"": ""wis"", ""langid"": ""other""}, {""word"": ""mulai"", ""langid"": ""other""}, {""word"": ""ngombe-ngombe"", ""langid"": ""other""}, {""word"": ""oplosan"", ""langid"": ""other""}, {""word"": ""ngono"", ""langid"": ""other""}, {""word"": ""kuwi,"", ""langid"": ""other""}, {""word"": ""kan,"", ""langid"": ""other""}, {""word"": ""e,"", ""langid"": ""other""}, {""word"": ""korbane"", ""langid"": ""other""}, {""word"": ""ya"", ""langid"": ""other""}, {""word"": ""gak"", ""langid"": ""other""}, {""word"": ""mèk"", ""langid"": ""other""}, {""word"": ""awake"", ""langid"": ""other""}, {""word"": ""dhewe."", ""langid"": ""other""}, {""word"": ""Maksude"", ""langid"": ""other""}, {""word"": ""udu"", ""langid"": ""other""}, {""word"": ""mèk"", ""langid"": ""other""}, {""word"": ""mereka"", ""langid"": ""other""}, {""word"": ""dhewe"", ""langid"": ""other""}, {""word"": ""sing"", ""langid"": ""other""}, {""word"": ""ngombe,"", ""langid"": ""other""}, {""word"": ""ngono."", ""langid"": ""other""}, {""word"": ""Tapi"", ""langid"": ""other""}, {""word"": ""isa"", ""langid"": ""other""}, {""word"": ""ae"", ""langid"": ""other""}, {""word"": ""korbane"", ""langid"": ""other""}, {""word"": ""ki"", ""langid"": ""other""}, {""word"": ""wong"", ""langid"": ""other""}, {""word"": ""liya."", ""langid"": ""other""}, {""word"": ""Misale"", ""langid"": ""other""}, {""word"": ""kondisi"", ""langid"": ""other""}, {""word"": ""arèk"", ""langid"": ""other""}, {""word"": ""wis"", ""langid"": ""other""}, {""word"": ""mabuk"", ""langid"": ""other""}, {""word"": ""ngono"", ""langid"": ""other""}, {""word"": ""kae"", ""langid"": ""other""}, {""word"": ""ya."", ""langid"": ""other""}, {""word"": ""Kan"", ""langid"": ""other""}, {""word"": ""isa"", ""langid"": ""other""}, {""word"": ""ae"", ""langid"": ""other""}, {""word"": ""de'e"", ""langid"": ""other""}, {""word"": ""nyerang"", ""langid"": ""other""}, {""word"": ""wong"", ""langid"": ""other""}, {""word"": ""liya"", ""langid"": ""other""}, {""word"": ""sing"", ""langid"": ""other""}, {""word"": ""liwat,"", ""langid"": ""other""}, {""word"": ""sing"", ""langid"": ""other""}, {""word"": ""gak"", ""langid"": ""other""}, {""word"": ""salah"", ""langid"": ""other""}, {""word"": ""apa-apa,"", ""langid"": ""other""}, {""word"": ""ngono"", ""langid"": ""other""}, {""word"": ""kae."", ""langid"": ""other""}]","těrus. Soale nèk arèk wis mulai ngombe-ngombe oplosan ngono kuwi, kan, e, korban iya gak mèk awak dhewe. Maksude u, uduk mèk mereka dhewe sing ngombe ngono. Tapi, isa ae korban iki wong liya. Misale kondisi arèk wis mabuk ngono kae ya. Kan isa ae de'e nyêrang wong liya sing liwat, sing gak salah apa-apa ngono kae.",,[],0.14285714285714285,56,8,0.22580793358131565,0.22580793358131565,
processed_indonesia/first_full_run_data_mix_commonvoice/01_segments/jember_001_0129-0133.wav,"plastik numpuk. Lèk wis numpuk êngko dibuwak sêkarêpan. Nèk wis diguwak sêkarêpan, diobong. Mari diobong, mencemarkan udara lagi. Ya iku, paling ngono iku wae wis. Menurut sepengetahuan Anda, ah, sik, sik, mari iku...","[{""word"": ""plastik"", ""langid"": ""other""}, {""word"": ""numpuk."", ""langid"": ""other""}, {""word"": ""Lèk"", ""langid"": ""other""}, {""word"": ""wis"", ""langid"": ""other""}, {""word"": ""numpuk"", ""langid"": ""other""}, {""word"": ""êngko"", ""langid"": ""other""}, {""word"": ""dibuwak"", ""langid"": ""other""}, {""word"": ""sêkarêpan."", ""langid"": ""other""}, {""word"": ""Nèk"", ""langid"": ""other""}, {""word"": ""wis"", ""langid"": ""other""}, {""word"": ""diguwak"", ""langid"": ""other""}, {""word"": ""sêkarêpan,"", ""langid"": ""other""}, {""word"": ""diobong."", ""langid"": ""other""}, {""word"": ""Mari"", ""langid"": ""other""}, {""word"": ""diobong,"", ""langid"": ""other""}, {""word"": ""mencemarkan"", ""langid"": ""other""}, {""word"": ""udara"", ""langid"": ""other""}, {""word"": ""lagi."", ""langid"": ""other""}, {""word"": ""Ya"", ""langid"": ""other""}, {""word"": ""iku,"", ""langid"": ""other""}, {""word"": ""paling"", ""langid"": ""other""}, {""word"": ""ngono"", ""langid"": ""other""}, {""word"": ""iku"", ""langid"": ""other""}, {""word"": ""wae"", ""langid"": ""other""}, {""word"": ""wis."", ""langid"": ""other""}, {""word"": ""Menurut"", ""langid"": ""other""}, {""word"": ""sepengetahuan"", ""langid"": ""other""}, {""word"": ""Anda,"", ""langid"": ""other""}, {""word"": ""ah,"", ""langid"": ""other""}, {""word"": ""sik,"", ""langid"": ""other""}, {""word"": ""sik,"", ""langid"": ""other""}, {""word"": ""mari"", ""langid"": ""other""}, {""word"": ""iku..."", ""langid"": ""other""}]","nèk wis buak sikarepan. Ya, bung, mari diobong, mencemarkan udara lagi. Ya, iku paling ngono wae têka wis. Hehehe. Menurut sepengetahuan ndak ah, sih, mari iku.",,[],0.5454545454545454,33,18,0.22580793358131565,0.22580793358131565,
processed_indonesia/first_full_run_data_mix_commonvoice/01_segments/jember_151_0006-0008.wav,"pikiran. Tapi, kadang ya nge-game ya isa kowe malah, malah kowe, nggawe, malah, nggawe kowe makin stress ngono nèk kalah těrus, apa ya apa. E...m, selain kuwi apa ya? Uang sih.","[{""word"": ""pikiran."", ""langid"": ""other""}, {""word"": ""Tapi,"", ""langid"": ""other""}, {""word"": ""kadang"", ""langid"": ""other""}, {""word"": ""ya"", ""langid"": ""other""}, {""word"": ""nge-game"", ""langid"": ""other""}, {""word"": ""ya"", ""langid"": ""other""}, {""word"": ""isa"", ""langid"": ""other""}, {""word"": ""kowe"", ""langid"": ""other""}, {""word"": ""malah,"", ""langid"": ""other""}, {""word"": ""malah"", ""langid"": ""other""}, {""word"": ""kowe,"", ""langid"": ""other""}, {""word"": ""nggawe,"", ""langid"": ""other""}, {""word"": ""malah,"", ""langid"": ""other""}, {""word"": ""nggawe"", ""langid"": ""other""}, {""word"": ""kowe"", ""langid"": ""other""}, {""word"": ""makin"", ""langid"": ""other""}, {""word"": ""stress"", ""langid"": ""other""}, {""word"": ""ngono"", ""langid"": ""other""}, {""word"": ""nèk"", ""langid"": ""other""}, {""word"": ""kalah"", ""langid"": ""other""}, {""word"": ""těrus,"", ""langid"": ""other""}, {""word"": ""apa"", ""langid"": ""other""}, {""word"": ""ya"", ""langid"": ""other""}, {""word"": ""apa."", ""langid"": ""other""}, {""word"": ""E...m,"", ""langid"": ""other""}, {""word"": ""selain"", ""langid"": ""other""}, {""word"": ""kuwi"", ""langid"": ""other""}, {""word"": ""apa"", ""langid"": ""other""}, {""word"": ""ya?"", ""langid"": ""other""}, {""word"": ""Uang"", ""langid"": ""other""}, {""word"": ""sih."", ""langid"": ""other""}]","pikiran. Tapi kadang ya, nang game ya isa kuwi malah, malah kuwi nggawe, malah gawe kuwi makin setras ngono lho. Soale kalah terus, apa ya, pol. Em, selain kuwi, apa ya, wong sih.",,[],0.3870967741935484,31,12,0.22580793358131565,0.22580793358131565,
processed_indonesia/first_full_run_data_mix_commonvoice/01_segments/jember_169_0011-0012.wav,"Kan dialèk sing dinggo pas lagi wayangan kuwi dialèke, di, dialèk Jawa, bayangna. Iku rada piye ya.","[{""word"": ""Kan"", ""langid"": ""other""}, {""word"": ""dialèk"", ""langid"": ""other""}, {""word"": ""sing"", ""langid"": ""other""}, {""word"": ""dinggo"", ""langid"": ""other""}, {""word"": ""pas"", ""langid"": ""other""}, {""word"": ""lagi"", ""langid"": ""other""}, {""word"": ""wayangan"", ""langid"": ""other""}, {""word"": ""kuwi"", ""langid"": ""other""}, {""word"": ""dialèke,"", ""langid"": ""other""}, {""word"": ""di,"", ""langid"": ""other""}, {""word"": ""dialèk"", ""langid"": ""other""}, {""word"": ""Jawa,"", ""langid"": ""other""}, {""word"": ""bayangna."", ""langid"": ""other""}, {""word"": ""Iku"", ""langid"": ""other""}, {""word"": ""rada"", ""langid"": ""other""}, {""word"": ""piye"", ""langid"": ""other""}, {""word"": ""ya."", ""langid"": ""other""}]","Dan, dialek Singdeng iku pas lagi koyangan kuwi. Dialek iki, dialek Jawa wayang ngono. Iku rada, ya, u...",,[],0.7058823529411765,17,12,0.22580793358131565,0.22580793358131565,
processed_indonesia/first_full_run_data_mix_commonvoice/03_augmented_audio/jember_109_0013-0013__noise_01.wav,"kaya, apa ya, kaya istana lolipop ngono.","[{""word"": ""kaya,"", ""langid"": ""other""}, {""word"": ""apa"", ""langid"": ""other""}, {""word"": ""ya,"", ""langid"": ""other""}, {""word"": ""kaya"", ""langid"": ""other""}, {""word"": ""istana"", ""langid"": ""other""}, {""word"": ""lolipop"", ""langid"": ""other""}, {""word"": ""ngono."", ""langid"": ""other""}]","ya. Cuma aku wingi ndêlok Bandaran iku kaya, apa ya, kaya Istana Lopi Pop ngono.",,[],1.2857142857142858,7,9,0.22580793358131565,0.22580793358131565,
processed_indonesia/first_full_run_data_mix_commonvoice/01_segments/jember_039_0011-0011.wav,"Minggu sebelum ngajar privat, CFD-an, těrus ngajar sampèk jam sembilan, těrus pulang.","[{""word"": ""Minggu"", ""langid"": ""other""}, {""word"": ""sebelum"", ""langid"": ""other""}, {""word"": ""ngajar"", ""langid"": ""other""}, {""word"": ""privat,"", ""langid"": ""other""}, {""word"": ""CFD-an,"", ""langid"": ""other""}, {""word"": ""těrus"", ""langid"": ""other""}, {""word"": ""ngajar"", ""langid"": ""other""}, {""word"": ""sampèk"", ""langid"": ""other""}, {""word"": ""jam"", ""langid"": ""other""}, {""word"": ""sembilan,"", ""langid"": ""other""}, {""word"": ""těrus"", ""langid"": ""other""}, {""word"": ""pulang."", ""langid"": ""other""}]","Minggu sebelum ngajar privat CFDN, těrus ngajar sampèk jam sembilan, těrus pulang.",,[],0.08333333333333333,12,1,0.22580793358131565,0.22580793358131565,
processed_indonesia/first_full_run_data_mix_commonvoice/01_segments/jember_142_0016-0017.wav,"kowe bakal terbantu dengan, e, jawaban mereka.","[{""word"": ""kowe"", ""langid"": ""other""}, {""word"": ""bakal"", ""langid"": ""other""}, {""word"": ""terbantu"", ""langid"": ""other""}, {""word"": ""dengan,"", ""langid"": ""other""}, {""word"": ""e,"", ""langid"": ""other""}, {""word"": ""jawaban"", ""langid"": ""other""}, {""word"": ""mereka."", ""langid"": ""other""}]","kowe bakal njawab. Dawa bangêt. Dan, e, jawane logis bangêt. Dan, kowe bakal terbantu dengan, e, jawaban mereka.",,[],1.5714285714285714,7,11,0.22580793358131565,0.22580793358131565,
processed_indonesia/first_full_run_data_mix_commonvoice/01_segments/jember_182_0011-0012.wav,"sih Mbak. Cuman lèk nggae kereta iku kudu anu, kudu ana, wis kaya rencana-rencanae êngko lèk, lèk mudhun têka stasiun êngko numpak apa nang tujuane. Těrus, ndèk kono wis ana kenalan apa gak?","[{""word"": ""sih"", ""langid"": ""other""}, {""word"": ""Mbak."", ""langid"": ""other""}, {""word"": ""Cuman"", ""langid"": ""other""}, {""word"": ""lèk"", ""langid"": ""other""}, {""word"": ""nggae"", ""langid"": ""other""}, {""word"": ""kereta"", ""langid"": ""other""}, {""word"": ""iku"", ""langid"": ""other""}, {""word"": ""kudu"", ""langid"": ""other""}, {""word"": ""anu,"", ""langid"": ""other""}, {""word"": ""kudu"", ""langid"": ""other""}, {""word"": ""ana,"", ""langid"": ""other""}, {""word"": ""wis"", ""langid"": ""other""}, {""word"": ""kaya"", ""langid"": ""other""}, {""word"": ""rencana-rencanae"", ""langid"": ""other""}, {""word"": ""êngko"", ""langid"": ""other""}, {""word"": ""lèk,"", ""langid"": ""other""}, {""word"": ""lèk"", ""langid"": ""other""}, {""word"": ""mudhun"", ""langid"": ""other""}, {""word"": ""têka"", ""langid"": ""other""}, {""word"": ""stasiun"", ""langid"": ""other""}, {""word"": ""êngko"", ""langid"": ""other""}, {""word"": ""numpak"", ""langid"": ""other""}, {""word"": ""apa"", ""langid"": ""other""}, {""word"": ""nang"", ""langid"": ""other""}, {""word"": ""tujuane."", ""langid"": ""other""}, {""word"": ""Těrus,"", ""langid"": ""other""}, {""word"": ""ndèk"", ""langid"": ""other""}, {""word"": ""kono"", ""langid"": ""other""}, {""word"": ""wis"", ""langid"": ""other""}, {""word"": ""ana"", ""langid"": ""other""}, {""word"": ""kenalan"", ""langid"": ""other""}, {""word"": ""apa"", ""langid"": ""other""}, {""word"": ""gak?"", ""langid"": ""other""}]","Mbak. Cuman lèk nggae kereta iku kudu anu, kudu ana wis kaya rencana-rencana iku lèk, lèk mudhun têka stasiun nggak numpak apa nang tujuane. Těrus ndèk kono wis ana kenalan apa gak?",,[],0.12121212121212122,33,4,0.22580793358131565,0.22580793358131565,
processed_indonesia/first_full_run_data_mix_commonvoice/01_segments/jember_180_0056-0063.wav,"kan. Soale kan lèk musim udan kan dalane lunyu Mbak. Dadi menurutku sing paling cocok iku ya kemarau iku sih. Těrus juga langite kan luwih biru. Dadi, e..., pemandangane iku luwih apik pisan. Dadi awak dhewe lèk liburan iku isa puas, ngono. Gak, ""Aduh, mendhung! Aduh, udan!"" Nggak kaya ngono. Ben isa puas ae, ngono.","[{""word"": ""kan."", ""langid"": ""other""}, {""word"": ""Soale"", ""langid"": ""other""}, {""word"": ""kan"", ""langid"": ""other""}, {""word"": ""lèk"", ""langid"": ""other""}, {""word"": ""musim"", ""langid"": ""other""}, {""word"": ""udan"", ""langid"": ""other""}, {""word"": ""kan"", ""langid"": ""other""}, {""word"": ""dalane"", ""langid"": ""other""}, {""word"": ""lunyu"", ""langid"": ""other""}, {""word"": ""Mbak."", ""langid"": ""other""}, {""word"": ""Dadi"", ""langid"": ""other""}, {""word"": ""menurutku"", ""langid"": ""other""}, {""word"": ""sing"", ""langid"": ""other""}, {""word"": ""paling"", ""langid"": ""other""}, {""word"": ""cocok"", ""langid"": ""other""}, {""word"": ""iku"", ""langid"": ""other""}, {""word"": ""ya"", ""langid"": ""other""}, {""word"": ""kemarau"", ""langid"": ""other""}, {""word"": ""iku"", ""langid"": ""other""}, {""word"": ""sih."", ""langid"": ""other""}, {""word"": ""Těrus"", ""langid"": ""other""}, {""word"": ""juga"", ""langid"": ""other""}, {""word"": ""langite"", ""langid"": ""other""}, {""word"": ""kan"", ""langid"": ""other""}, {""word"": ""luwih"", ""langid"": ""other""}, {""word"": ""biru."", ""langid"": ""other""}, {""word"": ""Dadi,"", ""langid"": ""other""}, {""word"": ""e...,"", ""langid"": ""other""}, {""word"": ""pemandangane"", ""langid"": ""other""}, {""word"": ""iku"", ""langid"": ""other""}, {""word"": ""luwih"", ""langid"": ""other""}, {""word"": ""apik"", ""langid"": ""other""}, {""word"": ""pisan."", ""langid"": ""other""}, {""word"": ""Dadi"", ""langid"": ""other""}, {""word"": ""awak"", ""langid"": ""other""}, {""word"": ""dhewe"", ""langid"": ""other""}, {""word"": ""lèk"", ""langid"": ""other""}, {""word"": ""liburan"", ""langid"": ""other""}, {""word"": ""iku"", ""langid"": ""other""}, {""word"": ""isa"", ""langid"": ""other""}, {""word"": ""puas,"", ""langid"": ""other""}, {""word"": ""ngono."", ""langid"": ""other""}, {""word"": ""Gak,"", ""langid"": ""other""}, {""word"": ""\""Aduh,"", ""langid"": ""other""}, {""word"": ""mendhung!"", ""langid"": ""other""}, {""word"": ""Aduh,"", ""langid"": ""other""}, {""word"": ""udan!\"""", ""langid"": ""other""}, {""word"": ""Nggak"", ""langid"": ""other""}, {""word"": ""kaya"", ""langid"": ""other""}, {""word"": ""ngono."", ""langid"": ""other""}, {""word"": ""Ben"", ""langid"": ""other""}, {""word"": ""isa"", ""langid"": ""other""}, {""word"": ""puas"", ""langid"": ""other""}, {""word"": ""ae,"", ""langid"": ""other""}, {""word"": ""ngono."", ""langid"": ""other""}]","kan. Soale kan lèk musim udan kan dalane lunyu Mbak. Dadi menurutku sing paling cocok iku ya kemarau iku sih. Těrus juga langite kan luwih biru. Dadi, e, pemandangane iku luwih apik pisan. Dadi awak dhewe lèk liburan iku isa puas ngono, gak, aduh mendhung, aduh udan nggak kaya, ben isa puas ngono.",,[],0.03636363636363636,55,2,0.22580793358131565,0.22580793358131565,
processed_indonesia/first_full_run_data_mix_commonvoice/01_segments/jember_068_0005-0006.wav,"kan pasti stress, cap, kêsêl. Isuke kuliah, sorene ya kadang praktikum, ya sik mari ngono ingon-ingon, sik nyiram tanduranku nèng omah, ya kadang, nèk dina prèi kan, apa, nganu nyêmprot, ins, pestisida gawe hama penyakit tanduranku.","[{""word"": ""kan"", ""langid"": ""other""}, {""word"": ""pasti"", ""langid"": ""other""}, {""word"": ""stress,"", ""langid"": ""other""}, {""word"": ""cap,"", ""langid"": ""other""}, {""word"": ""kêsêl."", ""langid"": ""other""}, {""word"": ""Isuke"", ""langid"": ""other""}, {""word"": ""kuliah,"", ""langid"": ""other""}, {""word"": ""sorene"", ""langid"": ""other""}, {""word"": ""ya"", ""langid"": ""other""}, {""word"": ""kadang"", ""langid"": ""other""}, {""word"": ""praktikum,"", ""langid"": ""other""}, {""word"": ""ya"", ""langid"": ""other""}, {""word"": ""sik"", ""langid"": ""other""}, {""word"": ""mari"", ""langid"": ""other""}, {""word"": ""ngono"", ""langid"": ""other""}, {""word"": ""ingon-ingon,"", ""langid"": ""other""}, {""word"": ""sik"", ""langid"": ""other""}, {""word"": ""nyiram"", ""langid"": ""other""}, {""word"": ""tanduranku"", ""langid"": ""other""}, {""word"": ""nèng"", ""langid"": ""other""}, {""word"": ""omah,"", ""langid"": ""other""}, {""word"": ""ya"", ""langid"": ""other""}, {""word"": ""kadang,"", ""langid"": ""other""}, {""word"": ""nèk"", ""langid"": ""other""}, {""word"": ""dina"", ""langid"": ""other""}, {""word"": ""prèi"", ""langid"": ""other""}, {""word"": ""kan,"", ""langid"": ""other""}, {""word"": ""apa,"", ""langid"": ""other""}, {""word"": ""nganu"", ""langid"": ""other""}, {""word"": ""nyêmprot,"", ""langid"": ""other""}, {""word"": ""ins,"", ""langid"": ""other""}, {""word"": ""pestisida"", ""langid"": ""other""}, {""word"": ""gawe"", ""langid"": ""other""}, {""word"": ""hama"", ""langid"": ""other""}, {""word"": ""penyakit"", ""langid"": ""other""}, {""word"": ""tanduranku."", ""langid"": ""other""}]","Nèk kan pasti stres, cap, kêsêl, isuk iku liya, suwane ya kadang praktikum, ya sik ngarèkna ingon-ingon, sik nyiram tanduran iku nèng omah, ya kadang nèk dina prèk iku kan apa, nganu, nyêpêrt, ins, pestisida gawe hama penyakit.",,[],0.3888888888888889,36,14,0.22580793358131565,0.22580793358131565,
processed_indonesia/first_full_run_data_mix_commonvoice/01_segments/jember_143_0015-0018.wav,"ya? Astagfirullahaladzim, tak nggo pacaran cok, mbiyèn cok. Lali aku. Toh mbiyèn, e..., apa ya, kenakalanku ketika aku membawa HP iku, HP-ne, tak, e, tak sèlèh nèng njêro kamus. Dadi kamus i tak bolongi nggo nyimpên HP.","[{""word"": ""ya?"", ""langid"": ""other""}, {""word"": ""Astagfirullahaladzim,"", ""langid"": ""other""}, {""word"": ""tak"", ""langid"": ""other""}, {""word"": ""nggo"", ""langid"": ""other""}, {""word"": ""pacaran"", ""langid"": ""other""}, {""word"": ""cok,"", ""langid"": ""other""}, {""word"": ""mbiyèn"", ""langid"": ""other""}, {""word"": ""cok."", ""langid"": ""other""}, {""word"": ""Lali"", ""langid"": ""other""}, {""word"": ""aku."", ""langid"": ""other""}, {""word"": ""Toh"", ""langid"": ""other""}, {""word"": ""mbiyèn,"", ""langid"": ""other""}, {""word"": ""e...,"", ""langid"": ""other""}, {""word"": ""apa"", ""langid"": ""other""}, {""word"": ""ya,"", ""langid"": ""other""}, {""word"": ""kenakalanku"", ""langid"": ""other""}, {""word"": ""ketika"", ""langid"": ""other""}, {""word"": ""aku"", ""langid"": ""other""}, {""word"": ""membawa"", ""langid"": ""other""}, {""word"": ""HP"", ""langid"": ""other""}, {""word"": ""iku,"", ""langid"": ""other""}, {""word"": ""HP-ne,"", ""langid"": ""other""}, {""word"": ""tak,"", ""langid"": ""other""}, {""word"": ""e,"", ""langid"": ""other""}, {""word"": ""tak"", ""langid"": ""other""}, {""word"": ""sèlèh"", ""langid"": ""other""}, {""word"": ""nèng"", ""langid"": ""other""}, {""word"": ""njêro"", ""langid"": ""other""}, {""word"": ""kamus."", ""langid"": ""other""}, {""word"": ""Dadi"", ""langid"": ""other""}, {""word"": ""kamus"", ""langid"": ""other""}, {""word"": ""i"", ""langid"": ""other""}, {""word"": ""tak"", ""langid"": ""other""}, {""word"": ""bolongi"", ""langid"": ""other""}, {""word"": ""nggo"", ""langid"": ""other""}, {""word"": ""nyimpên"", ""langid"": ""other""}, {""word"": ""HP."", ""langid"": ""other""}]","apa ya, astaghfirullahaladzim tanggo pacaran, kok mbiyèn njuk hal yang, turbên, e, apa ya, kenakalanku ketika aku mbawa HP iku. HP-ne tak, e, tak sêle nèng njero kamus. Dadi kamus i tak bolong ning kono.",,[],0.4594594594594595,37,17,0.22580793358131565,0.22580793358131565,
processed_indonesia/first_full_run_data_mix_commonvoice/03_augmented_audio/jember_034_0013-0013__noise_01.wav,ènèk nggak pangonon ndèk lingkungane sampeyan sing nggae kêmbang gae bahan masakan?,"[{""word"": ""ènèk"", ""langid"": ""other""}, {""word"": ""nggak"", ""langid"": ""other""}, {""word"": ""pangonon"", ""langid"": ""other""}, {""word"": ""ndèk"", ""langid"": ""other""}, {""word"": ""lingkungane"", ""langid"": ""other""}, {""word"": ""sampeyan"", ""langid"": ""other""}, {""word"": ""sing"", ""langid"": ""other""}, {""word"": ""nggae"", ""langid"": ""other""}, {""word"": ""kêmbang"", ""langid"": ""other""}, {""word"": ""gae"", ""langid"": ""other""}, {""word"": ""bahan"", ""langid"": ""other""}, {""word"": ""masakan?"", ""langid"": ""other""}]","Těrus, ènèk nggak panganan ndèk lingkungane sampeyan sing gae kêmbang, gae bahan masakan.",,[],0.25,12,3,0.22580793358131565,0.22580793358131565,
processed_indonesia/first_full_run_data_mix_commonvoice/01_segments/jember_185_0034-0037.wav,"aku mbèk kancaku. Lèk iki kan aku dhewean, tak sesuai'na ambèk kebutuhanku dhewe ngono kan. Dan, iku lebih, luwih enak ngono. Kaya gak, awak dhewe lèk misale mbèk konco kan awak dhewe kudu nyesuaina mbèk konco. Kadang êngko misale kancane, ""Eh, êngko awakmu kadhêmên nggawa jaket iki ya.""","[{""word"": ""aku"", ""langid"": ""other""}, {""word"": ""mbèk"", ""langid"": ""other""}, {""word"": ""kancaku."", ""langid"": ""other""}, {""word"": ""Lèk"", ""langid"": ""other""}, {""word"": ""iki"", ""langid"": ""other""}, {""word"": ""kan"", ""langid"": ""other""}, {""word"": ""aku"", ""langid"": ""other""}, {""word"": ""dhewean,"", ""langid"": ""other""}, {""word"": ""tak"", ""langid"": ""other""}, {""word"": ""sesuai'na"", ""langid"": ""other""}, {""word"": ""ambèk"", ""langid"": ""other""}, {""word"": ""kebutuhanku"", ""langid"": ""other""}, {""word"": ""dhewe"", ""langid"": ""other""}, {""word"": ""ngono"", ""langid"": ""other""}, {""word"": ""kan."", ""langid"": ""other""}, {""word"": ""Dan,"", ""langid"": ""other""}, {""word"": ""iku"", ""langid"": ""other""}, {""word"": ""lebih,"", ""langid"": ""other""}, {""word"": ""luwih"", ""langid"": ""other""}, {""word"": ""enak"", ""langid"": ""other""}, {""word"": ""ngono."", ""langid"": ""other""}, {""word"": ""Kaya"", ""langid"": ""other""}, {""word"": ""gak,"", ""langid"": ""other""}, {""word"": ""awak"", ""langid"": ""other""}, {""word"": ""dhewe"", ""langid"": ""other""}, {""word"": ""lèk"", ""langid"": ""other""}, {""word"": ""misale"", ""langid"": ""other""}, {""word"": ""mbèk"", ""langid"": ""other""}, {""word"": ""konco"", ""langid"": ""other""}, {""word"": ""kan"", ""langid"": ""other""}, {""word"": ""awak"", ""langid"": ""other""}, {""word"": ""dhewe"", ""langid"": ""other""}, {""word"": ""kudu"", ""langid"": ""other""}, {""word"": ""nyesuaina"", ""langid"": ""other""}, {""word"": ""mbèk"", ""langid"": ""other""}, {""word"": ""konco."", ""langid"": ""other""}, {""word"": ""Kadang"", ""langid"": ""other""}, {""word"": ""êngko"", ""langid"": ""other""}, {""word"": ""misale"", ""langid"": ""other""}, {""word"": ""kancane,"", ""langid"": ""other""}, {""word"": ""\""Eh,"", ""langid"": ""other""}, {""word"": ""êngko"", ""langid"": ""other""}, {""word"": ""awakmu"", ""langid"": ""other""}, {""word"": ""kadhêmên"", ""langid"": ""other""}, {""word"": ""nggawa"", ""langid"": ""other""}, {""word"": ""jaket"", ""langid"": ""other""}, {""word"": ""iki"", ""langid"": ""other""}, {""word"": ""ya.\"""", ""langid"": ""other""}]","aku mbèk konco. Lèk iki kan aku dhewean tak sesuêkna mbèk kebutuhanku dhewe ngono kan. Dan, iku lebih, luwih enak ngono kaya gak akèh delèk misale mbèk konco kan akèh delèk kudu nyesuêkna mbèk konco. Kadang kok lèk misale koncone, ""Eh, ngko awakmu kadhêp man gawa jaket iku.""",,[],0.375,48,18,0.22580793358131565,0.22580793358131565,
processed_indonesia/first_full_run_data_mix_commonvoice/01_segments/jember_091_0006-0009.wav,"Aku kuliahe ndèk Universitas Muhammadiyah Jember sing ana ndèk kutha Jember. Jurusan apa? Lèk jurusanku dhewe iki, Jurusan Pertanian. Alasane mbiyèn kok sampeyan njupuk Jurusan Pertanian apa?","[{""word"": ""Aku"", ""langid"": ""other""}, {""word"": ""kuliahe"", ""langid"": ""other""}, {""word"": ""ndèk"", ""langid"": ""other""}, {""word"": ""Universitas"", ""langid"": ""other""}, {""word"": ""Muhammadiyah"", ""langid"": ""other""}, {""word"": ""Jember"", ""langid"": ""other""}, {""word"": ""sing"", ""langid"": ""other""}, {""word"": ""ana"", ""langid"": ""other""}, {""word"": ""ndèk"", ""langid"": ""other""}, {""word"": ""kutha"", ""langid"": ""other""}, {""word"": ""Jember."", ""langid"": ""other""}, {""word"": ""Jurusan"", ""langid"": ""other""}, {""word"": ""apa?"", ""langid"": ""other""}, {""word"": ""Lèk"", ""langid"": ""other""}, {""word"": ""jurusanku"", ""langid"": ""other""}, {""word"": ""dhewe"", ""langid"": ""other""}, {""word"": ""iki,"", ""langid"": ""other""}, {""word"": ""Jurusan"", ""langid"": ""other""}, {""word"": ""Pertanian."", ""langid"": ""other""}, {""word"": ""Alasane"", ""langid"": ""other""}, {""word"": ""mbiyèn"", ""langid"": ""other""}, {""word"": ""kok"", ""langid"": ""other""}, {""word"": ""sampeyan"", ""langid"": ""other""}, {""word"": ""njupuk"", ""langid"": ""other""}, {""word"": ""Jurusan"", ""langid"": ""other""}, {""word"": ""Pertanian"", ""langid"": ""other""}, {""word"": ""apa?"", ""langid"": ""other""}]","Aku kuliahe ndèk Universitas Muhammadiyah Jember sing ana ndèk Kota Jember. Lèk jurusanku dhewe iki jurusan Pertanian. Um, alasane lèk kaya ngono jurusan Pertanian?",,[],0.3333333333333333,27,9,0.22580793358131565,0.22580793358131565,
processed_indonesia/first_full_run_data_mix_commonvoice/01_segments/jember_154_0001-0003.wav,"Ya, sênêng bangêt maksude, apa ya? Game kan, e..., saiki ya, apalagi di mata orang-orang tua ya, maksude boomers. Mereka nganggêp game kaya cuman nggawe sênêng-sênêng.","[{""word"": ""Ya,"", ""langid"": ""other""}, {""word"": ""sênêng"", ""langid"": ""other""}, {""word"": ""bangêt"", ""langid"": ""other""}, {""word"": ""maksude,"", ""langid"": ""other""}, {""word"": ""apa"", ""langid"": ""other""}, {""word"": ""ya?"", ""langid"": ""other""}, {""word"": ""Game"", ""langid"": ""other""}, {""word"": ""kan,"", ""langid"": ""other""}, {""word"": ""e...,"", ""langid"": ""other""}, {""word"": ""saiki"", ""langid"": ""other""}, {""word"": ""ya,"", ""langid"": ""other""}, {""word"": ""apalagi"", ""langid"": ""other""}, {""word"": ""di"", ""langid"": ""other""}, {""word"": ""mata"", ""langid"": ""other""}, {""word"": ""orang-orang"", ""langid"": ""other""}, {""word"": ""tua"", ""langid"": ""other""}, {""word"": ""ya,"", ""langid"": ""other""}, {""word"": ""maksude"", ""langid"": ""other""}, {""word"": ""boomers."", ""langid"": ""other""}, {""word"": ""Mereka"", ""langid"": ""other""}, {""word"": ""nganggêp"", ""langid"": ""other""}, {""word"": ""game"", ""langid"": ""other""}, {""word"": ""kaya"", ""langid"": ""other""}, {""word"": ""cuman"", ""langid"": ""other""}, {""word"": ""nggawe"", ""langid"": ""other""}, {""word"": ""sênêng-sênêng."", ""langid"": ""other""}]","Ya, sênêng bangêt maksude, apa ya, game kan, e, saiki ya, apalagi di mata orang-orang tua ya, maksude, boomers. Mereka nganggup game iku cuman nganggup game yang sêring.",,[],0.23076923076923078,26,6,0.22580793358131565,0.22580793358131565,
processed_indonesia/first_full_run_data_mix_commonvoice/01_segments/jember_080_0001-0002.wav,"Menurutku, kabèh pêkêr, kabèh kegiatan sedina iku pênting. Masio mek cuma, apa ya, mindahna nèng njêro lemari, mari dikorahi.","[{""word"": ""Menurutku,"", ""langid"": ""other""}, {""word"": ""kabèh"", ""langid"": ""other""}, {""word"": ""pêkêr,"", ""langid"": ""other""}, {""word"": ""kabèh"", ""langid"": ""other""}, {""word"": ""kegiatan"", ""langid"": ""other""}, {""word"": ""sedina"", ""langid"": ""other""}, {""word"": ""iku"", ""langid"": ""other""}, {""word"": ""pênting."", ""langid"": ""other""}, {""word"": ""Masio"", ""langid"": ""other""}, {""word"": ""mek"", ""langid"": ""other""}, {""word"": ""cuma,"", ""langid"": ""other""}, {""word"": ""apa"", ""langid"": ""other""}, {""word"": ""ya,"", ""langid"": ""other""}, {""word"": ""mindahna"", ""langid"": ""other""}, {""word"": ""nèng"", ""langid"": ""other""}, {""word"": ""njêro"", ""langid"": ""other""}, {""word"": ""lemari,"", ""langid"": ""other""}, {""word"": ""mari"", ""langid"": ""other""}, {""word"": ""dikorahi."", ""langid"": ""other""}]","Menurutku kabeh pekerjaan, kabeh kegiatan sederhana iku pênting. Masio mèk cuman apa ya, mindahna nang njero lemari, mari dikorai.",Indonesian,[],0.47368421052631576,19,9,0.22580793358131565,0.22580793358131565,
processed_indonesia/first_full_run_data_mix_commonvoice/01_segments/jember_118_0001-0002.wav,"lèk saiki aku wis ora pati sênêng dolan-dolan sing sifate adoh-adoh sing, maksude du adoh, tapi, e, kaya sêgara, kaya apa jênênge, gunung iku wis ora pati. Cuma ya sênêng ning, nèng model-model alam iku wis ora pati.","[{""word"": ""lèk"", ""langid"": ""other""}, {""word"": ""saiki"", ""langid"": ""other""}, {""word"": ""aku"", ""langid"": ""other""}, {""word"": ""wis"", ""langid"": ""other""}, {""word"": ""ora"", ""langid"": ""other""}, {""word"": ""pati"", ""langid"": ""other""}, {""word"": ""sênêng"", ""langid"": ""other""}, {""word"": ""dolan-dolan"", ""langid"": ""other""}, {""word"": ""sing"", ""langid"": ""other""}, {""word"": ""sifate"", ""langid"": ""other""}, {""word"": ""adoh-adoh"", ""langid"": ""other""}, {""word"": ""sing,"", ""langid"": ""other""}, {""word"": ""maksude"", ""langid"": ""other""}, {""word"": ""du"", ""langid"": ""other""}, {""word"": ""adoh,"", ""langid"": ""other""}, {""word"": ""tapi,"", ""langid"": ""other""}, {""word"": ""e,"", ""langid"": ""other""}, {""word"": ""kaya"", ""langid"": ""other""}, {""word"": ""sêgara,"", ""langid"": ""other""}, {""word"": ""kaya"", ""langid"": ""other""}, {""word"": ""apa"", ""langid"": ""other""}, {""word"": ""jênênge,"", ""langid"": ""other""}, {""word"": ""gunung"", ""langid"": ""other""}, {""word"": ""iku"", ""langid"": ""other""}, {""word"": ""wis"", ""langid"": ""other""}, {""word"": ""ora"", ""langid"": ""other""}, {""word"": ""pati."", ""langid"": ""other""}, {""word"": ""Cuma"", ""langid"": ""other""}, {""word"": ""ya"", ""langid"": ""other""}, {""word"": ""sênêng"", ""langid"": ""other""}, {""word"": ""ning,"", ""langid"": ""other""}, {""word"": ""nèng"", ""langid"": ""other""}, {""word"": ""model-model"", ""langid"": ""other""}, {""word"": ""alam"", ""langid"": ""other""}, {""word"": ""iku"", ""langid"": ""other""}, {""word"": ""wis"", ""langid"": ""other""}, {""word"": ""ora"", ""langid"": ""other""}, {""word"": ""pati."", ""langid"": ""other""}]","Nah, nèk saiki aku wis ora pati sênêng dolan-dolan sing sifate adoh-adoh, sing maksude adoh tapi, e, kaya sêgora, kaya apa jênênge, ngundhung iku wis ora pati. Cuma wis sênêng ning, ning model-model alam iku wis ora pati.",,[],0.18421052631578946,38,7,0.22580793358131565,0.22580793358131565,
processed_indonesia/first_full_run_data_mix_commonvoice/01_segments/jember_175_0023-0026.wav,"Kaya sing gak ngêbak-ngêbak i panggèn dan iku isa luwih hemat panggèn ae ya. Contohe kaya klambi iku mau. Klambi sing sekirane kayae gak, gak digawe deh, tapi aku pengin nggawa klambi iki. wis iku mênding gak usah digawa. Soale bakalan, pasti bakale gak ira digawe. Iku sih. E..., lèk aku luwih sênêng ning gunung.","[{""word"": ""Kaya"", ""langid"": ""other""}, {""word"": ""sing"", ""langid"": ""other""}, {""word"": ""gak"", ""langid"": ""other""}, {""word"": ""ngêbak-ngêbak"", ""langid"": ""other""}, {""word"": ""i"", ""langid"": ""other""}, {""word"": ""panggèn"", ""langid"": ""other""}, {""word"": ""dan"", ""langid"": ""other""}, {""word"": ""iku"", ""langid"": ""other""}, {""word"": ""isa"", ""langid"": ""other""}, {""word"": ""luwih"", ""langid"": ""other""}, {""word"": ""hemat"", ""langid"": ""other""}, {""word"": ""panggèn"", ""langid"": ""other""}, {""word"": ""ae"", ""langid"": ""other""}, {""word"": ""ya."", ""langid"": ""other""}, {""word"": ""Contohe"", ""langid"": ""other""}, {""word"": ""kaya"", ""langid"": ""other""}, {""word"": ""klambi"", ""langid"": ""other""}, {""word"": ""iku"", ""langid"": ""other""}, {""word"": ""mau."", ""langid"": ""other""}, {""word"": ""Klambi"", ""langid"": ""other""}, {""word"": ""sing"", ""langid"": ""other""}, {""word"": ""sekirane"", ""langid"": ""other""}, {""word"": ""kayae"", ""langid"": ""other""}, {""word"": ""gak,"", ""langid"": ""other""}, {""word"": ""gak"", ""langid"": ""other""}, {""word"": ""digawe"", ""langid"": ""other""}, {""word"": ""deh,"", ""langid"": ""other""}, {""word"": ""tapi"", ""langid"": ""other""}, {""word"": ""aku"", ""langid"": ""other""}, {""word"": ""pengin"", ""langid"": ""other""}, {""word"": ""nggawa"", ""langid"": ""other""}, {""word"": ""klambi"", ""langid"": ""other""}, {""word"": ""iki."", ""langid"": ""other""}, {""word"": ""wis"", ""langid"": ""other""}, {""word"": ""iku"", ""langid"": ""other""}, {""word"": ""mênding"", ""langid"": ""other""}, {""word"": ""gak"", ""langid"": ""other""}, {""word"": ""usah"", ""langid"": ""other""}, {""word"": ""digawa."", ""langid"": ""other""}, {""word"": ""Soale"", ""langid"": ""other""}, {""word"": ""bakalan,"", ""langid"": ""other""}, {""word"": ""pasti"", ""langid"": ""other""}, {""word"": ""bakale"", ""langid"": ""other""}, {""word"": ""gak"", ""langid"": ""other""}, {""word"": ""ira"", ""langid"": ""other""}, {""word"": ""digawe."", ""langid"": ""other""}, {""word"": ""Iku"", ""langid"": ""other""}, {""word"": ""sih."", ""langid"": ""other""}, {""word"": ""E...,"", ""langid"": ""other""}, {""word"": ""lèk"", ""langid"": ""other""}, {""word"": ""aku"", ""langid"": ""other""}, {""word"": ""luwih"", ""langid"": ""other""}, {""word"": ""sênêng"", ""langid"": ""other""}, {""word"": ""ning"", ""langid"": ""other""}, {""word"": ""gunung."", ""langid"": ""other""}]","Kaya sing gak ngêbêk-ngêbêki panggèn dan iku isa luwih hemat panggèn ae ya. Contohe kaya klambi iku mau. Klambi sing sekirane kaya gak, gak digawe deh, tapi aku pingin nggawa klambi iki, wis iku mêndi nggak usah digawa. Soale bakalan pasti bakale gak kira digawe, iku sih. E, lèk aku luwih sênêng ning nggawa klambi.",,[],0.16363636363636364,55,9,0.22580793358131565,0.22580793358131565,
processed_indonesia/first_full_run_data_mix_commonvoice/01_segments/commonvoice_code_switch_1201_cv_indonesian_common_voice_id_20362400_cv_javanese_spontaneous-speech-jv-91010_723ms.wav,"Pak Yamada memberikan jam pada hari ulang tahun Pak Kobayashi. Miturut aku layanan kesehatan lan banyu resik sing paling penting kanggo komunitas. Yen ana puskesmas apik, obat, lan banyu aman, warga luwih sehat, bocah bisa sekolah, ekonomi maju. Pendidikan dhasar lan sanitasi uga penting. Sampeyan bisa prioritasake fasilitas kesehatan, pasokan banyu, lan sekolah sing ndhukung kabersihan.","[{""word"": ""Pak"", ""langid"": ""other""}, {""word"": ""Yamada"", ""langid"": ""other""}, {""word"": ""memberikan"", ""langid"": ""other""}, {""word"": ""jam"", ""langid"": ""other""}, {""word"": ""pada"", ""langid"": ""other""}, {""word"": ""hari"", ""langid"": ""other""}, {""word"": ""ulang"", ""langid"": ""other""}, {""word"": ""tahun"", ""langid"": ""other""}, {""word"": ""Pak"", ""langid"": ""other""}, {""word"": ""Kobayashi."", ""langid"": ""other""}, {""word"": ""Miturut"", ""langid"": ""other""}, {""word"": ""aku"", ""langid"": ""other""}, {""word"": ""layanan"", ""langid"": ""other""}, {""word"": ""kesehatan"", ""langid"": ""other""}, {""word"": ""lan"", ""langid"": ""other""}, {""word"": ""banyu"", ""langid"": ""other""}, {""word"": ""resik"", ""langid"": ""other""}, {""word"": ""sing"", ""langid"": ""other""}, {""word"": ""paling"", ""langid"": ""other""}, {""word"": ""penting"", ""langid"": ""other""}, {""word"": ""kanggo"", ""langid"": ""other""}, {""word"": ""komunitas."", ""langid"": ""other""}, {""word"": ""Yen"", ""langid"": ""other""}, {""word"": ""ana"", ""langid"": ""other""}, {""word"": ""puskesmas"", ""langid"": ""other""}, {""word"": ""apik,"", ""langid"": ""other""}, {""word"": ""obat,"", ""langid"": ""other""}, {""word"": ""lan"", ""langid"": ""other""}, {""word"": ""banyu"", ""langid"": ""other""}, {""word"": ""aman,"", ""langid"": ""other""}, {""word"": ""warga"", ""langid"": ""other""}, {""word"": ""luwih"", ""langid"": ""other""}, {""word"": ""sehat,"", ""langid"": ""other""}, {""word"": ""bocah"", ""langid"": ""other""}, {""word"": ""bisa"", ""langid"": ""other""}, {""word"": ""sekolah,"", ""langid"": ""other""}, {""word"": ""ekonomi"", ""langid"": ""other""}, {""word"": ""maju."", ""langid"": ""other""}, {""word"": ""Pendidikan"", ""langid"": ""other""}, {""word"": ""dhasar"", ""langid"": ""other""}, {""word"": ""lan"", ""langid"": ""other""}, {""word"": ""sanitasi"", ""langid"": ""other""}, {""word"": ""uga"", ""langid"": ""other""}, {""word"": ""penting."", ""langid"": ""other""}, {""word"": ""Sampeyan"", ""langid"": ""other""}, {""word"": ""bisa"", ""langid"": ""other""}, {""word"": ""prioritasake"", ""langid"": ""other""}, {""word"": ""fasilitas"", ""langid"": ""other""}, {""word"": ""kesehatan,"", ""langid"": ""other""}, {""word"": ""pasokan"", ""langid"": ""other""}, {""word"": ""banyu,"", ""langid"": ""other""}, {""word"": ""lan"", ""langid"": ""other""}, {""word"": ""sekolah"", ""langid"": ""other""}, {""word"": ""sing"", ""langid"": ""other""}, {""word"": ""ndhukung"", ""langid"": ""other""}, {""word"": ""kabersihan."", ""langid"": ""other""}]","Pak Yamada memberikan jam pada hari ulang tahun Pak Kobayashi. Miturut aku layanan kesehatan lan banyu resik sing paling penting kanggo komunitas. Yen ana puskesmas apik, obat, lan banyu aman, warga luwih sehat, bocah bisa sekolah, ekonomi maju. Pendidikan dhasar lan sanitasi uga penting. Sampeyan bisa prioritasake fasilitas kesehatan, pasokan banyu, lan sekolah sing ndhukung kabersihan.",,[],0.0,56,0,0.22580793358131565,0.22580793358131565,
processed_indonesia/first_full_run_data_mix_commonvoice/01_segments/cv_indonesian_common_voice_id_20954726.wav,Aku sangat suka lagu ini.,"[{""word"": ""Aku"", ""langid"": ""other""}, {""word"": ""sangat"", ""langid"": ""other""}, {""word"": ""suka"", ""langid"": ""other""}, {""word"": ""lagu"", ""langid"": ""other""}, {""word"": ""ini."", ""langid"": ""other""}]",Aku sangat suka lagu ini.,Indonesian,[],0.0,5,0,0.22580793358131565,0.22580793358131565,
processed_indonesia/first_full_run_data_mix_commonvoice/01_segments/commonvoice_code_switch_0701_cv_indonesian_common_voice_id_20955191_cv_javanese_spontaneous-speech-jv-91232_683ms.wav,"Sepertinya kereta tidak akan datang tepat waktu. Inggih, aku seneng kerja. Krasa migunani, iso sinau lan ketemu kanca. Kadhang kesel, nanging nek tugas rampung rasa wareg. Sing penting tetep jaga imbangan urip, ngaso sing cukup supaya ora kobong.","[{""word"": ""Sepertinya"", ""langid"": ""other""}, {""word"": ""kereta"", ""langid"": ""other""}, {""word"": ""tidak"", ""langid"": ""other""}, {""word"": ""akan"", ""langid"": ""other""}, {""word"": ""datang"", ""langid"": ""other""}, {""word"": ""tepat"", ""langid"": ""other""}, {""word"": ""waktu."", ""langid"": ""other""}, {""word"": ""Inggih,"", ""langid"": ""other""}, {""word"": ""aku"", ""langid"": ""other""}, {""word"": ""seneng"", ""langid"": ""other""}, {""word"": ""kerja."", ""langid"": ""other""}, {""word"": ""Krasa"", ""langid"": ""other""}, {""word"": ""migunani,"", ""langid"": ""other""}, {""word"": ""iso"", ""langid"": ""other""}, {""word"": ""sinau"", ""langid"": ""other""}, {""word"": ""lan"", ""langid"": ""other""}, {""word"": ""ketemu"", ""langid"": ""other""}, {""word"": ""kanca."", ""langid"": ""other""}, {""word"": ""Kadhang"", ""langid"": ""other""}, {""word"": ""kesel,"", ""langid"": ""other""}, {""word"": ""nanging"", ""langid"": ""other""}, {""word"": ""nek"", ""langid"": ""other""}, {""word"": ""tugas"", ""langid"": ""other""}, {""word"": ""rampung"", ""langid"": ""other""}, {""word"": ""rasa"", ""langid"": ""other""}, {""word"": ""wareg."", ""langid"": ""other""}, {""word"": ""Sing"", ""langid"": ""other""}, {""word"": ""penting"", ""langid"": ""other""}, {""word"": ""tetep"", ""langid"": ""other""}, {""word"": ""jaga"", ""langid"": ""other""}, {""word"": ""imbangan"", ""langid"": ""other""}, {""word"": ""urip,"", ""langid"": ""other""}, {""word"": ""ngaso"", ""langid"": ""other""}, {""word"": ""sing"", ""langid"": ""other""}, {""word"": ""cukup"", ""langid"": ""other""}, {""word"": ""supaya"", ""langid"": ""other""}, {""word"": ""ora"", ""langid"": ""other""}, {""word"": ""kobong."", ""langid"": ""other""}]","Sepertinya kereta tidak akan datang tepat waktu. Inggih, aku seneng kerja. Krasa migunani, iso sinau lan ketemu kanca. Kadhang kesel, nanging nek tugas rampung rasa wareg. Sing penting tetep jaga imbangan urip, ngaso sing cukup supaya ora kobong.",,[],0.0,38,0,0.22580793358131565,0.22580793358131565,
processed_indonesia/first_full_run_data_mix_commonvoice/03_augmented_audio/cv_indonesian_common_voice_id_20362296__noise_01.wav,Saya masih berpikir Tom bersalah.,"[{""word"": ""Saya"", ""langid"": ""other""}, {""word"": ""masih"", ""langid"": ""other""}, {""word"": ""berpikir"", ""langid"": ""other""}, {""word"": ""Tom"", ""langid"": ""other""}, {""word"": ""bersalah."", ""langid"": ""other""}]",Saya masih berpikir Tom bersalah.,Indonesian,[],0.0,5,0,0.22580793358131565,0.22580793358131565,
processed_indonesia/first_full_run_data_mix_commonvoice/03_augmented_audio/commonvoice_code_switch_0087_cv_indonesian_common_voice_id_20362373_cv_javanese_spontaneous-speech-jv-91243_792ms__noise_01.wav,"Seperti biasa, Tom terlambat datang ke kelas. Sing ngelirwakake aku ya kahanan sing ora cetha lan informasi sing bertentangan. Uga wong sing janji nanging ora ditepati, aturan sing rumit, lan perasaan manungsa sing asring ora konsisten. Yen ketemu koyo ngono, aku biasane takon maneh supaya dadi cetha.","[{""word"": ""Seperti"", ""langid"": ""other""}, {""word"": ""biasa,"", ""langid"": ""other""}, {""word"": ""Tom"", ""langid"": ""other""}, {""word"": ""terlambat"", ""langid"": ""other""}, {""word"": ""datang"", ""langid"": ""other""}, {""word"": ""ke"", ""langid"": ""other""}, {""word"": ""kelas."", ""langid"": ""other""}, {""word"": ""Sing"", ""langid"": ""other""}, {""word"": ""ngelirwakake"", ""langid"": ""other""}, {""word"": ""aku"", ""langid"": ""other""}, {""word"": ""ya"", ""langid"": ""other""}, {""word"": ""kahanan"", ""langid"": ""other""}, {""word"": ""sing"", ""langid"": ""other""}, {""word"": ""ora"", ""langid"": ""other""}, {""word"": ""cetha"", ""langid"": ""other""}, {""word"": ""lan"", ""langid"": ""other""}, {""word"": ""informasi"", ""langid"": ""other""}, {""word"": ""sing"", ""langid"": ""other""}, {""word"": ""bertentangan."", ""langid"": ""other""}, {""word"": ""Uga"", ""langid"": ""other""}, {""word"": ""wong"", ""langid"": ""other""}, {""word"": ""sing"", ""langid"": ""other""}, {""word"": ""janji"", ""langid"": ""other""}, {""word"": ""nanging"", ""langid"": ""other""}, {""word"": ""ora"", ""langid"": ""other""}, {""word"": ""ditepati,"", ""langid"": ""other""}, {""word"": ""aturan"", ""langid"": ""other""}, {""word"": ""sing"", ""langid"": ""other""}, {""word"": ""rumit,"", ""langid"": ""other""}, {""word"": ""lan"", ""langid"": ""other""}, {""word"": ""perasaan"", ""langid"": ""other""}, {""word"": ""manungsa"", ""langid"": ""other""}, {""word"": ""sing"", ""langid"": ""other""}, {""word"": ""asring"", ""langid"": ""other""}, {""word"": ""ora"", ""langid"": ""other""}, {""word"": ""konsisten."", ""langid"": ""other""}, {""word"": ""Yen"", ""langid"": ""other""}, {""word"": ""ketemu"", ""langid"": ""other""}, {""word"": ""koyo"", ""langid"": ""other""}, {""word"": ""ngono,"", ""langid"": ""other""}, {""word"": ""aku"", ""langid"": ""other""}, {""word"": ""biasane"", ""langid"": ""other""}, {""word"": ""takon"", ""langid"": ""other""}, {""word"": ""maneh"", ""langid"": ""other""}, {""word"": ""supaya"", ""langid"": ""other""}, {""word"": ""dadi"", ""langid"": ""other""}, {""word"": ""cetha."", ""langid"": ""other""}]","Seperti biasa, Tom terlambat datang ke kelas. Sing ngelirwakake aku ya kahanan sing ora cetha lan informasi sing bertentangan. Uga wong sing janji nanging ora ditepati, aturan sing rumit, lan perasaan manungsa sing asring ora konsisten. Yen ketemu koyo ngono, aku biasane takon maneh supaya dadi cetha.",,[],0.0,47,0,0.22580793358131565,0.22580793358131565,
processed_indonesia/first_full_run_data_mix_commonvoice/03_augmented_audio/commonvoice_code_switch_0294_cv_indonesian_common_voice_id_20955105_cv_javanese_spontaneous-speech-jv-91184_585ms__noise_01.wav,"Pak Lee mau minuman yang mana. Bantengan yaiku kesenian tradisional daerahku ing Jawa Timur sing nggabungake budaya, keberanian, lan petualangan liwat tarian lan atraksi banteng. Biasane diiringi sound system kenceng karo musik sing nggarai mberot.","[{""word"": ""Pak"", ""langid"": ""other""}, {""word"": ""Lee"", ""langid"": ""other""}, {""word"": ""mau"", ""langid"": ""other""}, {""word"": ""minuman"", ""langid"": ""other""}, {""word"": ""yang"", ""langid"": ""other""}, {""word"": ""mana."", ""langid"": ""other""}, {""word"": ""Bantengan"", ""langid"": ""other""}, {""word"": ""yaiku"", ""langid"": ""other""}, {""word"": ""kesenian"", ""langid"": ""other""}, {""word"": ""tradisional"", ""langid"": ""other""}, {""word"": ""daerahku"", ""langid"": ""other""}, {""word"": ""ing"", ""langid"": ""other""}, {""word"": ""Jawa"", ""langid"": ""other""}, {""word"": ""Timur"", ""langid"": ""other""}, {""word"": ""sing"", ""langid"": ""other""}, {""word"": ""nggabungake"", ""langid"": ""other""}, {""word"": ""budaya,"", ""langid"": ""other""}, {""word"": ""keberanian,"", ""langid"": ""other""}, {""word"": ""lan"", ""langid"": ""other""}, {""word"": ""petualangan"", ""langid"": ""other""}, {""word"": ""liwat"", ""langid"": ""other""}, {""word"": ""tarian"", ""langid"": ""other""}, {""word"": ""lan"", ""langid"": ""other""}, {""word"": ""atraksi"", ""langid"": ""other""}, {""word"": ""banteng."", ""langid"": ""other""}, {""word"": ""Biasane"", ""langid"": ""other""}, {""word"": ""diiringi"", ""langid"": ""other""}, {""word"": ""sound"", ""langid"": ""other""}, {""word"": ""system"", ""langid"": ""other""}, {""word"": ""kenceng"", ""langid"": ""other""}, {""word"": ""karo"", ""langid"": ""other""}, {""word"": ""musik"", ""langid"": ""other""}, {""word"": ""sing"", ""langid"": ""other""}, {""word"": ""nggarai"", ""langid"": ""other""}, {""word"": ""mberot."", ""langid"": ""other""}]","Pak Lee mau minuman yang mana. Bantengan yaiku kesenian tradisional daerahku ing Jawa Timur sing nggabungake budaya, keberanian, lan petualangan liwat tarian lan atraksi banteng. Biasane diiringi sound system kenceng karo musik sing nggarai mberot.",,[],0.0,35,0,0.22580793358131565,0.22580793358131565,
processed_indonesia/first_full_run_data_mix_commonvoice/01_segments/commonvoice_code_switch_0954_cv_indonesian_common_voice_id_24931036_cv_javanese_spontaneous-speech-jv-91271_755ms.wav,"Di mana kamar kecilnya? Ya, aku seneng panganan pedhes, utamane sambal, plecing, lan soto pedhes. Nanging ora tahan sing nekat banget, cukup sing nambah napsu. Kowe piye, seneng pedhes ora?","[{""word"": ""Di"", ""langid"": ""other""}, {""word"": ""mana"", ""langid"": ""other""}, {""word"": ""kamar"", ""langid"": ""other""}, {""word"": ""kecilnya?"", ""langid"": ""other""}, {""word"": ""Ya,"", ""langid"": ""other""}, {""word"": ""aku"", ""langid"": ""other""}, {""word"": ""seneng"", ""langid"": ""other""}, {""word"": ""panganan"", ""langid"": ""other""}, {""word"": ""pedhes,"", ""langid"": ""other""}, {""word"": ""utamane"", ""langid"": ""other""}, {""word"": ""sambal,"", ""langid"": ""other""}, {""word"": ""plecing,"", ""langid"": ""other""}, {""word"": ""lan"", ""langid"": ""other""}, {""word"": ""soto"", ""langid"": ""other""}, {""word"": ""pedhes."", ""langid"": ""other""}, {""word"": ""Nanging"", ""langid"": ""other""}, {""word"": ""ora"", ""langid"": ""other""}, {""word"": ""tahan"", ""langid"": ""other""}, {""word"": ""sing"", ""langid"": ""other""}, {""word"": ""nekat"", ""langid"": ""other""}, {""word"": ""banget,"", ""langid"": ""other""}, {""word"": ""cukup"", ""langid"": ""other""}, {""word"": ""sing"", ""langid"": ""other""}, {""word"": ""nambah"", ""langid"": ""other""}, {""word"": ""napsu."", ""langid"": ""other""}, {""word"": ""Kowe"", ""langid"": ""other""}, {""word"": ""piye,"", ""langid"": ""other""}, {""word"": ""seneng"", ""langid"": ""other""}, {""word"": ""pedhes"", ""langid"": ""other""}, {""word"": ""ora?"", ""langid"": ""other""}]","Di mana kamar kecilnya? Ya, aku seneng panganan pedhes, utamane sambal, plecing, lan soto pedhes. Nanging ora tahan sing nekat banget, cukup sing nambah napsu. Kowe piye, seneng pedhes ora?",,[],0.0,30,0,0.22580793358131565,0.22580793358131565,
processed_indonesia/first_full_run_data_mix_commonvoice/01_segments/commonvoice_code_switch_1310_cv_indonesian_common_voice_id_20953879_cv_javanese_spontaneous-speech-jv-91219_768ms.wav,"Hal-hal ini tidak berjalan sesuai yang direncanakan. Penting, merga tangan kerep nyekel bakteri lan virus sing bisa nyebabake lara. Ngumbah tangan nganggo sabun watara 20 detik isa mbusak kuman lan nyegah nyebare penyakit marang sampeyan lan wong liya. Apamaneh sadurunge mangan, sawisé nganggo jamban, utawa saka papan umum. Gaweyan cilik nanging efektif.","[{""word"": ""Hal-hal"", ""langid"": ""other""}, {""word"": ""ini"", ""langid"": ""other""}, {""word"": ""tidak"", ""langid"": ""other""}, {""word"": ""berjalan"", ""langid"": ""other""}, {""word"": ""sesuai"", ""langid"": ""other""}, {""word"": ""yang"", ""langid"": ""other""}, {""word"": ""direncanakan."", ""langid"": ""other""}, {""word"": ""Penting,"", ""langid"": ""other""}, {""word"": ""merga"", ""langid"": ""other""}, {""word"": ""tangan"", ""langid"": ""other""}, {""word"": ""kerep"", ""langid"": ""other""}, {""word"": ""nyekel"", ""langid"": ""other""}, {""word"": ""bakteri"", ""langid"": ""other""}, {""word"": ""lan"", ""langid"": ""other""}, {""word"": ""virus"", ""langid"": ""other""}, {""word"": ""sing"", ""langid"": ""other""}, {""word"": ""bisa"", ""langid"": ""other""}, {""word"": ""nyebabake"", ""langid"": ""other""}, {""word"": ""lara."", ""langid"": ""other""}, {""word"": ""Ngumbah"", ""langid"": ""other""}, {""word"": ""tangan"", ""langid"": ""other""}, {""word"": ""nganggo"", ""langid"": ""other""}, {""word"": ""sabun"", ""langid"": ""other""}, {""word"": ""watara"", ""langid"": ""other""}, {""word"": ""20"", ""langid"": ""other""}, {""word"": ""detik"", ""langid"": ""other""}, {""word"": ""isa"", ""langid"": ""other""}, {""word"": ""mbusak"", ""langid"": ""other""}, {""word"": ""kuman"", ""langid"": ""other""}, {""word"": ""lan"", ""langid"": ""other""}, {""word"": ""nyegah"", ""langid"": ""other""}, {""word"": ""nyebare"", ""langid"": ""other""}, {""word"": ""penyakit"", ""langid"": ""other""}, {""word"": ""marang"", ""langid"": ""other""}, {""word"": ""sampeyan"", ""langid"": ""other""}, {""word"": ""lan"", ""langid"": ""other""}, {""word"": ""wong"", ""langid"": ""other""}, {""word"": ""liya."", ""langid"": ""other""}, {""word"": ""Apamaneh"", ""langid"": ""other""}, {""word"": ""sadurunge"", ""langid"": ""other""}, {""word"": ""mangan,"", ""langid"": ""other""}, {""word"": ""sawisé"", ""langid"": ""other""}, {""word"": ""nganggo"", ""langid"": ""other""}, {""word"": ""jamban,"", ""langid"": ""other""}, {""word"": ""utawa"", ""langid"": ""other""}, {""word"": ""saka"", ""langid"": ""other""}, {""word"": ""papan"", ""langid"": ""other""}, {""word"": ""umum."", ""langid"": ""other""}, {""word"": ""Gaweyan"", ""langid"": ""other""}, {""word"": ""cilik"", ""langid"": ""other""}, {""word"": ""nanging"", ""langid"": ""other""}, {""word"": ""efektif."", ""langid"": ""other""}]","Hal-hal ini tidak berjalan sesuai yang direncanakan. Penting, merga tangan kerep nyekel bakteri lan virus sing bisa nyebabake lara. Ngumbah tangan nganggo sabun watara 20 detik isa mbusak kuman lan nyegah nyebare penyakit marang sampeyan lan wong liya. Apamaneh sadurunge mangan, sawisé nganggo jamban, utawa saka papan umum. Gaweyan cilik nanging efektif.",,[],0.0,52,0,0.22580793358131565,0.22580793358131565,
processed_indonesia/first_full_run_data_mix_commonvoice/01_segments/commonvoice_code_switch_1633_cv_indonesian_common_voice_id_20954032_cv_javanese_spontaneous-speech-jv-90914_879ms.wav,"Jadi kamu dalang dibalik semua ini! Aku paling seneng mriksa rekaman basa Jawa, nèk iso sing nduwèni dialek Solo, Yogyakarta. Kenapa? Soale intonasi lan ungkapan tradhisionalé unik, gawe ngerti konteks budaya lan makna jero. Uga seneng rekaman basa manca Inggris, Spanyol sing audio resik, kanggo nglatih transkripsi lan terjemahan.","[{""word"": ""Jadi"", ""langid"": ""other""}, {""word"": ""kamu"", ""langid"": ""other""}, {""word"": ""dalang"", ""langid"": ""other""}, {""word"": ""dibalik"", ""langid"": ""other""}, {""word"": ""semua"", ""langid"": ""other""}, {""word"": ""ini!"", ""langid"": ""other""}, {""word"": ""Aku"", ""langid"": ""other""}, {""word"": ""paling"", ""langid"": ""other""}, {""word"": ""seneng"", ""langid"": ""other""}, {""word"": ""mriksa"", ""langid"": ""other""}, {""word"": ""rekaman"", ""langid"": ""other""}, {""word"": ""basa"", ""langid"": ""other""}, {""word"": ""Jawa,"", ""langid"": ""other""}, {""word"": ""nèk"", ""langid"": ""other""}, {""word"": ""iso"", ""langid"": ""other""}, {""word"": ""sing"", ""langid"": ""other""}, {""word"": ""nduwèni"", ""langid"": ""other""}, {""word"": ""dialek"", ""langid"": ""other""}, {""word"": ""Solo,"", ""langid"": ""other""}, {""word"": ""Yogyakarta."", ""langid"": ""other""}, {""word"": ""Kenapa?"", ""langid"": ""other""}, {""word"": ""Soale"", ""langid"": ""other""}, {""word"": ""intonasi"", ""langid"": ""other""}, {""word"": ""lan"", ""langid"": ""other""}, {""word"": ""ungkapan"", ""langid"": ""other""}, {""word"": ""tradhisionalé"", ""langid"": ""other""}, {""word"": ""unik,"", ""langid"": ""other""}, {""word"": ""gawe"", ""langid"": ""other""}, {""word"": ""ngerti"", ""langid"": ""other""}, {""word"": ""konteks"", ""langid"": ""other""}, {""word"": ""budaya"", ""langid"": ""other""}, {""word"": ""lan"", ""langid"": ""other""}, {""word"": ""makna"", ""langid"": ""other""}, {""word"": ""jero."", ""langid"": ""other""}, {""word"": ""Uga"", ""langid"": ""other""}, {""word"": ""seneng"", ""langid"": ""other""}, {""word"": ""rekaman"", ""langid"": ""other""}, {""word"": ""basa"", ""langid"": ""other""}, {""word"": ""manca"", ""langid"": ""other""}, {""word"": ""Inggris,"", ""langid"": ""other""}, {""word"": ""Spanyol"", ""langid"": ""other""}, {""word"": ""sing"", ""langid"": ""other""}, {""word"": ""audio"", ""langid"": ""other""}, {""word"": ""resik,"", ""langid"": ""other""}, {""word"": ""kanggo"", ""langid"": ""other""}, {""word"": ""nglatih"", ""langid"": ""other""}, {""word"": ""transkripsi"", ""langid"": ""other""}, {""word"": ""lan"", ""langid"": ""other""}, {""word"": ""terjemahan."", ""langid"": ""other""}]","Jadi kamu dalang dibalik semua ini! Aku paling seneng mriksa rekaman basa Jawa, nèk iso sing nduwèni dialek Solo, Yogyakarta. Kenapa? Soale intonasi lan ungkapan tradhisionalé unik, gawe ngerti konteks budaya lan makna jero. Uga seneng rekaman basa manca Inggris, Spanyol sing audio resik, kanggo nglatih transkripsi lan terjemahan.",,[],0.0,49,0,0.22580793358131565,0.22580793358131565,
processed_indonesia/first_full_run_data_mix_commonvoice/03_augmented_audio/commonvoice_code_switch_0196_cv_indonesian_common_voice_id_20953985_cv_javanese_spontaneous-speech-jv-91231_797ms__noise_01.wav,"Besok dia di rumah. Umumé ing komunitasku ya asu lan kucing sing paling akeh, terus pitik lan itik ing pekarangan. Ing desa akèh sapi lan kambing; ing omah-omah ana kolam iwak, burung kicau kaya kenari utawa pleci, lan kadhang kelinci. Sacedhake uga ana merpati lan kucing anggora sing dipelihara.","[{""word"": ""Besok"", ""langid"": ""other""}, {""word"": ""dia"", ""langid"": ""other""}, {""word"": ""di"", ""langid"": ""other""}, {""word"": ""rumah."", ""langid"": ""other""}, {""word"": ""Umumé"", ""langid"": ""other""}, {""word"": ""ing"", ""langid"": ""other""}, {""word"": ""komunitasku"", ""langid"": ""other""}, {""word"": ""ya"", ""langid"": ""other""}, {""word"": ""asu"", ""langid"": ""other""}, {""word"": ""lan"", ""langid"": ""other""}, {""word"": ""kucing"", ""langid"": ""other""}, {""word"": ""sing"", ""langid"": ""other""}, {""word"": ""paling"", ""langid"": ""other""}, {""word"": ""akeh,"", ""langid"": ""other""}, {""word"": ""terus"", ""langid"": ""other""}, {""word"": ""pitik"", ""langid"": ""other""}, {""word"": ""lan"", ""langid"": ""other""}, {""word"": ""itik"", ""langid"": ""other""}, {""word"": ""ing"", ""langid"": ""other""}, {""word"": ""pekarangan."", ""langid"": ""other""}, {""word"": ""Ing"", ""langid"": ""other""}, {""word"": ""desa"", ""langid"": ""other""}, {""word"": ""akèh"", ""langid"": ""other""}, {""word"": ""sapi"", ""langid"": ""other""}, {""word"": ""lan"", ""langid"": ""other""}, {""word"": ""kambing;"", ""langid"": ""other""}, {""word"": ""ing"", ""langid"": ""other""}, {""word"": ""omah-omah"", ""langid"": ""other""}, {""word"": ""ana"", ""langid"": ""other""}, {""word"": ""kolam"", ""langid"": ""other""}, {""word"": ""iwak,"", ""langid"": ""other""}, {""word"": ""burung"", ""langid"": ""other""}, {""word"": ""kicau"", ""langid"": ""other""}, {""word"": ""kaya"", ""langid"": ""other""}, {""word"": ""kenari"", ""langid"": ""other""}, {""word"": ""utawa"", ""langid"": ""other""}, {""word"": ""pleci,"", ""langid"": ""other""}, {""word"": ""lan"", ""langid"": ""other""}, {""word"": ""kadhang"", ""langid"": ""other""}, {""word"": ""kelinci."", ""langid"": ""other""}, {""word"": ""Sacedhake"", ""langid"": ""other""}, {""word"": ""uga"", ""langid"": ""other""}, {""word"": ""ana"", ""langid"": ""other""}, {""word"": ""merpati"", ""langid"": ""other""}, {""word"": ""lan"", ""langid"": ""other""}, {""word"": ""kucing"", ""langid"": ""other""}, {""word"": ""anggora"", ""langid"": ""other""}, {""word"": ""sing"", ""langid"": ""other""}, {""word"": ""dipelihara."", ""langid"": ""other""}]","Besok dia di rumah. Umumé ing komunitasku ya asu lan kucing sing paling akeh, terus pitik lan itik ing pekarangan. Ing desa akèh sapi lan kambing ing omah-omah ana kolam iwak, burung kicau kaya kenari utawa pleci, lan kadhang kelinci. Sacedhake uga ana merpati lan kucing anggora sing dipelihara.",,[],0.0,49,0,0.22580793358131565,0.22580793358131565,
processed_indonesia/first_full_run_data_mix_commonvoice/01_segments/cv_javanese_spontaneous-speech-jv-90896.wav,"Aku paling seneng sneakers sing empuk lan entheng, cocog kanggo mlaku-mlaku saben dina. Gampang dipadu padan lan awet. Kadhang-kadhang uga seneng nganggo sandal selop kanggo santai, lan yen ana acara resmi tak pilih sepatu kulit sing rapi.","[{""word"": ""Aku"", ""langid"": ""other""}, {""word"": ""paling"", ""langid"": ""other""}, {""word"": ""seneng"", ""langid"": ""other""}, {""word"": ""sneakers"", ""langid"": ""other""}, {""word"": ""sing"", ""langid"": ""other""}, {""word"": ""empuk"", ""langid"": ""other""}, {""word"": ""lan"", ""langid"": ""other""}, {""word"": ""entheng,"", ""langid"": ""other""}, {""word"": ""cocog"", ""langid"": ""other""}, {""word"": ""kanggo"", ""langid"": ""other""}, {""word"": ""mlaku-mlaku"", ""langid"": ""other""}, {""word"": ""saben"", ""langid"": ""other""}, {""word"": ""dina."", ""langid"": ""other""}, {""word"": ""Gampang"", ""langid"": ""other""}, {""word"": ""dipadu"", ""langid"": ""other""}, {""word"": ""padan"", ""langid"": ""other""}, {""word"": ""lan"", ""langid"": ""other""}, {""word"": ""awet."", ""langid"": ""other""}, {""word"": ""Kadhang-kadhang"", ""langid"": ""other""}, {""word"": ""uga"", ""langid"": ""other""}, {""word"": ""seneng"", ""langid"": ""other""}, {""word"": ""nganggo"", ""langid"": ""other""}, {""word"": ""sandal"", ""langid"": ""other""}, {""word"": ""selop"", ""langid"": ""other""}, {""word"": ""kanggo"", ""langid"": ""other""}, {""word"": ""santai,"", ""langid"": ""other""}, {""word"": ""lan"", ""langid"": ""other""}, {""word"": ""yen"", ""langid"": ""other""}, {""word"": ""ana"", ""langid"": ""other""}, {""word"": ""acara"", ""langid"": ""other""}, {""word"": ""resmi"", ""langid"": ""other""}, {""word"": ""tak"", ""langid"": ""other""}, {""word"": ""pilih"", ""langid"": ""other""}, {""word"": ""sepatu"", ""langid"": ""other""}, {""word"": ""kulit"", ""langid"": ""other""}, {""word"": ""sing"", ""langid"": ""other""}, {""word"": ""rapi."", ""langid"": ""other""}]","Aku paling seneng sneakers sing empuk lan entheng, cocog kanggo mlaku-mlaku saben dina. Gampang dipadu padan lan awet. Kadhang-kadhang uga seneng nganggo sandal selop kanggo santai, lan yen ana acara resmi tak pilih sepatu kulit sing rapi.",,[],0.0,37,0,0.22580793358131565,0.22580793358131565,
processed_indonesia/first_full_run_data_mix_commonvoice/03_augmented_audio/commonvoice_code_switch_0286_cv_indonesian_common_voice_id_24931184_cv_javanese_spontaneous-speech-jv-91227_507ms__noise_01.wav,"Tom memarahi anak laki-lakinya karena telah terlambat. Werna kasenenganku ijo. Aku seneng merga ngelingake alas lan tanduran, rasaé adem lan tentrem. Ijo nglairaké swasana seger lan semangat, gampang dipadu karo werna liya. Sampeyan piyé?","[{""word"": ""Tom"", ""langid"": ""other""}, {""word"": ""memarahi"", ""langid"": ""other""}, {""word"": ""anak"", ""langid"": ""other""}, {""word"": ""laki-lakinya"", ""langid"": ""other""}, {""word"": ""karena"", ""langid"": ""other""}, {""word"": ""telah"", ""langid"": ""other""}, {""word"": ""terlambat."", ""langid"": ""other""}, {""word"": ""Werna"", ""langid"": ""other""}, {""word"": ""kasenenganku"", ""langid"": ""other""}, {""word"": ""ijo."", ""langid"": ""other""}, {""word"": ""Aku"", ""langid"": ""other""}, {""word"": ""seneng"", ""langid"": ""other""}, {""word"": ""merga"", ""langid"": ""other""}, {""word"": ""ngelingake"", ""langid"": ""other""}, {""word"": ""alas"", ""langid"": ""other""}, {""word"": ""lan"", ""langid"": ""other""}, {""word"": ""tanduran,"", ""langid"": ""other""}, {""word"": ""rasaé"", ""langid"": ""other""}, {""word"": ""adem"", ""langid"": ""other""}, {""word"": ""lan"", ""langid"": ""other""}, {""word"": ""tentrem."", ""langid"": ""other""}, {""word"": ""Ijo"", ""langid"": ""other""}, {""word"": ""nglairaké"", ""langid"": ""other""}, {""word"": ""swasana"", ""langid"": ""other""}, {""word"": ""seger"", ""langid"": ""other""}, {""word"": ""lan"", ""langid"": ""other""}, {""word"": ""semangat,"", ""langid"": ""other""}, {""word"": ""gampang"", ""langid"": ""other""}, {""word"": ""dipadu"", ""langid"": ""other""}, {""word"": ""karo"", ""langid"": ""other""}, {""word"": ""werna"", ""langid"": ""other""}, {""word"": ""liya."", ""langid"": ""other""}, {""word"": ""Sampeyan"", ""langid"": ""other""}, {""word"": ""piyé?"", ""langid"": ""other""}]","Tom memarahi anak laki-lakinya karena telah terlambat. Werna kasenenganku ijo. Aku seneng merga ngelingake alas lan tanduran, rasaé adem lan tentrem. Ijo nglairaké swasana seger lan semangat, gampang dipadu karo werna liya. Sampeyan piyé?",,[],0.0,34,0,0.22580793358131565,0.22580793358131565,
processed_indonesia/first_full_run_data_mix_commonvoice/01_segments/commonvoice_code_switch_1440_cv_indonesian_common_voice_id_20953641_cv_javanese_spontaneous-speech-jv-90950_534ms.wav,"Di sana terdapat kalender menggantung di dinding. Aku ya cukup kerep, kira-kira 3–4 kaping saben minggu. Biasane mlayu lan badminton. Yen sibuk mung mlaku-mlaku bae.","[{""word"": ""Di"", ""langid"": ""other""}, {""word"": ""sana"", ""langid"": ""other""}, {""word"": ""terdapat"", ""langid"": ""other""}, {""word"": ""kalender"", ""langid"": ""other""}, {""word"": ""menggantung"", ""langid"": ""other""}, {""word"": ""di"", ""langid"": ""other""}, {""word"": ""dinding."", ""langid"": ""other""}, {""word"": ""Aku"", ""langid"": ""other""}, {""word"": ""ya"", ""langid"": ""other""}, {""word"": ""cukup"", ""langid"": ""other""}, {""word"": ""kerep,"", ""langid"": ""other""}, {""word"": ""kira-kira"", ""langid"": ""other""}, {""word"": ""3–4"", ""langid"": ""other""}, {""word"": ""kaping"", ""langid"": ""other""}, {""word"": ""saben"", ""langid"": ""other""}, {""word"": ""minggu."", ""langid"": ""other""}, {""word"": ""Biasane"", ""langid"": ""other""}, {""word"": ""mlayu"", ""langid"": ""other""}, {""word"": ""lan"", ""langid"": ""other""}, {""word"": ""badminton."", ""langid"": ""other""}, {""word"": ""Yen"", ""langid"": ""other""}, {""word"": ""sibuk"", ""langid"": ""other""}, {""word"": ""mung"", ""langid"": ""other""}, {""word"": ""mlaku-mlaku"", ""langid"": ""other""}, {""word"": ""bae."", ""langid"": ""other""}]","Di sana terdapat kalender menggantung di ding-ding. Aku ya cukup kerep, kira-kira 3–4 kaping saben minggu. Biasane mlayu lan badminton. Yen sibuk mung mlaku-mlaku bae.",,[],0.04,25,1,0.22580793358131565,0.22580793358131565,
processed_indonesia/first_full_run_data_mix_commonvoice/01_segments/commonvoice_code_switch_1307_cv_indonesian_common_voice_id_20362655_cv_javanese_spontaneous-speech-jv-91196_816ms.wav,"Coba lebih baik lagi lain kali. Aku biasane ngisi pulsa liwat aplikasi bank mobile banking utawa e-wallet kaya OVO lan GoPay, utawa tuku voucher ing warung utawa minimarket. Kadhang nganggo kode USSD operator, utawa tuku paket liwat marketplace. Yen kepengin gampang, tak set auto-reload supaya ora kliwat pulsa.","[{""word"": ""Coba"", ""langid"": ""other""}, {""word"": ""lebih"", ""langid"": ""other""}, {""word"": ""baik"", ""langid"": ""other""}, {""word"": ""lagi"", ""langid"": ""other""}, {""word"": ""lain"", ""langid"": ""other""}, {""word"": ""kali."", ""langid"": ""other""}, {""word"": ""Aku"", ""langid"": ""other""}, {""word"": ""biasane"", ""langid"": ""other""}, {""word"": ""ngisi"", ""langid"": ""other""}, {""word"": ""pulsa"", ""langid"": ""other""}, {""word"": ""liwat"", ""langid"": ""other""}, {""word"": ""aplikasi"", ""langid"": ""other""}, {""word"": ""bank"", ""langid"": ""other""}, {""word"": ""mobile"", ""langid"": ""other""}, {""word"": ""banking"", ""langid"": ""other""}, {""word"": ""utawa"", ""langid"": ""other""}, {""word"": ""e-wallet"", ""langid"": ""other""}, {""word"": ""kaya"", ""langid"": ""other""}, {""word"": ""OVO"", ""langid"": ""other""}, {""word"": ""lan"", ""langid"": ""other""}, {""word"": ""GoPay,"", ""langid"": ""other""}, {""word"": ""utawa"", ""langid"": ""other""}, {""word"": ""tuku"", ""langid"": ""other""}, {""word"": ""voucher"", ""langid"": ""other""}, {""word"": ""ing"", ""langid"": ""other""}, {""word"": ""warung"", ""langid"": ""other""}, {""word"": ""utawa"", ""langid"": ""other""}, {""word"": ""minimarket."", ""langid"": ""other""}, {""word"": ""Kadhang"", ""langid"": ""other""}, {""word"": ""nganggo"", ""langid"": ""other""}, {""word"": ""kode"", ""langid"": ""other""}, {""word"": ""USSD"", ""langid"": ""other""}, {""word"": ""operator,"", ""langid"": ""other""}, {""word"": ""utawa"", ""langid"": ""other""}, {""word"": ""tuku"", ""langid"": ""other""}, {""word"": ""paket"", ""langid"": ""other""}, {""word"": ""liwat"", ""langid"": ""other""}, {""word"": ""marketplace."", ""langid"": ""other""}, {""word"": ""Yen"", ""langid"": ""other""}, {""word"": ""kepengin"", ""langid"": ""other""}, {""word"": ""gampang,"", ""langid"": ""other""}, {""word"": ""tak"", ""langid"": ""other""}, {""word"": ""set"", ""langid"": ""other""}, {""word"": ""auto-reload"", ""langid"": ""other""}, {""word"": ""supaya"", ""langid"": ""other""}, {""word"": ""ora"", ""langid"": ""other""}, {""word"": ""kliwat"", ""langid"": ""other""}, {""word"": ""pulsa."", ""langid"": ""other""}]","Coba lebih baik lagi lain kali. Aku biasane ngisi pulsa liwat aplikasi bank mobile banking utawa e-wallet kaya OVO lan GoPay, utawa tuku voucher ing warung utawa minimarket. Kadhang nganggo kode USSD operator, utawa tuku paket liwat marketplace. Yen kepengin gampang, tak set auto-reload supaya ora kliwat pulsa.",,[],0.0,48,0,0.22580793358131565,0.22580793358131565,
processed_indonesia/first_full_run_data_mix_commonvoice/01_segments/cv_javanese_spontaneous-speech-jv-91339.wav,"Ana akèh: petak umpet, engklek, congklak, gundu, egrang, balap karung, bentengan, lan mabur layangan. Biasane bocah-bocah main neng alun-alun utawa gang kampung, rame lan guyub bareng.","[{""word"": ""Ana"", ""langid"": ""other""}, {""word"": ""akèh:"", ""langid"": ""other""}, {""word"": ""petak"", ""langid"": ""other""}, {""word"": ""umpet,"", ""langid"": ""other""}, {""word"": ""engklek,"", ""langid"": ""other""}, {""word"": ""congklak,"", ""langid"": ""other""}, {""word"": ""gundu,"", ""langid"": ""other""}, {""word"": ""egrang,"", ""langid"": ""other""}, {""word"": ""balap"", ""langid"": ""other""}, {""word"": ""karung,"", ""langid"": ""other""}, {""word"": ""bentengan,"", ""langid"": ""other""}, {""word"": ""lan"", ""langid"": ""other""}, {""word"": ""mabur"", ""langid"": ""other""}, {""word"": ""layangan."", ""langid"": ""other""}, {""word"": ""Biasane"", ""langid"": ""other""}, {""word"": ""bocah-bocah"", ""langid"": ""other""}, {""word"": ""main"", ""langid"": ""other""}, {""word"": ""neng"", ""langid"": ""other""}, {""word"": ""alun-alun"", ""langid"": ""other""}, {""word"": ""utawa"", ""langid"": ""other""}, {""word"": ""gang"", ""langid"": ""other""}, {""word"": ""kampung,"", ""langid"": ""other""}, {""word"": ""rame"", ""langid"": ""other""}, {""word"": ""lan"", ""langid"": ""other""}, {""word"": ""guyub"", ""langid"": ""other""}, {""word"": ""bareng."", ""langid"": ""other""}]","Ana akèh: petak umpet, engklek, congklak, gundu, egrang, balap karung, bentengan, lan mabur layangan. Biasane bocah-bocah main neng alun-alun utawa gang kampung, rame lan guyub bareng.",,[],0.0,26,0,0.22580793358131565,0.22580793358131565,
processed_indonesia/first_full_run_data_mix_commonvoice/01_segments/cv_indonesian_common_voice_id_20954809.wav,Percobaannya berhasil.,"[{""word"": ""Percobaannya"", ""langid"": ""other""}, {""word"": ""berhasil."", ""langid"": ""other""}]",Percobaannya berhasil.,Indonesian,[],0.0,2,0,0.22580793358131565,0.22580793358131565,
processed_indonesia/first_full_run_data_mix_commonvoice/01_segments/commonvoice_code_switch_1189_cv_indonesian_common_voice_id_24931048_cv_javanese_spontaneous-speech-jv-91095_955ms.wav,"Terus kenapa? Aku melu nyumbang amarga pengin nulungi nglestarekake basa Jawa lan nggawe teknologi luwih paham logat kita. Supaya swara Jawa iso dienggo ing piranti, ora mung basa gedhe waé. Uga arep mbantu komunitas nduwé dataset gratis supaya AI luwih adil. Mugi manfaat kanggo kabeh.","[{""word"": ""Terus"", ""langid"": ""other""}, {""word"": ""kenapa?"", ""langid"": ""other""}, {""word"": ""Aku"", ""langid"": ""other""}, {""word"": ""melu"", ""langid"": ""other""}, {""word"": ""nyumbang"", ""langid"": ""other""}, {""word"": ""amarga"", ""langid"": ""other""}, {""word"": ""pengin"", ""langid"": ""other""}, {""word"": ""nulungi"", ""langid"": ""other""}, {""word"": ""nglestarekake"", ""langid"": ""other""}, {""word"": ""basa"", ""langid"": ""other""}, {""word"": ""Jawa"", ""langid"": ""other""}, {""word"": ""lan"", ""langid"": ""other""}, {""word"": ""nggawe"", ""langid"": ""other""}, {""word"": ""teknologi"", ""langid"": ""other""}, {""word"": ""luwih"", ""langid"": ""other""}, {""word"": ""paham"", ""langid"": ""other""}, {""word"": ""logat"", ""langid"": ""other""}, {""word"": ""kita."", ""langid"": ""other""}, {""word"": ""Supaya"", ""langid"": ""other""}, {""word"": ""swara"", ""langid"": ""other""}, {""word"": ""Jawa"", ""langid"": ""other""}, {""word"": ""iso"", ""langid"": ""other""}, {""word"": ""dienggo"", ""langid"": ""other""}, {""word"": ""ing"", ""langid"": ""other""}, {""word"": ""piranti,"", ""langid"": ""other""}, {""word"": ""ora"", ""langid"": ""other""}, {""word"": ""mung"", ""langid"": ""other""}, {""word"": ""basa"", ""langid"": ""other""}, {""word"": ""gedhe"", ""langid"": ""other""}, {""word"": ""waé."", ""langid"": ""other""}, {""word"": ""Uga"", ""langid"": ""other""}, {""word"": ""arep"", ""langid"": ""other""}, {""word"": ""mbantu"", ""langid"": ""other""}, {""word"": ""komunitas"", ""langid"": ""other""}, {""word"": ""nduwé"", ""langid"": ""other""}, {""word"": ""dataset"", ""langid"": ""other""}, {""word"": ""gratis"", ""langid"": ""other""}, {""word"": ""supaya"", ""langid"": ""other""}, {""word"": ""AI"", ""langid"": ""other""}, {""word"": ""luwih"", ""langid"": ""other""}, {""word"": ""adil."", ""langid"": ""other""}, {""word"": ""Mugi"", ""langid"": ""other""}, {""word"": ""manfaat"", ""langid"": ""other""}, {""word"": ""kanggo"", ""langid"": ""other""}, {""word"": ""kabeh."", ""langid"": ""other""}]","Terus kenapa? Aku melu nyumbang amarga pengin nulungi nglestarekake basa Jawa lan nggawe teknologi luwih paham logat kita. Supaya swara Jawa iso dienggo ing piranti, ora mung basa gedhe waé. Uga arep mbantu komunitas nduwé dataset gratis supaya AI luwih adil. Mugi manfaat kanggo kabeh.",,[],0.0,45,0,0.22580793358131565,0.22580793358131565,
processed_indonesia/first_full_run_data_mix_commonvoice/01_segments/commonvoice_code_switch_1845_cv_indonesian_common_voice_id_20362234_cv_javanese_spontaneous-speech-jv-91336_647ms.wav,"Besok, saya akan bisa istirahat. Ana akèh crita anak lokal sing misuwur: Timun Mas, Si Kancil, Keong Emas, Bawang Merah Bawang Putih, lan legenda Roro Jonggrang. Biasane dadi crita rakyat sing digawa menyang buku gambar utawa dolanan. Kowe wis tau maca utawa krungu salah sijine?","[{""word"": ""Besok,"", ""langid"": ""other""}, {""word"": ""saya"", ""langid"": ""other""}, {""word"": ""akan"", ""langid"": ""other""}, {""word"": ""bisa"", ""langid"": ""other""}, {""word"": ""istirahat."", ""langid"": ""other""}, {""word"": ""Ana"", ""langid"": ""other""}, {""word"": ""akèh"", ""langid"": ""other""}, {""word"": ""crita"", ""langid"": ""other""}, {""word"": ""anak"", ""langid"": ""other""}, {""word"": ""lokal"", ""langid"": ""other""}, {""word"": ""sing"", ""langid"": ""other""}, {""word"": ""misuwur:"", ""langid"": ""other""}, {""word"": ""Timun"", ""langid"": ""other""}, {""word"": ""Mas,"", ""langid"": ""other""}, {""word"": ""Si"", ""langid"": ""other""}, {""word"": ""Kancil,"", ""langid"": ""other""}, {""word"": ""Keong"", ""langid"": ""other""}, {""word"": ""Emas,"", ""langid"": ""other""}, {""word"": ""Bawang"", ""langid"": ""other""}, {""word"": ""Merah"", ""langid"": ""other""}, {""word"": ""Bawang"", ""langid"": ""other""}, {""word"": ""Putih,"", ""langid"": ""other""}, {""word"": ""lan"", ""langid"": ""other""}, {""word"": ""legenda"", ""langid"": ""other""}, {""word"": ""Roro"", ""langid"": ""other""}, {""word"": ""Jonggrang."", ""langid"": ""other""}, {""word"": ""Biasane"", ""langid"": ""other""}, {""word"": ""dadi"", ""langid"": ""other""}, {""word"": ""crita"", ""langid"": ""other""}, {""word"": ""rakyat"", ""langid"": ""other""}, {""word"": ""sing"", ""langid"": ""other""}, {""word"": ""digawa"", ""langid"": ""other""}, {""word"": ""menyang"", ""langid"": ""other""}, {""word"": ""buku"", ""langid"": ""other""}, {""word"": ""gambar"", ""langid"": ""other""}, {""word"": ""utawa"", ""langid"": ""other""}, {""word"": ""dolanan."", ""langid"": ""other""}, {""word"": ""Kowe"", ""langid"": ""other""}, {""word"": ""wis"", ""langid"": ""other""}, {""word"": ""tau"", ""langid"": ""other""}, {""word"": ""maca"", ""langid"": ""other""}, {""word"": ""utawa"", ""langid"": ""other""}, {""word"": ""krungu"", ""langid"": ""other""}, {""word"": ""salah"", ""langid"": ""other""}, {""word"": ""sijine?"", ""langid"": ""other""}]","Besok, saya akan bisa istirahat. Ana akèh crita anak lokal sing misuwur: Timun Mas, Si Kancil, Keong Emas, Bawang Merah Bawang Putih, lan legenda Roro Jonggrang. Biasane dadi crita rakyat sing digawa menyang buku gambar utawa dolanan. Kowe wis tau maca utawa krungu salah sijine?",,[],0.0,45,0,0.22580793358131565,0.22580793358131565,
processed_indonesia/first_full_run_data_mix_commonvoice/01_segments/commonvoice_code_switch_0231_cv_indonesian_common_voice_id_20954768_cv_javanese_spontaneous-speech-jv-90919_747ms.wav,"Setelah selesai dipakai, Komputer harap dimatikan. Inggih, aku asring nggunakaké gitar lan suling cilik. Gitar kanggo nyanyi-nyanyi, suling kanggo nambah swasana rilaks. Durung jago banget, nanging seneng latihan pas wektu luang bareng kanca. Kowe piyé, isa main alat musik?","[{""word"": ""Setelah"", ""langid"": ""other""}, {""word"": ""selesai"", ""langid"": ""other""}, {""word"": ""dipakai,"", ""langid"": ""other""}, {""word"": ""Komputer"", ""langid"": ""other""}, {""word"": ""harap"", ""langid"": ""other""}, {""word"": ""dimatikan."", ""langid"": ""other""}, {""word"": ""Inggih,"", ""langid"": ""other""}, {""word"": ""aku"", ""langid"": ""other""}, {""word"": ""asring"", ""langid"": ""other""}, {""word"": ""nggunakaké"", ""langid"": ""other""}, {""word"": ""gitar"", ""langid"": ""other""}, {""word"": ""lan"", ""langid"": ""other""}, {""word"": ""suling"", ""langid"": ""other""}, {""word"": ""cilik."", ""langid"": ""other""}, {""word"": ""Gitar"", ""langid"": ""other""}, {""word"": ""kanggo"", ""langid"": ""other""}, {""word"": ""nyanyi-nyanyi,"", ""langid"": ""other""}, {""word"": ""suling"", ""langid"": ""other""}, {""word"": ""kanggo"", ""langid"": ""other""}, {""word"": ""nambah"", ""langid"": ""other""}, {""word"": ""swasana"", ""langid"": ""other""}, {""word"": ""rilaks."", ""langid"": ""other""}, {""word"": ""Durung"", ""langid"": ""other""}, {""word"": ""jago"", ""langid"": ""other""}, {""word"": ""banget,"", ""langid"": ""other""}, {""word"": ""nanging"", ""langid"": ""other""}, {""word"": ""seneng"", ""langid"": ""other""}, {""word"": ""latihan"", ""langid"": ""other""}, {""word"": ""pas"", ""langid"": ""other""}, {""word"": ""wektu"", ""langid"": ""other""}, {""word"": ""luang"", ""langid"": ""other""}, {""word"": ""bareng"", ""langid"": ""other""}, {""word"": ""kanca."", ""langid"": ""other""}, {""word"": ""Kowe"", ""langid"": ""other""}, {""word"": ""piyé,"", ""langid"": ""other""}, {""word"": ""isa"", ""langid"": ""other""}, {""word"": ""main"", ""langid"": ""other""}, {""word"": ""alat"", ""langid"": ""other""}, {""word"": ""musik?"", ""langid"": ""other""}]","Setelah selesai dipakai, Komputer harap dimatikan. Inggih, aku asring nggunakaké gitar lan suling cilik. Gitar kanggo nyanyi-nyanyi, suling kanggo nambah swasana rilaks. Durung jago banget, nanging seneng latihan pas wektu luang bareng kanca. Kowe piyé, isa main alat musik?",,[],0.0,39,0,0.22580793358131565,0.22580793358131565,
processed_indonesia/first_full_run_data_mix_commonvoice/01_segments/cv_indonesian_common_voice_id_20954194.wav,Jagalah kebersihan kelasmu.,"[{""word"": ""Jagalah"", ""langid"": ""other""}, {""word"": ""kebersihan"", ""langid"": ""other""}, {""word"": ""kelasmu."", ""langid"": ""other""}]",Jagalah kebersihan kelasmu.,Indonesian,[],0.0,3,0,0.22580793358131565,0.22580793358131565,
processed_indonesia/first_full_run_data_mix_commonvoice/03_augmented_audio/commonvoice_code_switch_1111_cv_indonesian_common_voice_id_20362307_cv_javanese_spontaneous-speech-jv-91013_877ms__noise_01.wav,"Dia bereputasi sebagai pengacara terbaik di kota ini. Aku pengin luwih kerep olahraga esuk, umpama mlaku utawa joging telung puluh menit saben dina. Ora perlu abot, mung supaya badan seger, napas lancar, lan pikiran luwih cetha.","[{""word"": ""Dia"", ""langid"": ""other""}, {""word"": ""bereputasi"", ""langid"": ""other""}, {""word"": ""sebagai"", ""langid"": ""other""}, {""word"": ""pengacara"", ""langid"": ""other""}, {""word"": ""terbaik"", ""langid"": ""other""}, {""word"": ""di"", ""langid"": ""other""}, {""word"": ""kota"", ""langid"": ""other""}, {""word"": ""ini."", ""langid"": ""other""}, {""word"": ""Aku"", ""langid"": ""other""}, {""word"": ""pengin"", ""langid"": ""other""}, {""word"": ""luwih"", ""langid"": ""other""}, {""word"": ""kerep"", ""langid"": ""other""}, {""word"": ""olahraga"", ""langid"": ""other""}, {""word"": ""esuk,"", ""langid"": ""other""}, {""word"": ""umpama"", ""langid"": ""other""}, {""word"": ""mlaku"", ""langid"": ""other""}, {""word"": ""utawa"", ""langid"": ""other""}, {""word"": ""joging"", ""langid"": ""other""}, {""word"": ""telung"", ""langid"": ""other""}, {""word"": ""puluh"", ""langid"": ""other""}, {""word"": ""menit"", ""langid"": ""other""}, {""word"": ""saben"", ""langid"": ""other""}, {""word"": ""dina."", ""langid"": ""other""}, {""word"": ""Ora"", ""langid"": ""other""}, {""word"": ""perlu"", ""langid"": ""other""}, {""word"": ""abot,"", ""langid"": ""other""}, {""word"": ""mung"", ""langid"": ""other""}, {""word"": ""supaya"", ""langid"": ""other""}, {""word"": ""badan"", ""langid"": ""other""}, {""word"": ""seger,"", ""langid"": ""other""}, {""word"": ""napas"", ""langid"": ""other""}, {""word"": ""lancar,"", ""langid"": ""other""}, {""word"": ""lan"", ""langid"": ""other""}, {""word"": ""pikiran"", ""langid"": ""other""}, {""word"": ""luwih"", ""langid"": ""other""}, {""word"": ""cetha."", ""langid"": ""other""}]","Dia bereputasi sebagai pengacara terbaik di kota ini. Aku pengin luwih kerep olahraga esuk, umpama mlaku utawa joging telung puluh menit saben dina. Ora perlu abot, mung supaya badan seger, napas lancar, lan pikiran luwih cetha.",,[],0.0,36,0,0.22580793358131565,0.22580793358131565,
processed_indonesia/first_full_run_data_mix_commonvoice/01_segments/cv_indonesian_common_voice_id_20954887.wav,Masalahnya adalah kita tidak punya cukup uang.,"[{""word"": ""Masalahnya"", ""langid"": ""other""}, {""word"": ""adalah"", ""langid"": ""other""}, {""word"": ""kita"", ""langid"": ""other""}, {""word"": ""tidak"", ""langid"": ""other""}, {""word"": ""punya"", ""langid"": ""other""}, {""word"": ""cukup"", ""langid"": ""other""}, {""word"": ""uang."", ""langid"": ""other""}]",Masalahnya adalah kita tidak punya cukup uang.,Indonesian,[],0.0,7,0,0.22580793358131565,0.22580793358131565,
processed_indonesia/first_full_run_data_mix_commonvoice/01_segments/commonvoice_code_switch_1727_cv_indonesian_common_voice_id_20362357_cv_javanese_spontaneous-speech-jv-90910_597ms.wav,"Pilot akan menjalani tes narkoba Aku paling seneng nggawe sandhangan tradhisional kaya kebaya lan batik, merga seneng nggarap motif lan sulaman tangan. Nanging aku uga doyan nggawe sandhangan casual—jaket, kaos, lan rok sing nyaman. Kerep nyoba nggabungke unsur modern lan etnik supaya unik. Mugi sandhanganku saged maringi kesenengan lan nyaman kanggo sing nganggo.","[{""word"": ""Pilot"", ""langid"": ""other""}, {""word"": ""akan"", ""langid"": ""other""}, {""word"": ""menjalani"", ""langid"": ""other""}, {""word"": ""tes"", ""langid"": ""other""}, {""word"": ""narkoba"", ""langid"": ""other""}, {""word"": ""Aku"", ""langid"": ""other""}, {""word"": ""paling"", ""langid"": ""other""}, {""word"": ""seneng"", ""langid"": ""other""}, {""word"": ""nggawe"", ""langid"": ""other""}, {""word"": ""sandhangan"", ""langid"": ""other""}, {""word"": ""tradhisional"", ""langid"": ""other""}, {""word"": ""kaya"", ""langid"": ""other""}, {""word"": ""kebaya"", ""langid"": ""other""}, {""word"": ""lan"", ""langid"": ""other""}, {""word"": ""batik,"", ""langid"": ""other""}, {""word"": ""merga"", ""langid"": ""other""}, {""word"": ""seneng"", ""langid"": ""other""}, {""word"": ""nggarap"", ""langid"": ""other""}, {""word"": ""motif"", ""langid"": ""other""}, {""word"": ""lan"", ""langid"": ""other""}, {""word"": ""sulaman"", ""langid"": ""other""}, {""word"": ""tangan."", ""langid"": ""other""}, {""word"": ""Nanging"", ""langid"": ""other""}, {""word"": ""aku"", ""langid"": ""other""}, {""word"": ""uga"", ""langid"": ""other""}, {""word"": ""doyan"", ""langid"": ""other""}, {""word"": ""nggawe"", ""langid"": ""other""}, {""word"": ""sandhangan"", ""langid"": ""other""}, {""word"": ""casual—jaket,"", ""langid"": ""other""}, {""word"": ""kaos,"", ""langid"": ""other""}, {""word"": ""lan"", ""langid"": ""other""}, {""word"": ""rok"", ""langid"": ""other""}, {""word"": ""sing"", ""langid"": ""other""}, {""word"": ""nyaman."", ""langid"": ""other""}, {""word"": ""Kerep"", ""langid"": ""other""}, {""word"": ""nyoba"", ""langid"": ""other""}, {""word"": ""nggabungke"", ""langid"": ""other""}, {""word"": ""unsur"", ""langid"": ""other""}, {""word"": ""modern"", ""langid"": ""other""}, {""word"": ""lan"", ""langid"": ""other""}, {""word"": ""etnik"", ""langid"": ""other""}, {""word"": ""supaya"", ""langid"": ""other""}, {""word"": ""unik."", ""langid"": ""other""}, {""word"": ""Mugi"", ""langid"": ""other""}, {""word"": ""sandhanganku"", ""langid"": ""other""}, {""word"": ""saged"", ""langid"": ""other""}, {""word"": ""maringi"", ""langid"": ""other""}, {""word"": ""kesenengan"", ""langid"": ""other""}, {""word"": ""lan"", ""langid"": ""other""}, {""word"": ""nyaman"", ""langid"": ""other""}, {""word"": ""kanggo"", ""langid"": ""other""}, {""word"": ""sing"", ""langid"": ""other""}, {""word"": ""nganggo."", ""langid"": ""other""}]","Pilot akan menjalani tes narkoba. Aku paling seneng nggawe sandhangan tradhisional kaya kebaya lan batik, merga seneng nggarap motif lan sulaman tangan. Nanging aku uga doyan nggawe sandhangan casual—jaket, kaos, lan rok sing nyaman. Kerep nyoba nggabungke unsur modern lan etik supaya unik. Mugi sandhanganku saged maringi kesenengan lan nyaman kanggo sing nganggo.",,[],0.018867924528301886,53,1,0.22580793358131565,0.22580793358131565,
processed_indonesia/first_full_run_data_mix_commonvoice/01_segments/cv_indonesian_common_voice_id_20954044.wav,Dia bilang begitu?,"[{""word"": ""Dia"", ""langid"": ""other""}, {""word"": ""bilang"", ""langid"": ""other""}, {""word"": ""begitu?"", ""langid"": ""other""}]",Dia bilang begitu.,Indonesian,[],0.0,3,0,0.22580793358131565,0.22580793358131565,
processed_indonesia/first_full_run_data_mix_commonvoice/01_segments/commonvoice_code_switch_1171_cv_indonesian_common_voice_id_20954096_cv_javanese_spontaneous-speech-jv-90955_855ms.wav,"Apakah kalian setuju? Siji wae, tansah nresnani lan nulungi wong-wong sing dak tresnani, keluarga, kanca, lan wong sing butuh. Aku pengin uripku tetep ana tegese, ora mung mikir aku dewe, nanging tetep ngemong lan maringi tulung nalika bisa.","[{""word"": ""Apakah"", ""langid"": ""other""}, {""word"": ""kalian"", ""langid"": ""other""}, {""word"": ""setuju?"", ""langid"": ""other""}, {""word"": ""Siji"", ""langid"": ""other""}, {""word"": ""wae,"", ""langid"": ""other""}, {""word"": ""tansah"", ""langid"": ""other""}, {""word"": ""nresnani"", ""langid"": ""other""}, {""word"": ""lan"", ""langid"": ""other""}, {""word"": ""nulungi"", ""langid"": ""other""}, {""word"": ""wong-wong"", ""langid"": ""other""}, {""word"": ""sing"", ""langid"": ""other""}, {""word"": ""dak"", ""langid"": ""other""}, {""word"": ""tresnani,"", ""langid"": ""other""}, {""word"": ""keluarga,"", ""langid"": ""other""}, {""word"": ""kanca,"", ""langid"": ""other""}, {""word"": ""lan"", ""langid"": ""other""}, {""word"": ""wong"", ""langid"": ""other""}, {""word"": ""sing"", ""langid"": ""other""}, {""word"": ""butuh."", ""langid"": ""other""}, {""word"": ""Aku"", ""langid"": ""other""}, {""word"": ""pengin"", ""langid"": ""other""}, {""word"": ""uripku"", ""langid"": ""other""}, {""word"": ""tetep"", ""langid"": ""other""}, {""word"": ""ana"", ""langid"": ""other""}, {""word"": ""tegese,"", ""langid"": ""other""}, {""word"": ""ora"", ""langid"": ""other""}, {""word"": ""mung"", ""langid"": ""other""}, {""word"": ""mikir"", ""langid"": ""other""}, {""word"": ""aku"", ""langid"": ""other""}, {""word"": ""dewe,"", ""langid"": ""other""}, {""word"": ""nanging"", ""langid"": ""other""}, {""word"": ""tetep"", ""langid"": ""other""}, {""word"": ""ngemong"", ""langid"": ""other""}, {""word"": ""lan"", ""langid"": ""other""}, {""word"": ""maringi"", ""langid"": ""other""}, {""word"": ""tulung"", ""langid"": ""other""}, {""word"": ""nalika"", ""langid"": ""other""}, {""word"": ""bisa."", ""langid"": ""other""}]","Apakah kalian setuju? Siji wae, tansah nresnani lan nulungi wong-wong sing dak tresnani, keluarga, kanca, lan wong sing butuh. Aku pengin uripku tetep ana tegese, ora mung mikir aku dewe, nanging tetep ngemong lan maringi tulung nalika bisa.",,[],0.0,38,0,0.22580793358131565,0.22580793358131565,
processed_indonesia/first_full_run_data_mix_commonvoice/01_segments/commonvoice_code_switch_1490_cv_indonesian_common_voice_id_20954663_cv_javanese_spontaneous-speech-jv-90919_955ms.wav,"Semua ini membosankan. Inggih, aku asring nggunakaké gitar lan suling cilik. Gitar kanggo nyanyi-nyanyi, suling kanggo nambah swasana rilaks. Durung jago banget, nanging seneng latihan pas wektu luang bareng kanca. Kowe piyé, isa main alat musik?","[{""word"": ""Semua"", ""langid"": ""other""}, {""word"": ""ini"", ""langid"": ""other""}, {""word"": ""membosankan."", ""langid"": ""other""}, {""word"": ""Inggih,"", ""langid"": ""other""}, {""word"": ""aku"", ""langid"": ""other""}, {""word"": ""asring"", ""langid"": ""other""}, {""word"": ""nggunakaké"", ""langid"": ""other""}, {""word"": ""gitar"", ""langid"": ""other""}, {""word"": ""lan"", ""langid"": ""other""}, {""word"": ""suling"", ""langid"": ""other""}, {""word"": ""cilik."", ""langid"": ""other""}, {""word"": ""Gitar"", ""langid"": ""other""}, {""word"": ""kanggo"", ""langid"": ""other""}, {""word"": ""nyanyi-nyanyi,"", ""langid"": ""other""}, {""word"": ""suling"", ""langid"": ""other""}, {""word"": ""kanggo"", ""langid"": ""other""}, {""word"": ""nambah"", ""langid"": ""other""}, {""word"": ""swasana"", ""langid"": ""other""}, {""word"": ""rilaks."", ""langid"": ""other""}, {""word"": ""Durung"", ""langid"": ""other""}, {""word"": ""jago"", ""langid"": ""other""}, {""word"": ""banget,"", ""langid"": ""other""}, {""word"": ""nanging"", ""langid"": ""other""}, {""word"": ""seneng"", ""langid"": ""other""}, {""word"": ""latihan"", ""langid"": ""other""}, {""word"": ""pas"", ""langid"": ""other""}, {""word"": ""wektu"", ""langid"": ""other""}, {""word"": ""luang"", ""langid"": ""other""}, {""word"": ""bareng"", ""langid"": ""other""}, {""word"": ""kanca."", ""langid"": ""other""}, {""word"": ""Kowe"", ""langid"": ""other""}, {""word"": ""piyé,"", ""langid"": ""other""}, {""word"": ""isa"", ""langid"": ""other""}, {""word"": ""main"", ""langid"": ""other""}, {""word"": ""alat"", ""langid"": ""other""}, {""word"": ""musik?"", ""langid"": ""other""}]","Semua ini membosankan. Inggih, aku asring nggunakaké gitar lan suling cilik. Gitar kanggo nyanyi-nyanyi, suling kanggo nambah swasana rilaks. Durung jago banget, nanging seneng latihan pas wektu luang bareng kanca. Kowe piyé, isa main alat musik?",,[],0.0,36,0,0.22580793358131565,0.22580793358131565,
processed_indonesia/first_full_run_data_mix_commonvoice/01_segments/commonvoice_code_switch_1190_cv_indonesian_common_voice_id_20953963_cv_javanese_spontaneous-speech-jv-91012_891ms.wav,"Tom berkata saya adalah pendengar yang baik. Yo, aku seneng bocah-bocah. Seneng ndeleng padha ngguyu, dolanan bareng, lan nulungi sinau sethithik. Kadhang krasa kesel yen rame tenan, nanging tetep kepenak yen isa nggawe dheweke seneng.","[{""word"": ""Tom"", ""langid"": ""other""}, {""word"": ""berkata"", ""langid"": ""other""}, {""word"": ""saya"", ""langid"": ""other""}, {""word"": ""adalah"", ""langid"": ""other""}, {""word"": ""pendengar"", ""langid"": ""other""}, {""word"": ""yang"", ""langid"": ""other""}, {""word"": ""baik."", ""langid"": ""other""}, {""word"": ""Yo,"", ""langid"": ""other""}, {""word"": ""aku"", ""langid"": ""other""}, {""word"": ""seneng"", ""langid"": ""other""}, {""word"": ""bocah-bocah."", ""langid"": ""other""}, {""word"": ""Seneng"", ""langid"": ""other""}, {""word"": ""ndeleng"", ""langid"": ""other""}, {""word"": ""padha"", ""langid"": ""other""}, {""word"": ""ngguyu,"", ""langid"": ""other""}, {""word"": ""dolanan"", ""langid"": ""other""}, {""word"": ""bareng,"", ""langid"": ""other""}, {""word"": ""lan"", ""langid"": ""other""}, {""word"": ""nulungi"", ""langid"": ""other""}, {""word"": ""sinau"", ""langid"": ""other""}, {""word"": ""sethithik."", ""langid"": ""other""}, {""word"": ""Kadhang"", ""langid"": ""other""}, {""word"": ""krasa"", ""langid"": ""other""}, {""word"": ""kesel"", ""langid"": ""other""}, {""word"": ""yen"", ""langid"": ""other""}, {""word"": ""rame"", ""langid"": ""other""}, {""word"": ""tenan,"", ""langid"": ""other""}, {""word"": ""nanging"", ""langid"": ""other""}, {""word"": ""tetep"", ""langid"": ""other""}, {""word"": ""kepenak"", ""langid"": ""other""}, {""word"": ""yen"", ""langid"": ""other""}, {""word"": ""isa"", ""langid"": ""other""}, {""word"": ""nggawe"", ""langid"": ""other""}, {""word"": ""dheweke"", ""langid"": ""other""}, {""word"": ""seneng."", ""langid"": ""other""}]","Tom berkata saya adalah pendengar yang baik. Ya, aku seneng bocah-bocah. Seneng ndeleng padha ngguyu, dolanan bareng, lan nulungi sinau sethithik. Kadhang krasa kesel yen rame tenan, nanging tetep kepenak yen isa nggawe dheweke seneng.",,[],0.02857142857142857,35,1,0.22580793358131565,0.22580793358131565,
processed_indonesia/first_full_run_data_mix_commonvoice/01_segments/commonvoice_code_switch_0533_cv_indonesian_common_voice_id_20954046_cv_javanese_spontaneous-speech-jv-91301_669ms.wav,"Pada jam sibuk kemacetan memperlambat kedatangan saya selama dua jam. Yen tak deleng, sing paling penting sampeyan ajarake marang anak yaiku: ngajeni lan tata krama, jujur, empati, rasa penasaran lan kebiasaan sinau, tanggung jawab, disiplin diri, lan wani nyoba tanpa wedi gagal. Iki dhasar supaya dheweke dadi wong mandiri lan becik.","[{""word"": ""Pada"", ""langid"": ""other""}, {""word"": ""jam"", ""langid"": ""other""}, {""word"": ""sibuk"", ""langid"": ""other""}, {""word"": ""kemacetan"", ""langid"": ""other""}, {""word"": ""memperlambat"", ""langid"": ""other""}, {""word"": ""kedatangan"", ""langid"": ""other""}, {""word"": ""saya"", ""langid"": ""other""}, {""word"": ""selama"", ""langid"": ""other""}, {""word"": ""dua"", ""langid"": ""other""}, {""word"": ""jam."", ""langid"": ""other""}, {""word"": ""Yen"", ""langid"": ""other""}, {""word"": ""tak"", ""langid"": ""other""}, {""word"": ""deleng,"", ""langid"": ""other""}, {""word"": ""sing"", ""langid"": ""other""}, {""word"": ""paling"", ""langid"": ""other""}, {""word"": ""penting"", ""langid"": ""other""}, {""word"": ""sampeyan"", ""langid"": ""other""}, {""word"": ""ajarake"", ""langid"": ""other""}, {""word"": ""marang"", ""langid"": ""other""}, {""word"": ""anak"", ""langid"": ""other""}, {""word"": ""yaiku:"", ""langid"": ""other""}, {""word"": ""ngajeni"", ""langid"": ""other""}, {""word"": ""lan"", ""langid"": ""other""}, {""word"": ""tata"", ""langid"": ""other""}, {""word"": ""krama,"", ""langid"": ""other""}, {""word"": ""jujur,"", ""langid"": ""other""}, {""word"": ""empati,"", ""langid"": ""other""}, {""word"": ""rasa"", ""langid"": ""other""}, {""word"": ""penasaran"", ""langid"": ""other""}, {""word"": ""lan"", ""langid"": ""other""}, {""word"": ""kebiasaan"", ""langid"": ""other""}, {""word"": ""sinau,"", ""langid"": ""other""}, {""word"": ""tanggung"", ""langid"": ""other""}, {""word"": ""jawab,"", ""langid"": ""other""}, {""word"": ""disiplin"", ""langid"": ""other""}, {""word"": ""diri,"", ""langid"": ""other""}, {""word"": ""lan"", ""langid"": ""other""}, {""word"": ""wani"", ""langid"": ""other""}, {""word"": ""nyoba"", ""langid"": ""other""}, {""word"": ""tanpa"", ""langid"": ""other""}, {""word"": ""wedi"", ""langid"": ""other""}, {""word"": ""gagal."", ""langid"": ""other""}, {""word"": ""Iki"", ""langid"": ""other""}, {""word"": ""dhasar"", ""langid"": ""other""}, {""word"": ""supaya"", ""langid"": ""other""}, {""word"": ""dheweke"", ""langid"": ""other""}, {""word"": ""dadi"", ""langid"": ""other""}, {""word"": ""wong"", ""langid"": ""other""}, {""word"": ""mandiri"", ""langid"": ""other""}, {""word"": ""lan"", ""langid"": ""other""}, {""word"": ""becik."", ""langid"": ""other""}]","Pada jam sibuk kemacetan memperlambat kedatangan saya selama dua jam. Yen tak deleng, sing paling penting sampeyan ajarake marang anak yaiku: ngajeni lan tata krama, jujur, empati, rasa penasaran lan kebiasaan sinau, tanggung jawab, disiplin diri, lan wani nyoba tanpa wedi gagal. Iki dhasar supaya dheweke dadi wong mandiri lan becik.",,[],0.0,51,0,0.22580793358131565,0.22580793358131565,
processed_indonesia/first_full_run_data_mix_commonvoice/01_segments/commonvoice_code_switch_0302_cv_indonesian_common_voice_id_20953847_cv_javanese_spontaneous-speech-jv-91295_620ms.wav,"Saya mendapat sapu tangan kuning pada hari ulang tahun. Sing nggawe aku kangen ya lagu lawas lan kaset sing diputer bareng kanca, pawon emak sing ambune rendang utawa sambal, dolanan bocah kaya dakon lan balapan sepeda, sore ing omah mbah ning desa karo swara gamelan lan angin. Foto lawas lan pasar malem uga gampang nguncalake rasa nostalgia.","[{""word"": ""Saya"", ""langid"": ""other""}, {""word"": ""mendapat"", ""langid"": ""other""}, {""word"": ""sapu"", ""langid"": ""other""}, {""word"": ""tangan"", ""langid"": ""other""}, {""word"": ""kuning"", ""langid"": ""other""}, {""word"": ""pada"", ""langid"": ""other""}, {""word"": ""hari"", ""langid"": ""other""}, {""word"": ""ulang"", ""langid"": ""other""}, {""word"": ""tahun."", ""langid"": ""other""}, {""word"": ""Sing"", ""langid"": ""other""}, {""word"": ""nggawe"", ""langid"": ""other""}, {""word"": ""aku"", ""langid"": ""other""}, {""word"": ""kangen"", ""langid"": ""other""}, {""word"": ""ya"", ""langid"": ""other""}, {""word"": ""lagu"", ""langid"": ""other""}, {""word"": ""lawas"", ""langid"": ""other""}, {""word"": ""lan"", ""langid"": ""other""}, {""word"": ""kaset"", ""langid"": ""other""}, {""word"": ""sing"", ""langid"": ""other""}, {""word"": ""diputer"", ""langid"": ""other""}, {""word"": ""bareng"", ""langid"": ""other""}, {""word"": ""kanca,"", ""langid"": ""other""}, {""word"": ""pawon"", ""langid"": ""other""}, {""word"": ""emak"", ""langid"": ""other""}, {""word"": ""sing"", ""langid"": ""other""}, {""word"": ""ambune"", ""langid"": ""other""}, {""word"": ""rendang"", ""langid"": ""other""}, {""word"": ""utawa"", ""langid"": ""other""}, {""word"": ""sambal,"", ""langid"": ""other""}, {""word"": ""dolanan"", ""langid"": ""other""}, {""word"": ""bocah"", ""langid"": ""other""}, {""word"": ""kaya"", ""langid"": ""other""}, {""word"": ""dakon"", ""langid"": ""other""}, {""word"": ""lan"", ""langid"": ""other""}, {""word"": ""balapan"", ""langid"": ""other""}, {""word"": ""sepeda,"", ""langid"": ""other""}, {""word"": ""sore"", ""langid"": ""other""}, {""word"": ""ing"", ""langid"": ""other""}, {""word"": ""omah"", ""langid"": ""other""}, {""word"": ""mbah"", ""langid"": ""other""}, {""word"": ""ning"", ""langid"": ""other""}, {""word"": ""desa"", ""langid"": ""other""}, {""word"": ""karo"", ""langid"": ""other""}, {""word"": ""swara"", ""langid"": ""other""}, {""word"": ""gamelan"", ""langid"": ""other""}, {""word"": ""lan"", ""langid"": ""other""}, {""word"": ""angin."", ""langid"": ""other""}, {""word"": ""Foto"", ""langid"": ""other""}, {""word"": ""lawas"", ""langid"": ""other""}, {""word"": ""lan"", ""langid"": ""other""}, {""word"": ""pasar"", ""langid"": ""other""}, {""word"": ""malem"", ""langid"": ""other""}, {""word"": ""uga"", ""langid"": ""other""}, {""word"": ""gampang"", ""langid"": ""other""}, {""word"": ""nguncalake"", ""langid"": ""other""}, {""word"": ""rasa"", ""langid"": ""other""}, {""word"": ""nostalgia."", ""langid"": ""other""}]","Saya mendapat sapu tangan kuning pada hari ulang tahun. Sing nggawe aku kangen ya lagu lawas lan kaset sing diputer bareng kanca, pawon emak sing ambune rendang utawa sambal, dolanan bocah kaya dakon lan balapan sepeda, sore ing omah mbah ning desa karo swara gamelan lan angin. Foto lawas lan pasar malem uga gampang nguncalake rasa nostalgia.",,[],0.0,57,0,0.22580793358131565,0.22580793358131565,
processed_indonesia/first_full_run_data_mix_commonvoice/01_segments/commonvoice_code_switch_1688_cv_indonesian_common_voice_id_20954123_cv_javanese_spontaneous-speech-jv-91279_727ms.wav,"Obat ini tidak memiliki efek samping yang berbahaya. Aku rumangsa tentrem lan kegirangan nalika nyelam. Sebab iso nyekseni jagad ngisor laut sing sepi, werna-werna karang lan iwak sing nggumunake, kaya lelungan menyang donya liya. Nanging kadang uga was-was yen aruse kenceng utawa napas kesedot.","[{""word"": ""Obat"", ""langid"": ""other""}, {""word"": ""ini"", ""langid"": ""other""}, {""word"": ""tidak"", ""langid"": ""other""}, {""word"": ""memiliki"", ""langid"": ""other""}, {""word"": ""efek"", ""langid"": ""other""}, {""word"": ""samping"", ""langid"": ""other""}, {""word"": ""yang"", ""langid"": ""other""}, {""word"": ""berbahaya."", ""langid"": ""other""}, {""word"": ""Aku"", ""langid"": ""other""}, {""word"": ""rumangsa"", ""langid"": ""other""}, {""word"": ""tentrem"", ""langid"": ""other""}, {""word"": ""lan"", ""langid"": ""other""}, {""word"": ""kegirangan"", ""langid"": ""other""}, {""word"": ""nalika"", ""langid"": ""other""}, {""word"": ""nyelam."", ""langid"": ""other""}, {""word"": ""Sebab"", ""langid"": ""other""}, {""word"": ""iso"", ""langid"": ""other""}, {""word"": ""nyekseni"", ""langid"": ""other""}, {""word"": ""jagad"", ""langid"": ""other""}, {""word"": ""ngisor"", ""langid"": ""other""}, {""word"": ""laut"", ""langid"": ""other""}, {""word"": ""sing"", ""langid"": ""other""}, {""word"": ""sepi,"", ""langid"": ""other""}, {""word"": ""werna-werna"", ""langid"": ""other""}, {""word"": ""karang"", ""langid"": ""other""}, {""word"": ""lan"", ""langid"": ""other""}, {""word"": ""iwak"", ""langid"": ""other""}, {""word"": ""sing"", ""langid"": ""other""}, {""word"": ""nggumunake,"", ""langid"": ""other""}, {""word"": ""kaya"", ""langid"": ""other""}, {""word"": ""lelungan"", ""langid"": ""other""}, {""word"": ""menyang"", ""langid"": ""other""}, {""word"": ""donya"", ""langid"": ""other""}, {""word"": ""liya."", ""langid"": ""other""}, {""word"": ""Nanging"", ""langid"": ""other""}, {""word"": ""kadang"", ""langid"": ""other""}, {""word"": ""uga"", ""langid"": ""other""}, {""word"": ""was-was"", ""langid"": ""other""}, {""word"": ""yen"", ""langid"": ""other""}, {""word"": ""aruse"", ""langid"": ""other""}, {""word"": ""kenceng"", ""langid"": ""other""}, {""word"": ""utawa"", ""langid"": ""other""}, {""word"": ""napas"", ""langid"": ""other""}, {""word"": ""kesedot."", ""langid"": ""other""}]","Obat ini tidak memiliki efek samping yang berbahaya. Aku rumangsa tentrem lan kegirangan nalika nyelam. Sebab iso nyekseni jagad ngisor laut sing sepi, werna-werna karang lan iwak sing nggumunake, kaya lelungan menyang donya liya. Nanging kadang uga was-was yen aruse kenceng utawa napas kesedot.",,[],0.0,44,0,0.22580793358131565,0.22580793358131565,
processed_indonesia/first_full_run_data_mix_commonvoice/01_segments/commonvoice_code_switch_1732_cv_indonesian_common_voice_id_25303573_cv_javanese_spontaneous-speech-jv-91200_971ms.wav,"Pengalaman tanpa belajar lebih baik daripada belajar tanpa pengalaman. Kewan kesenenganku kucing. Aku seneng merga alus, lucu, lan kadhang pinter ngemis yen pengin dipangan. Yen pengin dipangan.","[{""word"": ""Pengalaman"", ""langid"": ""other""}, {""word"": ""tanpa"", ""langid"": ""other""}, {""word"": ""belajar"", ""langid"": ""other""}, {""word"": ""lebih"", ""langid"": ""other""}, {""word"": ""baik"", ""langid"": ""other""}, {""word"": ""daripada"", ""langid"": ""other""}, {""word"": ""belajar"", ""langid"": ""other""}, {""word"": ""tanpa"", ""langid"": ""other""}, {""word"": ""pengalaman."", ""langid"": ""other""}, {""word"": ""Kewan"", ""langid"": ""other""}, {""word"": ""kesenenganku"", ""langid"": ""other""}, {""word"": ""kucing."", ""langid"": ""other""}, {""word"": ""Aku"", ""langid"": ""other""}, {""word"": ""seneng"", ""langid"": ""other""}, {""word"": ""merga"", ""langid"": ""other""}, {""word"": ""alus,"", ""langid"": ""other""}, {""word"": ""lucu,"", ""langid"": ""other""}, {""word"": ""lan"", ""langid"": ""other""}, {""word"": ""kadhang"", ""langid"": ""other""}, {""word"": ""pinter"", ""langid"": ""other""}, {""word"": ""ngemis"", ""langid"": ""other""}, {""word"": ""yen"", ""langid"": ""other""}, {""word"": ""pengin"", ""langid"": ""other""}, {""word"": ""dipangan."", ""langid"": ""other""}, {""word"": ""Yen"", ""langid"": ""other""}, {""word"": ""pengin"", ""langid"": ""other""}, {""word"": ""dipangan."", ""langid"": ""other""}]","Pengalaman tanpa belajar lebih baik daripada belajar tanpa pengalaman. Kewan kesenenganku kucing. Aku seneng merga alus, lucu, lan kadhang pinter ngemis yen pengin dipangan. Yen pengin dipangan.",,[],0.0,27,0,0.22580793358131565,0.22580793358131565,
processed_indonesia/first_full_run_data_mix_commonvoice/01_segments/commonvoice_code_switch_0055_cv_indonesian_common_voice_id_20362599_cv_javanese_spontaneous-speech-jv-91207_903ms.wav,"Hampir tiga ribu orang mati. Yo, sawetara conto: napak tilas menyang candi utawa situs kuna ,trek lan crita sejarah; kirab budaya utawa grebeg lan pasar malam. rame lan pengalaman langsung. numpak prau nelayan tradisional lan mancing; melu upacara panen utawa mapag buah lan cam kemping ing desa; pendakian spiritual menyang pusaka utawa goa. Kabeh kuwi nggabungno petualangan fisik karo sinau adat lan crita lokal.","[{""word"": ""Hampir"", ""langid"": ""other""}, {""word"": ""tiga"", ""langid"": ""other""}, {""word"": ""ribu"", ""langid"": ""other""}, {""word"": ""orang"", ""langid"": ""other""}, {""word"": ""mati."", ""langid"": ""other""}, {""word"": ""Yo,"", ""langid"": ""other""}, {""word"": ""sawetara"", ""langid"": ""other""}, {""word"": ""conto:"", ""langid"": ""other""}, {""word"": ""napak"", ""langid"": ""other""}, {""word"": ""tilas"", ""langid"": ""other""}, {""word"": ""menyang"", ""langid"": ""other""}, {""word"": ""candi"", ""langid"": ""other""}, {""word"": ""utawa"", ""langid"": ""other""}, {""word"": ""situs"", ""langid"": ""other""}, {""word"": ""kuna"", ""langid"": ""other""}, {""word"": "",trek"", ""langid"": ""other""}, {""word"": ""lan"", ""langid"": ""other""}, {""word"": ""crita"", ""langid"": ""other""}, {""word"": ""sejarah;"", ""langid"": ""other""}, {""word"": ""kirab"", ""langid"": ""other""}, {""word"": ""budaya"", ""langid"": ""other""}, {""word"": ""utawa"", ""langid"": ""other""}, {""word"": ""grebeg"", ""langid"": ""other""}, {""word"": ""lan"", ""langid"": ""other""}, {""word"": ""pasar"", ""langid"": ""other""}, {""word"": ""malam."", ""langid"": ""other""}, {""word"": ""rame"", ""langid"": ""other""}, {""word"": ""lan"", ""langid"": ""other""}, {""word"": ""pengalaman"", ""langid"": ""other""}, {""word"": ""langsung."", ""langid"": ""other""}, {""word"": ""numpak"", ""langid"": ""other""}, {""word"": ""prau"", ""langid"": ""other""}, {""word"": ""nelayan"", ""langid"": ""other""}, {""word"": ""tradisional"", ""langid"": ""other""}, {""word"": ""lan"", ""langid"": ""other""}, {""word"": ""mancing;"", ""langid"": ""other""}, {""word"": ""melu"", ""langid"": ""other""}, {""word"": ""upacara"", ""langid"": ""other""}, {""word"": ""panen"", ""langid"": ""other""}, {""word"": ""utawa"", ""langid"": ""other""}, {""word"": ""mapag"", ""langid"": ""other""}, {""word"": ""buah"", ""langid"": ""other""}, {""word"": ""lan"", ""langid"": ""other""}, {""word"": ""cam"", ""langid"": ""other""}, {""word"": ""kemping"", ""langid"": ""other""}, {""word"": ""ing"", ""langid"": ""other""}, {""word"": ""desa;"", ""langid"": ""other""}, {""word"": ""pendakian"", ""langid"": ""other""}, {""word"": ""spiritual"", ""langid"": ""other""}, {""word"": ""menyang"", ""langid"": ""other""}, {""word"": ""pusaka"", ""langid"": ""other""}, {""word"": ""utawa"", ""langid"": ""other""}, {""word"": ""goa."", ""langid"": ""other""}, {""word"": ""Kabeh"", ""langid"": ""other""}, {""word"": ""kuwi"", ""langid"": ""other""}, {""word"": ""nggabungno"", ""langid"": ""other""}, {""word"": ""petualangan"", ""langid"": ""other""}, {""word"": ""fisik"", ""langid"": ""other""}, {""word"": ""karo"", ""langid"": ""other""}, {""word"": ""sinau"", ""langid"": ""other""}, {""word"": ""adat"", ""langid"": ""other""}, {""word"": ""lan"", ""langid"": ""other""}, {""word"": ""crita"", ""langid"": ""other""}, {""word"": ""lokal."", ""langid"": ""other""}]","Hampir tiga ribu orang mati. Yo, sawetara conto: napak tilas menyang candi utawa situs kuna ,trek lan crita sejarah; kirab budaya utawa grebeg lan pasar malam. rame lan pengalaman langsung. numpak prau nelayan tradisional lan mancing; melu upacara panen utawa mapag buah lan cam kemping ing desa; pendakian spiritual menyang pusaka utawa goa. Kabeh kuwi nggabungno petualangan fisik karo sinau adat lan crita lokal.",,[],0.0,64,0,0.22580793358131565,0.22580793358131565,
processed_indonesia/first_full_run_data_mix_commonvoice/03_augmented_audio/commonvoice_code_switch_1616_cv_indonesian_common_voice_id_20953740_cv_javanese_spontaneous-speech-jv-90913_632ms__noise_01.wav,"Jenis musik apa yang kamu suka? Aku milih banyu. Sebabe banyu fleksibel, tenang nanging kadang wani lan kuwat; iso ngalir manut dalan, ngresiki, lan nguripi. Kaya aku sing seneng nyetel lan nggoleki ketenangan, nanging siap tumindak yen perlu. Banyu uga gampang nyambung karo liyane, cocok karo pribadiku sing sosial lan adaptif.","[{""word"": ""Jenis"", ""langid"": ""other""}, {""word"": ""musik"", ""langid"": ""other""}, {""word"": ""apa"", ""langid"": ""other""}, {""word"": ""yang"", ""langid"": ""other""}, {""word"": ""kamu"", ""langid"": ""other""}, {""word"": ""suka?"", ""langid"": ""other""}, {""word"": ""Aku"", ""langid"": ""other""}, {""word"": ""milih"", ""langid"": ""other""}, {""word"": ""banyu."", ""langid"": ""other""}, {""word"": ""Sebabe"", ""langid"": ""other""}, {""word"": ""banyu"", ""langid"": ""other""}, {""word"": ""fleksibel,"", ""langid"": ""other""}, {""word"": ""tenang"", ""langid"": ""other""}, {""word"": ""nanging"", ""langid"": ""other""}, {""word"": ""kadang"", ""langid"": ""other""}, {""word"": ""wani"", ""langid"": ""other""}, {""word"": ""lan"", ""langid"": ""other""}, {""word"": ""kuwat;"", ""langid"": ""other""}, {""word"": ""iso"", ""langid"": ""other""}, {""word"": ""ngalir"", ""langid"": ""other""}, {""word"": ""manut"", ""langid"": ""other""}, {""word"": ""dalan,"", ""langid"": ""other""}, {""word"": ""ngresiki,"", ""langid"": ""other""}, {""word"": ""lan"", ""langid"": ""other""}, {""word"": ""nguripi."", ""langid"": ""other""}, {""word"": ""Kaya"", ""langid"": ""other""}, {""word"": ""aku"", ""langid"": ""other""}, {""word"": ""sing"", ""langid"": ""other""}, {""word"": ""seneng"", ""langid"": ""other""}, {""word"": ""nyetel"", ""langid"": ""other""}, {""word"": ""lan"", ""langid"": ""other""}, {""word"": ""nggoleki"", ""langid"": ""other""}, {""word"": ""ketenangan,"", ""langid"": ""other""}, {""word"": ""nanging"", ""langid"": ""other""}, {""word"": ""siap"", ""langid"": ""other""}, {""word"": ""tumindak"", ""langid"": ""other""}, {""word"": ""yen"", ""langid"": ""other""}, {""word"": ""perlu."", ""langid"": ""other""}, {""word"": ""Banyu"", ""langid"": ""other""}, {""word"": ""uga"", ""langid"": ""other""}, {""word"": ""gampang"", ""langid"": ""other""}, {""word"": ""nyambung"", ""langid"": ""other""}, {""word"": ""karo"", ""langid"": ""other""}, {""word"": ""liyane,"", ""langid"": ""other""}, {""word"": ""cocok"", ""langid"": ""other""}, {""word"": ""karo"", ""langid"": ""other""}, {""word"": ""pribadiku"", ""langid"": ""other""}, {""word"": ""sing"", ""langid"": ""other""}, {""word"": ""sosial"", ""langid"": ""other""}, {""word"": ""lan"", ""langid"": ""other""}, {""word"": ""adaptif."", ""langid"": ""other""}]","Jenis musik apa yang kamu suka? Aku milih banyu. Sebabe banyu fleksibel, tenang nanging kadang wani lan kuwat; iso ngalir manut dalan, regi, lan nguripi. Kaya aku sing seneng nyetel lan nggoleki ketenangan, nanging siap tumindak yen perlu. Banyu uga gampang nyambung karo liyane, cocok karo pribadiku sing sosial lan adaptif.",,[],0.0196078431372549,51,1,0.22580793358131565,0.22580793358131565,
processed_indonesia/first_full_run_data_mix_commonvoice/03_augmented_audio/commonvoice_code_switch_0651_cv_indonesian_common_voice_id_20953819_cv_javanese_spontaneous-speech-jv-91237_694ms__noise_01.wav,"Libur musim panas dari tanggal satu Agustus. Sing iso nggawe aku nangis: kangen banget marang omah utawa kulawarga, memori lawas sing nyentuh, film utawa lagu sing ngrusak ati, kuciwa gedhe, lara utawa kelangan wong sing tak tresnani, lan ndelok wong liya nandhang sangsara. Kadhang nangis uga amarga lega utawa seneng banget.","[{""word"": ""Libur"", ""langid"": ""other""}, {""word"": ""musim"", ""langid"": ""other""}, {""word"": ""panas"", ""langid"": ""other""}, {""word"": ""dari"", ""langid"": ""other""}, {""word"": ""tanggal"", ""langid"": ""other""}, {""word"": ""satu"", ""langid"": ""other""}, {""word"": ""Agustus."", ""langid"": ""other""}, {""word"": ""Sing"", ""langid"": ""other""}, {""word"": ""iso"", ""langid"": ""other""}, {""word"": ""nggawe"", ""langid"": ""other""}, {""word"": ""aku"", ""langid"": ""other""}, {""word"": ""nangis:"", ""langid"": ""other""}, {""word"": ""kangen"", ""langid"": ""other""}, {""word"": ""banget"", ""langid"": ""other""}, {""word"": ""marang"", ""langid"": ""other""}, {""word"": ""omah"", ""langid"": ""other""}, {""word"": ""utawa"", ""langid"": ""other""}, {""word"": ""kulawarga,"", ""langid"": ""other""}, {""word"": ""memori"", ""langid"": ""other""}, {""word"": ""lawas"", ""langid"": ""other""}, {""word"": ""sing"", ""langid"": ""other""}, {""word"": ""nyentuh,"", ""langid"": ""other""}, {""word"": ""film"", ""langid"": ""other""}, {""word"": ""utawa"", ""langid"": ""other""}, {""word"": ""lagu"", ""langid"": ""other""}, {""word"": ""sing"", ""langid"": ""other""}, {""word"": ""ngrusak"", ""langid"": ""other""}, {""word"": ""ati,"", ""langid"": ""other""}, {""word"": ""kuciwa"", ""langid"": ""other""}, {""word"": ""gedhe,"", ""langid"": ""other""}, {""word"": ""lara"", ""langid"": ""other""}, {""word"": ""utawa"", ""langid"": ""other""}, {""word"": ""kelangan"", ""langid"": ""other""}, {""word"": ""wong"", ""langid"": ""other""}, {""word"": ""sing"", ""langid"": ""other""}, {""word"": ""tak"", ""langid"": ""other""}, {""word"": ""tresnani,"", ""langid"": ""other""}, {""word"": ""lan"", ""langid"": ""other""}, {""word"": ""ndelok"", ""langid"": ""other""}, {""word"": ""wong"", ""langid"": ""other""}, {""word"": ""liya"", ""langid"": ""other""}, {""word"": ""nandhang"", ""langid"": ""other""}, {""word"": ""sangsara."", ""langid"": ""other""}, {""word"": ""Kadhang"", ""langid"": ""other""}, {""word"": ""nangis"", ""langid"": ""other""}, {""word"": ""uga"", ""langid"": ""other""}, {""word"": ""amarga"", ""langid"": ""other""}, {""word"": ""lega"", ""langid"": ""other""}, {""word"": ""utawa"", ""langid"": ""other""}, {""word"": ""seneng"", ""langid"": ""other""}, {""word"": ""banget."", ""langid"": ""other""}]","Libur musim panas dari tanggal satu Agustus. Sing bisa nggawe aku nangis: kangen banget marang omah utawa kulawarga, memori lawas sing tentu, film utawa lagu sing ngrusak ati, kuciwa gedhe, lara utawa kelangan wong sing tak tresnani, lan ndelok wong liya nandhang sangsara. Kadhang nangis uga amarga lega utawa seneng banget.",,[],0.0392156862745098,51,2,0.22580793358131565,0.22580793358131565,
processed_indonesia/first_full_run_data_mix_commonvoice/01_segments/commonvoice_code_switch_1865_cv_indonesian_common_voice_id_20954485_cv_javanese_spontaneous-speech-jv-91013_587ms.wav,"Lampu sudah dimatikan. Aku pengin luwih kerep olahraga esuk, umpama mlaku utawa joging telung puluh menit saben dina. Ora perlu abot, mung supaya badan seger, napas lancar, lan pikiran luwih cetha.","[{""word"": ""Lampu"", ""langid"": ""other""}, {""word"": ""sudah"", ""langid"": ""other""}, {""word"": ""dimatikan."", ""langid"": ""other""}, {""word"": ""Aku"", ""langid"": ""other""}, {""word"": ""pengin"", ""langid"": ""other""}, {""word"": ""luwih"", ""langid"": ""other""}, {""word"": ""kerep"", ""langid"": ""other""}, {""word"": ""olahraga"", ""langid"": ""other""}, {""word"": ""esuk,"", ""langid"": ""other""}, {""word"": ""umpama"", ""langid"": ""other""}, {""word"": ""mlaku"", ""langid"": ""other""}, {""word"": ""utawa"", ""langid"": ""other""}, {""word"": ""joging"", ""langid"": ""other""}, {""word"": ""telung"", ""langid"": ""other""}, {""word"": ""puluh"", ""langid"": ""other""}, {""word"": ""menit"", ""langid"": ""other""}, {""word"": ""saben"", ""langid"": ""other""}, {""word"": ""dina."", ""langid"": ""other""}, {""word"": ""Ora"", ""langid"": ""other""}, {""word"": ""perlu"", ""langid"": ""other""}, {""word"": ""abot,"", ""langid"": ""other""}, {""word"": ""mung"", ""langid"": ""other""}, {""word"": ""supaya"", ""langid"": ""other""}, {""word"": ""badan"", ""langid"": ""other""}, {""word"": ""seger,"", ""langid"": ""other""}, {""word"": ""napas"", ""langid"": ""other""}, {""word"": ""lancar,"", ""langid"": ""other""}, {""word"": ""lan"", ""langid"": ""other""}, {""word"": ""pikiran"", ""langid"": ""other""}, {""word"": ""luwih"", ""langid"": ""other""}, {""word"": ""cetha."", ""langid"": ""other""}]","Lampu sudah dimatikan. Aku pengin luwih kerep olahraga esuk, umpama mlaku utawa joging telung puluh menit saben dina. Ora perlu abot, mung supaya badan seger, napas lancar, lan pikiran luwih cetha.",,[],0.0,31,0,0.22580793358131565,0.22580793358131565,
processed_indonesia/first_full_run_data_mix_commonvoice/03_augmented_audio/indonesian_dev_c0e11c375e60498ba28f915a7ef46de8__noise_01.wav,"Nah, itulah deskripsi dari peliharaanku. Bukan peliharaanku sih, peliharaan adekku sing ndek omah. Tapi ya, otomatis jadi peliharaan seluruh orang di keluarga itu. Kalau kamu, punya nggak peliharaan kucing yang lucu, menggemaskan, mungkin yang... bisa diceritain dong gimana kucingmu itu.","[{""word"": ""Nah,"", ""langid"": ""other""}, {""word"": ""itulah"", ""langid"": ""other""}, {""word"": ""deskripsi"", ""langid"": ""other""}, {""word"": ""dari"", ""langid"": ""other""}, {""word"": ""peliharaanku."", ""langid"": ""other""}, {""word"": ""Bukan"", ""langid"": ""other""}, {""word"": ""peliharaanku"", ""langid"": ""other""}, {""word"": ""sih,"", ""langid"": ""other""}, {""word"": ""peliharaan"", ""langid"": ""other""}, {""word"": ""adekku"", ""langid"": ""other""}, {""word"": ""sing"", ""langid"": ""other""}, {""word"": ""ndek"", ""langid"": ""other""}, {""word"": ""omah."", ""langid"": ""other""}, {""word"": ""Tapi"", ""langid"": ""other""}, {""word"": ""ya,"", ""langid"": ""other""}, {""word"": ""otomatis"", ""langid"": ""other""}, {""word"": ""jadi"", ""langid"": ""other""}, {""word"": ""peliharaan"", ""langid"": ""other""}, {""word"": ""seluruh"", ""langid"": ""other""}, {""word"": ""orang"", ""langid"": ""other""}, {""word"": ""di"", ""langid"": ""other""}, {""word"": ""keluarga"", ""langid"": ""other""}, {""word"": ""itu."", ""langid"": ""other""}, {""word"": ""Kalau"", ""langid"": ""other""}, {""word"": ""kamu,"", ""langid"": ""other""}, {""word"": ""punya"", ""langid"": ""other""}, {""word"": ""nggak"", ""langid"": ""other""}, {""word"": ""peliharaan"", ""langid"": ""other""}, {""word"": ""kucing"", ""langid"": ""other""}, {""word"": ""yang"", ""langid"": ""other""}, {""word"": ""lucu,"", ""langid"": ""other""}, {""word"": ""menggemaskan,"", ""langid"": ""other""}, {""word"": ""mungkin"", ""langid"": ""other""}, {""word"": ""yang..."", ""langid"": ""other""}, {""word"": ""bisa"", ""langid"": ""other""}, {""word"": ""diceritain"", ""langid"": ""other""}, {""word"": ""dong"", ""langid"": ""other""}, {""word"": ""gimana"", ""langid"": ""other""}, {""word"": ""kucingmu"", ""langid"": ""other""}, {""word"": ""itu."", ""langid"": ""other""}]","Nah, itulah deskripsi dari peliharaanku. Bukan peliharaanku sih, peliharaan adekku sing ndek omah, tapi ya otomatis jadi peliharaan seluruh orang di keluarga itu. Kalau kamu punya nggak peliharaan kucing yang lucu, menggembarkan mungkin yang bisa diceritain dong, gimana kucingmu itu?",Indonesian,[],0.025,40,1,0.22580793358131565,0.22580793358131565,
processed_indonesia/first_full_run_data_mix_commonvoice/03_augmented_audio/indonesian_dev_dc6ec2e8a22743008674eb6a83cd9540__part_1__noise_01.wav,"Kamu kalau bilang PR, ngomongin soal PR, aku tuh jadi mikir kayak agak merasa aneh tapi juga nggak aneh.","[{""word"": ""Kamu"", ""langid"": ""other""}, {""word"": ""kalau"", ""langid"": ""other""}, {""word"": ""bilang"", ""langid"": ""other""}, {""word"": ""PR,"", ""langid"": ""other""}, {""word"": ""ngomongin"", ""langid"": ""other""}, {""word"": ""soal"", ""langid"": ""other""}, {""word"": ""PR,"", ""langid"": ""other""}, {""word"": ""aku"", ""langid"": ""other""}, {""word"": ""tuh"", ""langid"": ""other""}, {""word"": ""jadi"", ""langid"": ""other""}, {""word"": ""mikir"", ""langid"": ""other""}, {""word"": ""kayak"", ""langid"": ""other""}, {""word"": ""agak"", ""langid"": ""other""}, {""word"": ""merasa"", ""langid"": ""other""}, {""word"": ""aneh"", ""langid"": ""other""}, {""word"": ""tapi"", ""langid"": ""other""}, {""word"": ""juga"", ""langid"": ""other""}, {""word"": ""nggak"", ""langid"": ""other""}, {""word"": ""aneh."", ""langid"": ""other""}]","Kamu kalau bilang PR, ngomongin soal PR, aku tuh jadi mikir kayak agak merasa aneh tapi juga nggak aneh.",Indonesian,[],0.0,19,0,0.22580793358131565,0.22580793358131565,
processed_indonesia/first_full_run_data_mix_commonvoice/03_augmented_audio/indonesian_dev_77d4a9ff4e01452bb83a2f09efbe9413__noise_02.wav,"Cuma ya memang rodo angel sih, kadang-kadang HP sing nganggo internet ki iso aku beberapa kali ketinggalan info kalau ada pengumuman-pengumuman yang ... dikirim di grup Line. Jadi suka lebih lama nerimanya. Soalnya aku baru bisa buka waktu pakai laptop.","[{""word"": ""Cuma"", ""langid"": ""other""}, {""word"": ""ya"", ""langid"": ""other""}, {""word"": ""memang"", ""langid"": ""other""}, {""word"": ""rodo"", ""langid"": ""other""}, {""word"": ""angel"", ""langid"": ""other""}, {""word"": ""sih,"", ""langid"": ""other""}, {""word"": ""kadang-kadang"", ""langid"": ""other""}, {""word"": ""HP"", ""langid"": ""other""}, {""word"": ""sing"", ""langid"": ""other""}, {""word"": ""nganggo"", ""langid"": ""other""}, {""word"": ""internet"", ""langid"": ""other""}, {""word"": ""ki"", ""langid"": ""other""}, {""word"": ""iso"", ""langid"": ""other""}, {""word"": ""aku"", ""langid"": ""other""}, {""word"": ""beberapa"", ""langid"": ""other""}, {""word"": ""kali"", ""langid"": ""other""}, {""word"": ""ketinggalan"", ""langid"": ""other""}, {""word"": ""info"", ""langid"": ""other""}, {""word"": ""kalau"", ""langid"": ""other""}, {""word"": ""ada"", ""langid"": ""other""}, {""word"": ""pengumuman-pengumuman"", ""langid"": ""other""}, {""word"": ""yang"", ""langid"": ""other""}, {""word"": ""..."", ""langid"": ""other""}, {""word"": ""dikirim"", ""langid"": ""other""}, {""word"": ""di"", ""langid"": ""other""}, {""word"": ""grup"", ""langid"": ""other""}, {""word"": ""Line."", ""langid"": ""other""}, {""word"": ""Jadi"", ""langid"": ""other""}, {""word"": ""suka"", ""langid"": ""other""}, {""word"": ""lebih"", ""langid"": ""other""}, {""word"": ""lama"", ""langid"": ""other""}, {""word"": ""nerimanya."", ""langid"": ""other""}, {""word"": ""Soalnya"", ""langid"": ""other""}, {""word"": ""aku"", ""langid"": ""other""}, {""word"": ""baru"", ""langid"": ""other""}, {""word"": ""bisa"", ""langid"": ""other""}, {""word"": ""buka"", ""langid"": ""other""}, {""word"": ""waktu"", ""langid"": ""other""}, {""word"": ""pakai"", ""langid"": ""other""}, {""word"": ""laptop."", ""langid"": ""other""}]","Cuma ya, memang laptop angel sih, kadang-kadang HP sing nganggo internet iki iso aku beberapa kali ketinggalan info kalau ada pengumuman-pengumuman yang disampai, dikirim di grup lain. Jadi, suka lebih lama diterimanya soale aku baru bisa buka waktu pakai laptop.",Indonesian,[],0.15384615384615385,39,6,0.22580793358131565,0.22580793358131565,
processed_indonesia/first_full_run_data_mix_commonvoice/01_segments/indonesian_dev_e242e119723044c49af3f43a5bea5fad.wav,"Terus aku ngomong deh, ""yah gak apa-apa bu"". 'Kan penasaran gitu. Terus aku baca-baca sampai e... habis kayaknya. Dan ini wali kelasku waktu kelas lima itu, dia notice kalau aku itu suka baca sejarah. Dan kebetulan... waktu itu tuh... e... Aku lupa ya kelas lima atau kelas enam, kelas enam deh kayaké. Waktu kelas enam itu ada lomba ini... lomba mapel pelajaran 'kan.","[{""word"": ""Terus"", ""langid"": ""other""}, {""word"": ""aku"", ""langid"": ""other""}, {""word"": ""ngomong"", ""langid"": ""other""}, {""word"": ""deh,"", ""langid"": ""other""}, {""word"": ""\""yah"", ""langid"": ""other""}, {""word"": ""gak"", ""langid"": ""other""}, {""word"": ""apa-apa"", ""langid"": ""other""}, {""word"": ""bu\""."", ""langid"": ""other""}, {""word"": ""'Kan"", ""langid"": ""other""}, {""word"": ""penasaran"", ""langid"": ""other""}, {""word"": ""gitu."", ""langid"": ""other""}, {""word"": ""Terus"", ""langid"": ""other""}, {""word"": ""aku"", ""langid"": ""other""}, {""word"": ""baca-baca"", ""langid"": ""other""}, {""word"": ""sampai"", ""langid"": ""other""}, {""word"": ""e..."", ""langid"": ""other""}, {""word"": ""habis"", ""langid"": ""other""}, {""word"": ""kayaknya."", ""langid"": ""other""}, {""word"": ""Dan"", ""langid"": ""other""}, {""word"": ""ini"", ""langid"": ""other""}, {""word"": ""wali"", ""langid"": ""other""}, {""word"": ""kelasku"", ""langid"": ""other""}, {""word"": ""waktu"", ""langid"": ""other""}, {""word"": ""kelas"", ""langid"": ""other""}, {""word"": ""lima"", ""langid"": ""other""}, {""word"": ""itu,"", ""langid"": ""other""}, {""word"": ""dia"", ""langid"": ""other""}, {""word"": ""notice"", ""langid"": ""other""}, {""word"": ""kalau"", ""langid"": ""other""}, {""word"": ""aku"", ""langid"": ""other""}, {""word"": ""itu"", ""langid"": ""other""}, {""word"": ""suka"", ""langid"": ""other""}, {""word"": ""baca"", ""langid"": ""other""}, {""word"": ""sejarah."", ""langid"": ""other""}, {""word"": ""Dan"", ""langid"": ""other""}, {""word"": ""kebetulan..."", ""langid"": ""other""}, {""word"": ""waktu"", ""langid"": ""other""}, {""word"": ""itu"", ""langid"": ""other""}, {""word"": ""tuh..."", ""langid"": ""other""}, {""word"": ""e..."", ""langid"": ""other""}, {""word"": ""Aku"", ""langid"": ""other""}, {""word"": ""lupa"", ""langid"": ""other""}, {""word"": ""ya"", ""langid"": ""other""}, {""word"": ""kelas"", ""langid"": ""other""}, {""word"": ""lima"", ""langid"": ""other""}, {""word"": ""atau"", ""langid"": ""other""}, {""word"": ""kelas"", ""langid"": ""other""}, {""word"": ""enam,"", ""langid"": ""other""}, {""word"": ""kelas"", ""langid"": ""other""}, {""word"": ""enam"", ""langid"": ""other""}, {""word"": ""deh"", ""langid"": ""other""}, {""word"": ""kayaké."", ""langid"": ""other""}, {""word"": ""Waktu"", ""langid"": ""other""}, {""word"": ""kelas"", ""langid"": ""other""}, {""word"": ""enam"", ""langid"": ""other""}, {""word"": ""itu"", ""langid"": ""other""}, {""word"": ""ada"", ""langid"": ""other""}, {""word"": ""lomba"", ""langid"": ""other""}, {""word"": ""ini..."", ""langid"": ""other""}, {""word"": ""lomba"", ""langid"": ""other""}, {""word"": ""mapel"", ""langid"": ""other""}, {""word"": ""pelajaran"", ""langid"": ""other""}, {""word"": ""'kan."", ""langid"": ""other""}]","Terus aku ngomong deh, ya nggak apa-apa bu, 'kan penasaran gitu. Terus aku baca-baca sampai e... habis kayaknya. Dan ini wali kelasku waktu kelas lima itu, dia notice kalau aku itu suka baca sejarah. Dan kebetulan waktu itu tuh e... aku lupa ya kelas lima atau kelas enam, kelas enam dek e. Waktu kelas enam itu ada lomba ini, lomba mapel pelajaran kelas lima.",Indonesian,[],0.09523809523809523,63,6,0.22580793358131565,0.22580793358131565,
processed_indonesia/first_full_run_data_mix_commonvoice/03_augmented_audio/indonesian_dev_23a40ea0a4354d088b520e34d146f044__part_1__noise_01.wav,"Di tiga lomba itu akhirnya kayaknya kami gak ada yang menang, sih. Haha. Ya cuma ikut aja. Akhirnya tampil dan pentas, cuma gak ada yang menang tapi ya nggak apa-apa soalnya baru kerasa dan sadar gitu bahwa sekolah-sekolah lain ... ekskul","[{""word"": ""Di"", ""langid"": ""other""}, {""word"": ""tiga"", ""langid"": ""other""}, {""word"": ""lomba"", ""langid"": ""other""}, {""word"": ""itu"", ""langid"": ""other""}, {""word"": ""akhirnya"", ""langid"": ""other""}, {""word"": ""kayaknya"", ""langid"": ""other""}, {""word"": ""kami"", ""langid"": ""other""}, {""word"": ""gak"", ""langid"": ""other""}, {""word"": ""ada"", ""langid"": ""other""}, {""word"": ""yang"", ""langid"": ""other""}, {""word"": ""menang,"", ""langid"": ""other""}, {""word"": ""sih."", ""langid"": ""other""}, {""word"": ""Haha."", ""langid"": ""other""}, {""word"": ""Ya"", ""langid"": ""other""}, {""word"": ""cuma"", ""langid"": ""other""}, {""word"": ""ikut"", ""langid"": ""other""}, {""word"": ""aja."", ""langid"": ""other""}, {""word"": ""Akhirnya"", ""langid"": ""other""}, {""word"": ""tampil"", ""langid"": ""other""}, {""word"": ""dan"", ""langid"": ""other""}, {""word"": ""pentas,"", ""langid"": ""other""}, {""word"": ""cuma"", ""langid"": ""other""}, {""word"": ""gak"", ""langid"": ""other""}, {""word"": ""ada"", ""langid"": ""other""}, {""word"": ""yang"", ""langid"": ""other""}, {""word"": ""menang"", ""langid"": ""other""}, {""word"": ""tapi"", ""langid"": ""other""}, {""word"": ""ya"", ""langid"": ""other""}, {""word"": ""nggak"", ""langid"": ""other""}, {""word"": ""apa-apa"", ""langid"": ""other""}, {""word"": ""soalnya"", ""langid"": ""other""}, {""word"": ""baru"", ""langid"": ""other""}, {""word"": ""kerasa"", ""langid"": ""other""}, {""word"": ""dan"", ""langid"": ""other""}, {""word"": ""sadar"", ""langid"": ""other""}, {""word"": ""gitu"", ""langid"": ""other""}, {""word"": ""bahwa"", ""langid"": ""other""}, {""word"": ""sekolah-sekolah"", ""langid"": ""other""}, {""word"": ""lain"", ""langid"": ""other""}, {""word"": ""..."", ""langid"": ""other""}, {""word"": ""ekskul"", ""langid"": ""other""}]","Nah, di tiga lomba itu akhirnya, kayaknya, kami gak ada yang menang sih. Ya, cuma ikut aja akhirnya, tampil dan lintas. Cuma gak ada yang menang. Tapi ya, gak apa-apa, soalnya baru kerasa dan sadar gitu bahwa sekolah-sekolah lain",Indonesian,[],0.125,40,5,0.22580793358131565,0.22580793358131565,
processed_indonesia/first_full_run_data_mix_commonvoice/03_augmented_audio/indonesian_dev_6d119f5087e94dc99d428ca99f16ad94__noise_02.wav,"Betul banget jadi recalling materi 'kan. Nah enaknya itu kan kerjanya di sekolah. Itu sih kadang yang tak pikirin, kayak ngapain aku belajar lagi di rumah gitu loh, di rumah buat istirahat aja, terus kerjainnya di sekolah supaya ya belajarnya di sekolah gitu, hehe.","[{""word"": ""Betul"", ""langid"": ""other""}, {""word"": ""banget"", ""langid"": ""other""}, {""word"": ""jadi"", ""langid"": ""other""}, {""word"": ""recalling"", ""langid"": ""other""}, {""word"": ""materi"", ""langid"": ""other""}, {""word"": ""'kan."", ""langid"": ""other""}, {""word"": ""Nah"", ""langid"": ""other""}, {""word"": ""enaknya"", ""langid"": ""other""}, {""word"": ""itu"", ""langid"": ""other""}, {""word"": ""kan"", ""langid"": ""other""}, {""word"": ""kerjanya"", ""langid"": ""other""}, {""word"": ""di"", ""langid"": ""other""}, {""word"": ""sekolah."", ""langid"": ""other""}, {""word"": ""Itu"", ""langid"": ""other""}, {""word"": ""sih"", ""langid"": ""other""}, {""word"": ""kadang"", ""langid"": ""other""}, {""word"": ""yang"", ""langid"": ""other""}, {""word"": ""tak"", ""langid"": ""other""}, {""word"": ""pikirin,"", ""langid"": ""other""}, {""word"": ""kayak"", ""langid"": ""other""}, {""word"": ""ngapain"", ""langid"": ""other""}, {""word"": ""aku"", ""langid"": ""other""}, {""word"": ""belajar"", ""langid"": ""other""}, {""word"": ""lagi"", ""langid"": ""other""}, {""word"": ""di"", ""langid"": ""other""}, {""word"": ""rumah"", ""langid"": ""other""}, {""word"": ""gitu"", ""langid"": ""other""}, {""word"": ""loh,"", ""langid"": ""other""}, {""word"": ""di"", ""langid"": ""other""}, {""word"": ""rumah"", ""langid"": ""other""}, {""word"": ""buat"", ""langid"": ""other""}, {""word"": ""istirahat"", ""langid"": ""other""}, {""word"": ""aja,"", ""langid"": ""other""}, {""word"": ""terus"", ""langid"": ""other""}, {""word"": ""kerjainnya"", ""langid"": ""other""}, {""word"": ""di"", ""langid"": ""other""}, {""word"": ""sekolah"", ""langid"": ""other""}, {""word"": ""supaya"", ""langid"": ""other""}, {""word"": ""ya"", ""langid"": ""other""}, {""word"": ""belajarnya"", ""langid"": ""other""}, {""word"": ""di"", ""langid"": ""other""}, {""word"": ""sekolah"", ""langid"": ""other""}, {""word"": ""gitu,"", ""langid"": ""other""}, {""word"": ""hehe."", ""langid"": ""other""}]","Betul dong, ngejajal diri koh ling materi 'kan. Nah, enaknya itu 'kan ngejajalnya di sekolah. Itu sih, kadang yang tak pikirin, kayak ngapain aku belajar habis di rumah gitu loh, di rumah tuh ya istirahat aja. Terus, ngejajal ini di sekolah supaya ya belajarnya di sekolah gitu, hehe.",Indonesian,[],0.25,44,11,0.22580793358131565,0.22580793358131565,
processed_indonesia/first_full_run_data_mix_commonvoice/03_augmented_audio/indonesian_dev_03f2aa9e6a44423fbad778cddbd52645__noise_01.wav,"Pokokmen sing penting buat apa ya self reward gitu apa jalan-jalan gitu, harus yang emang aku seneng dan gak memberatkan juga tentunya gak bikin pekerjaanku jadi keteteran. Jadi pokoknya aku harus bisa ngatur waktu juga supaya gak terlalu fokus seneng-senengnya gitu tapi tetap harus fokus kerja juga.","[{""word"": ""Pokokmen"", ""langid"": ""other""}, {""word"": ""sing"", ""langid"": ""other""}, {""word"": ""penting"", ""langid"": ""other""}, {""word"": ""buat"", ""langid"": ""other""}, {""word"": ""apa"", ""langid"": ""other""}, {""word"": ""ya"", ""langid"": ""other""}, {""word"": ""self"", ""langid"": ""other""}, {""word"": ""reward"", ""langid"": ""other""}, {""word"": ""gitu"", ""langid"": ""other""}, {""word"": ""apa"", ""langid"": ""other""}, {""word"": ""jalan-jalan"", ""langid"": ""other""}, {""word"": ""gitu,"", ""langid"": ""other""}, {""word"": ""harus"", ""langid"": ""other""}, {""word"": ""yang"", ""langid"": ""other""}, {""word"": ""emang"", ""langid"": ""other""}, {""word"": ""aku"", ""langid"": ""other""}, {""word"": ""seneng"", ""langid"": ""other""}, {""word"": ""dan"", ""langid"": ""other""}, {""word"": ""gak"", ""langid"": ""other""}, {""word"": ""memberatkan"", ""langid"": ""other""}, {""word"": ""juga"", ""langid"": ""other""}, {""word"": ""tentunya"", ""langid"": ""other""}, {""word"": ""gak"", ""langid"": ""other""}, {""word"": ""bikin"", ""langid"": ""other""}, {""word"": ""pekerjaanku"", ""langid"": ""other""}, {""word"": ""jadi"", ""langid"": ""other""}, {""word"": ""keteteran."", ""langid"": ""other""}, {""word"": ""Jadi"", ""langid"": ""other""}, {""word"": ""pokoknya"", ""langid"": ""other""}, {""word"": ""aku"", ""langid"": ""other""}, {""word"": ""harus"", ""langid"": ""other""}, {""word"": ""bisa"", ""langid"": ""other""}, {""word"": ""ngatur"", ""langid"": ""other""}, {""word"": ""waktu"", ""langid"": ""other""}, {""word"": ""juga"", ""langid"": ""other""}, {""word"": ""supaya"", ""langid"": ""other""}, {""word"": ""gak"", ""langid"": ""other""}, {""word"": ""terlalu"", ""langid"": ""other""}, {""word"": ""fokus"", ""langid"": ""other""}, {""word"": ""seneng-senengnya"", ""langid"": ""other""}, {""word"": ""gitu"", ""langid"": ""other""}, {""word"": ""tapi"", ""langid"": ""other""}, {""word"": ""tetap"", ""langid"": ""other""}, {""word"": ""harus"", ""langid"": ""other""}, {""word"": ""fokus"", ""langid"": ""other""}, {""word"": ""kerja"", ""langid"": ""other""}, {""word"": ""juga."", ""langid"": ""other""}]","Pokoknya, sing penting buat apa ya, self reward gitu, apa jalan-jalan gitu, harus yang emang aku seneng dan gak memberatkan juga. Tentunya gak bikin pekerjaanku jadi keteteran. Jadi, pokoknya aku harus bisa ngatur waktu juga supaya gak terlalu fokus seneng-senengnya gitu, tapi tetap harus fokus kerja juga.",Indonesian,[],0.02127659574468085,47,1,0.22580793358131565,0.22580793358131565,
processed_indonesia/first_full_run_data_mix_commonvoice/03_augmented_audio/indonesian_dev_2c35dc200e004301a0d07cd516f801d6__noise_02.wav,"Dan nih kata Umi, Umi tu ngarani ne dekne pinter. Tapi menurut kataku sih, kadang orang-orang kayak gitu tuh sudah bikin kesepakatan dulu nggak sih sebelumnya kayak do's and dont's-nya, gitu. Terus kalau dari cerita Umi itu pernah ada, emang. Tapi wonge ki yo posisinya tuh gek di luar desa gitu loh. Jadi gak ada di dalam desa","[{""word"": ""Dan"", ""langid"": ""other""}, {""word"": ""nih"", ""langid"": ""other""}, {""word"": ""kata"", ""langid"": ""other""}, {""word"": ""Umi,"", ""langid"": ""other""}, {""word"": ""Umi"", ""langid"": ""other""}, {""word"": ""tu"", ""langid"": ""other""}, {""word"": ""ngarani"", ""langid"": ""other""}, {""word"": ""ne"", ""langid"": ""other""}, {""word"": ""dekne"", ""langid"": ""other""}, {""word"": ""pinter."", ""langid"": ""other""}, {""word"": ""Tapi"", ""langid"": ""other""}, {""word"": ""menurut"", ""langid"": ""other""}, {""word"": ""kataku"", ""langid"": ""other""}, {""word"": ""sih,"", ""langid"": ""other""}, {""word"": ""kadang"", ""langid"": ""other""}, {""word"": ""orang-orang"", ""langid"": ""other""}, {""word"": ""kayak"", ""langid"": ""other""}, {""word"": ""gitu"", ""langid"": ""other""}, {""word"": ""tuh"", ""langid"": ""other""}, {""word"": ""sudah"", ""langid"": ""other""}, {""word"": ""bikin"", ""langid"": ""other""}, {""word"": ""kesepakatan"", ""langid"": ""other""}, {""word"": ""dulu"", ""langid"": ""other""}, {""word"": ""nggak"", ""langid"": ""other""}, {""word"": ""sih"", ""langid"": ""other""}, {""word"": ""sebelumnya"", ""langid"": ""other""}, {""word"": ""kayak"", ""langid"": ""other""}, {""word"": ""do's"", ""langid"": ""other""}, {""word"": ""and"", ""langid"": ""other""}, {""word"": ""dont's-nya,"", ""langid"": ""other""}, {""word"": ""gitu."", ""langid"": ""other""}, {""word"": ""Terus"", ""langid"": ""other""}, {""word"": ""kalau"", ""langid"": ""other""}, {""word"": ""dari"", ""langid"": ""other""}, {""word"": ""cerita"", ""langid"": ""other""}, {""word"": ""Umi"", ""langid"": ""other""}, {""word"": ""itu"", ""langid"": ""other""}, {""word"": ""pernah"", ""langid"": ""other""}, {""word"": ""ada,"", ""langid"": ""other""}, {""word"": ""emang."", ""langid"": ""other""}, {""word"": ""Tapi"", ""langid"": ""other""}, {""word"": ""wonge"", ""langid"": ""other""}, {""word"": ""ki"", ""langid"": ""other""}, {""word"": ""yo"", ""langid"": ""other""}, {""word"": ""posisinya"", ""langid"": ""other""}, {""word"": ""tuh"", ""langid"": ""other""}, {""word"": ""gek"", ""langid"": ""other""}, {""word"": ""di"", ""langid"": ""other""}, {""word"": ""luar"", ""langid"": ""other""}, {""word"": ""desa"", ""langid"": ""other""}, {""word"": ""gitu"", ""langid"": ""other""}, {""word"": ""loh."", ""langid"": ""other""}, {""word"": ""Jadi"", ""langid"": ""other""}, {""word"": ""gak"", ""langid"": ""other""}, {""word"": ""ada"", ""langid"": ""other""}, {""word"": ""di"", ""langid"": ""other""}, {""word"": ""dalam"", ""langid"": ""other""}, {""word"": ""desa"", ""langid"": ""other""}]","Dan nek kata omi, omi tuh ngarane dek ne pintar, tapi nek kataku sih, kadang wong-wong kayak gitu tuh udah bikin sepak-sepakatan dulu nggak sih sebelumnya, kayak distanjaksnya gitu. Terus kalau dari cerita omi itu pernah ada emang, tapi wonge iki ya posisinya tuh kayak di luar desa gitu loh, jadi nggak ada di dalam desa.",Indonesian,[],0.3448275862068966,58,20,0.22580793358131565,0.22580793358131565,
processed_indonesia/first_full_run_data_mix_commonvoice/01_segments/indonesian_dev_5bd8f3e4603244c5970cb1817de27aa2__part_1.wav,"Kami masak lebih banyak gitu porsinya. Harus banyak yang ditambahi tapi nggak, ya, ketoke ngukure ra pas banget. Cuma ternyata, hasilnya tuh bisa enak banget dan pas gitu, porsinya. Semuanya yang ngicipi, sekelas pada suka. Terus, kami juga makan bareng-bareng gitu di kelas,","[{""word"": ""Kami"", ""langid"": ""other""}, {""word"": ""masak"", ""langid"": ""other""}, {""word"": ""lebih"", ""langid"": ""other""}, {""word"": ""banyak"", ""langid"": ""other""}, {""word"": ""gitu"", ""langid"": ""other""}, {""word"": ""porsinya."", ""langid"": ""other""}, {""word"": ""Harus"", ""langid"": ""other""}, {""word"": ""banyak"", ""langid"": ""other""}, {""word"": ""yang"", ""langid"": ""other""}, {""word"": ""ditambahi"", ""langid"": ""other""}, {""word"": ""tapi"", ""langid"": ""other""}, {""word"": ""nggak,"", ""langid"": ""other""}, {""word"": ""ya,"", ""langid"": ""other""}, {""word"": ""ketoke"", ""langid"": ""other""}, {""word"": ""ngukure"", ""langid"": ""other""}, {""word"": ""ra"", ""langid"": ""other""}, {""word"": ""pas"", ""langid"": ""other""}, {""word"": ""banget."", ""langid"": ""other""}, {""word"": ""Cuma"", ""langid"": ""other""}, {""word"": ""ternyata,"", ""langid"": ""other""}, {""word"": ""hasilnya"", ""langid"": ""other""}, {""word"": ""tuh"", ""langid"": ""other""}, {""word"": ""bisa"", ""langid"": ""other""}, {""word"": ""enak"", ""langid"": ""other""}, {""word"": ""banget"", ""langid"": ""other""}, {""word"": ""dan"", ""langid"": ""other""}, {""word"": ""pas"", ""langid"": ""other""}, {""word"": ""gitu,"", ""langid"": ""other""}, {""word"": ""porsinya."", ""langid"": ""other""}, {""word"": ""Semuanya"", ""langid"": ""other""}, {""word"": ""yang"", ""langid"": ""other""}, {""word"": ""ngicipi,"", ""langid"": ""other""}, {""word"": ""sekelas"", ""langid"": ""other""}, {""word"": ""pada"", ""langid"": ""other""}, {""word"": ""suka."", ""langid"": ""other""}, {""word"": ""Terus,"", ""langid"": ""other""}, {""word"": ""kami"", ""langid"": ""other""}, {""word"": ""juga"", ""langid"": ""other""}, {""word"": ""makan"", ""langid"": ""other""}, {""word"": ""bareng-bareng"", ""langid"": ""other""}, {""word"": ""gitu"", ""langid"": ""other""}, {""word"": ""di"", ""langid"": ""other""}, {""word"": ""kelas,"", ""langid"": ""other""}]","Kami masak lebih banyak gitu porsinya, harus banyak yang ditambahi, tapi enggak, ya ketoke ngukuré rampas banget. Cuma ternyata, hasilnya tuh bisa enak banget dan pas gitu, porsinya, semuanya yangicipi sekelas pada suka. Terus, kami juga makan bareng-bareng gitu di kelas.",Indonesian,[],0.13953488372093023,43,6,0.22580793358131565,0.22580793358131565,
processed_indonesia/first_full_run_data_mix_commonvoice/03_augmented_audio/indonesian_dev_1c7c6088d5194b18ac19d5030e52e469__noise_02.wav,"Jadi biasanya itu yang tak kita lakuin. Paling ya.. paling sering ya biasanya jalan-jalan di tempat yang deket-deket, makan-makan gitu. Dan yang pengen juga sering tak lakuin di masa depan itu jalan-jalan keluar kota po pergi-pergi ketempat yang jauh. Itu bisa bikin aku jadi semangat cari duit dan kerja biar bisa jalan-jalan.","[{""word"": ""Jadi"", ""langid"": ""other""}, {""word"": ""biasanya"", ""langid"": ""other""}, {""word"": ""itu"", ""langid"": ""other""}, {""word"": ""yang"", ""langid"": ""other""}, {""word"": ""tak"", ""langid"": ""other""}, {""word"": ""kita"", ""langid"": ""other""}, {""word"": ""lakuin."", ""langid"": ""other""}, {""word"": ""Paling"", ""langid"": ""other""}, {""word"": ""ya.."", ""langid"": ""other""}, {""word"": ""paling"", ""langid"": ""other""}, {""word"": ""sering"", ""langid"": ""other""}, {""word"": ""ya"", ""langid"": ""other""}, {""word"": ""biasanya"", ""langid"": ""other""}, {""word"": ""jalan-jalan"", ""langid"": ""other""}, {""word"": ""di"", ""langid"": ""other""}, {""word"": ""tempat"", ""langid"": ""other""}, {""word"": ""yang"", ""langid"": ""other""}, {""word"": ""deket-deket,"", ""langid"": ""other""}, {""word"": ""makan-makan"", ""langid"": ""other""}, {""word"": ""gitu."", ""langid"": ""other""}, {""word"": ""Dan"", ""langid"": ""other""}, {""word"": ""yang"", ""langid"": ""other""}, {""word"": ""pengen"", ""langid"": ""other""}, {""word"": ""juga"", ""langid"": ""other""}, {""word"": ""sering"", ""langid"": ""other""}, {""word"": ""tak"", ""langid"": ""other""}, {""word"": ""lakuin"", ""langid"": ""other""}, {""word"": ""di"", ""langid"": ""other""}, {""word"": ""masa"", ""langid"": ""other""}, {""word"": ""depan"", ""langid"": ""other""}, {""word"": ""itu"", ""langid"": ""other""}, {""word"": ""jalan-jalan"", ""langid"": ""other""}, {""word"": ""keluar"", ""langid"": ""other""}, {""word"": ""kota"", ""langid"": ""other""}, {""word"": ""po"", ""langid"": ""other""}, {""word"": ""pergi-pergi"", ""langid"": ""other""}, {""word"": ""ketempat"", ""langid"": ""other""}, {""word"": ""yang"", ""langid"": ""other""}, {""word"": ""jauh."", ""langid"": ""other""}, {""word"": ""Itu"", ""langid"": ""other""}, {""word"": ""bisa"", ""langid"": ""other""}, {""word"": ""bikin"", ""langid"": ""other""}, {""word"": ""aku"", ""langid"": ""other""}, {""word"": ""jadi"", ""langid"": ""other""}, {""word"": ""semangat"", ""langid"": ""other""}, {""word"": ""cari"", ""langid"": ""other""}, {""word"": ""duit"", ""langid"": ""other""}, {""word"": ""dan"", ""langid"": ""other""}, {""word"": ""kerja"", ""langid"": ""other""}, {""word"": ""biar"", ""langid"": ""other""}, {""word"": ""bisa"", ""langid"": ""other""}, {""word"": ""jalan-jalan."", ""langid"": ""other""}]","Ya, jadi biasa itu yang tak lakuin, e... paling ya, paling sering ya biasanya, jalan-jalan di tempat yang dekat-dekat, makan-makan gitu. Dan, yang pingin juga, sering tak lakuin di masa depan, yaitu jalan-jalan ke luar kota, opo pergi-pergi ke tempat yang jauh. Itu bisa bikin aku jadi semangat, jadi duwe dan kerja, biar bisa jalan-jalan.",Indonesian,[],0.2692307692307692,52,14,0.22580793358131565,0.22580793358131565,
processed_indonesia/first_full_run_data_mix_commonvoice/03_augmented_audio/indonesian_dev_62eada24de7e44a0839963d2f9b45dfe__noise_02.wav,"Oke, aku mau cerita pengalamanku liburan bareng keluarga. Oke. sebenere keluargaku tuh, jarang banget liburan ke tempat wisata gitu ya. Mungkin pas aku kecil sih, ada lumayan beberapa kali dalam setahun gitu pergi ke kayak kebun binatang ya, apa tempat permainan-permainan gitu.","[{""word"": ""Oke,"", ""langid"": ""other""}, {""word"": ""aku"", ""langid"": ""other""}, {""word"": ""mau"", ""langid"": ""other""}, {""word"": ""cerita"", ""langid"": ""other""}, {""word"": ""pengalamanku"", ""langid"": ""other""}, {""word"": ""liburan"", ""langid"": ""other""}, {""word"": ""bareng"", ""langid"": ""other""}, {""word"": ""keluarga."", ""langid"": ""other""}, {""word"": ""Oke."", ""langid"": ""other""}, {""word"": ""sebenere"", ""langid"": ""other""}, {""word"": ""keluargaku"", ""langid"": ""other""}, {""word"": ""tuh,"", ""langid"": ""other""}, {""word"": ""jarang"", ""langid"": ""other""}, {""word"": ""banget"", ""langid"": ""other""}, {""word"": ""liburan"", ""langid"": ""other""}, {""word"": ""ke"", ""langid"": ""other""}, {""word"": ""tempat"", ""langid"": ""other""}, {""word"": ""wisata"", ""langid"": ""other""}, {""word"": ""gitu"", ""langid"": ""other""}, {""word"": ""ya."", ""langid"": ""other""}, {""word"": ""Mungkin"", ""langid"": ""other""}, {""word"": ""pas"", ""langid"": ""other""}, {""word"": ""aku"", ""langid"": ""other""}, {""word"": ""kecil"", ""langid"": ""other""}, {""word"": ""sih,"", ""langid"": ""other""}, {""word"": ""ada"", ""langid"": ""other""}, {""word"": ""lumayan"", ""langid"": ""other""}, {""word"": ""beberapa"", ""langid"": ""other""}, {""word"": ""kali"", ""langid"": ""other""}, {""word"": ""dalam"", ""langid"": ""other""}, {""word"": ""setahun"", ""langid"": ""other""}, {""word"": ""gitu"", ""langid"": ""other""}, {""word"": ""pergi"", ""langid"": ""other""}, {""word"": ""ke"", ""langid"": ""other""}, {""word"": ""kayak"", ""langid"": ""other""}, {""word"": ""kebun"", ""langid"": ""other""}, {""word"": ""binatang"", ""langid"": ""other""}, {""word"": ""ya,"", ""langid"": ""other""}, {""word"": ""apa"", ""langid"": ""other""}, {""word"": ""tempat"", ""langid"": ""other""}, {""word"": ""permainan-permainan"", ""langid"": ""other""}, {""word"": ""gitu."", ""langid"": ""other""}]","Oke, aku mau cerita pengalamanku liburan bareng keluarga. Oke. Sebenernya, keluargaku tuh jarang banget liburan ke tempat wisata gitu, ya. Mungkin pas aku kecil, sih, ada lumayan beberapa kali dalam setahun, gitu, pergi ke kayak kebun binatang, ya, apa tempat permainan-permainan, gitu.",Indonesian,[],0.023809523809523808,42,1,0.22580793358131565,0.22580793358131565,
processed_indonesia/first_full_run_data_mix_commonvoice/03_augmented_audio/indonesian_dev_cd10a05a1acf4924afbff32482daa797__noise_01.wav,"Ya, itu ya, unik ya, jadi memang tempat-tempat bersejarah di berbagai dunia, di berbagai wilayah, di Indonesia atau di dunia itu pasti ya menarik banyak orang daari dalam negeri maupun luar negeri buat berkunjung dan apa ya, belajar di sana. Kalau kamu punya tempat apa, buat, yang pengen kamu kunjungi di masa depan?","[{""word"": ""Ya,"", ""langid"": ""other""}, {""word"": ""itu"", ""langid"": ""other""}, {""word"": ""ya,"", ""langid"": ""other""}, {""word"": ""unik"", ""langid"": ""other""}, {""word"": ""ya,"", ""langid"": ""other""}, {""word"": ""jadi"", ""langid"": ""other""}, {""word"": ""memang"", ""langid"": ""other""}, {""word"": ""tempat-tempat"", ""langid"": ""other""}, {""word"": ""bersejarah"", ""langid"": ""other""}, {""word"": ""di"", ""langid"": ""other""}, {""word"": ""berbagai"", ""langid"": ""other""}, {""word"": ""dunia,"", ""langid"": ""other""}, {""word"": ""di"", ""langid"": ""other""}, {""word"": ""berbagai"", ""langid"": ""other""}, {""word"": ""wilayah,"", ""langid"": ""other""}, {""word"": ""di"", ""langid"": ""other""}, {""word"": ""Indonesia"", ""langid"": ""other""}, {""word"": ""atau"", ""langid"": ""other""}, {""word"": ""di"", ""langid"": ""other""}, {""word"": ""dunia"", ""langid"": ""other""}, {""word"": ""itu"", ""langid"": ""other""}, {""word"": ""pasti"", ""langid"": ""other""}, {""word"": ""ya"", ""langid"": ""other""}, {""word"": ""menarik"", ""langid"": ""other""}, {""word"": ""banyak"", ""langid"": ""other""}, {""word"": ""orang"", ""langid"": ""other""}, {""word"": ""daari"", ""langid"": ""other""}, {""word"": ""dalam"", ""langid"": ""other""}, {""word"": ""negeri"", ""langid"": ""other""}, {""word"": ""maupun"", ""langid"": ""other""}, {""word"": ""luar"", ""langid"": ""other""}, {""word"": ""negeri"", ""langid"": ""other""}, {""word"": ""buat"", ""langid"": ""other""}, {""word"": ""berkunjung"", ""langid"": ""other""}, {""word"": ""dan"", ""langid"": ""other""}, {""word"": ""apa"", ""langid"": ""other""}, {""word"": ""ya,"", ""langid"": ""other""}, {""word"": ""belajar"", ""langid"": ""other""}, {""word"": ""di"", ""langid"": ""other""}, {""word"": ""sana."", ""langid"": ""other""}, {""word"": ""Kalau"", ""langid"": ""other""}, {""word"": ""kamu"", ""langid"": ""other""}, {""word"": ""punya"", ""langid"": ""other""}, {""word"": ""tempat"", ""langid"": ""other""}, {""word"": ""apa,"", ""langid"": ""other""}, {""word"": ""buat,"", ""langid"": ""other""}, {""word"": ""yang"", ""langid"": ""other""}, {""word"": ""pengen"", ""langid"": ""other""}, {""word"": ""kamu"", ""langid"": ""other""}, {""word"": ""kunjungi"", ""langid"": ""other""}, {""word"": ""di"", ""langid"": ""other""}, {""word"": ""masa"", ""langid"": ""other""}, {""word"": ""depan?"", ""langid"": ""other""}]","Ya, itu ya, unik ya. Jadi, memang sama tempat bersejarah di berbagai dunia, di berbagai wilayah di Indonesia atau di dunia ini, itu pasti yang menarik banyak orang dari dalam negeri maupun luar negeri buat berkunjung dan, e... belajar di sana gitu. Kalau kamu punya tempat apa buat yang ingin kamu kunjungi di masa depan?",Indonesian,[],0.16981132075471697,53,9,0.22580793358131565,0.22580793358131565,
processed_indonesia/first_full_run_data_mix_commonvoice/03_augmented_audio/indonesian_dev_27ef2b7b30b349d58eecf04ec53bf949__noise_02.wav,"Kalau ditanya apa makanan favoritmu? Sebenarnya aku bingung mau jawab apa. Soalnya, aku relatif doyan apapun, jadi ya, masakan Indonesia atau masakan luar negeri selama gak aneh-aneh bahannya, aku ki iso makan kabeh dan gak ada favorit tertentu yang tak makan tiap hari jadi mesti beda-beda terus yang tak makan tiap hari.","[{""word"": ""Kalau"", ""langid"": ""other""}, {""word"": ""ditanya"", ""langid"": ""other""}, {""word"": ""apa"", ""langid"": ""other""}, {""word"": ""makanan"", ""langid"": ""other""}, {""word"": ""favoritmu?"", ""langid"": ""other""}, {""word"": ""Sebenarnya"", ""langid"": ""other""}, {""word"": ""aku"", ""langid"": ""other""}, {""word"": ""bingung"", ""langid"": ""other""}, {""word"": ""mau"", ""langid"": ""other""}, {""word"": ""jawab"", ""langid"": ""other""}, {""word"": ""apa."", ""langid"": ""other""}, {""word"": ""Soalnya,"", ""langid"": ""other""}, {""word"": ""aku"", ""langid"": ""other""}, {""word"": ""relatif"", ""langid"": ""other""}, {""word"": ""doyan"", ""langid"": ""other""}, {""word"": ""apapun,"", ""langid"": ""other""}, {""word"": ""jadi"", ""langid"": ""other""}, {""word"": ""ya,"", ""langid"": ""other""}, {""word"": ""masakan"", ""langid"": ""other""}, {""word"": ""Indonesia"", ""langid"": ""other""}, {""word"": ""atau"", ""langid"": ""other""}, {""word"": ""masakan"", ""langid"": ""other""}, {""word"": ""luar"", ""langid"": ""other""}, {""word"": ""negeri"", ""langid"": ""other""}, {""word"": ""selama"", ""langid"": ""other""}, {""word"": ""gak"", ""langid"": ""other""}, {""word"": ""aneh-aneh"", ""langid"": ""other""}, {""word"": ""bahannya,"", ""langid"": ""other""}, {""word"": ""aku"", ""langid"": ""other""}, {""word"": ""ki"", ""langid"": ""other""}, {""word"": ""iso"", ""langid"": ""other""}, {""word"": ""makan"", ""langid"": ""other""}, {""word"": ""kabeh"", ""langid"": ""other""}, {""word"": ""dan"", ""langid"": ""other""}, {""word"": ""gak"", ""langid"": ""other""}, {""word"": ""ada"", ""langid"": ""other""}, {""word"": ""favorit"", ""langid"": ""other""}, {""word"": ""tertentu"", ""langid"": ""other""}, {""word"": ""yang"", ""langid"": ""other""}, {""word"": ""tak"", ""langid"": ""other""}, {""word"": ""makan"", ""langid"": ""other""}, {""word"": ""tiap"", ""langid"": ""other""}, {""word"": ""hari"", ""langid"": ""other""}, {""word"": ""jadi"", ""langid"": ""other""}, {""word"": ""mesti"", ""langid"": ""other""}, {""word"": ""beda-beda"", ""langid"": ""other""}, {""word"": ""terus"", ""langid"": ""other""}, {""word"": ""yang"", ""langid"": ""other""}, {""word"": ""tak"", ""langid"": ""other""}, {""word"": ""makan"", ""langid"": ""other""}, {""word"": ""tiap"", ""langid"": ""other""}, {""word"": ""hari."", ""langid"": ""other""}]","Kalau ditanya apa makanan favoritmu, sebenernya aku bingung, mau jawab apa. Soalnya, aku relatif doyan apapun. Jadi, ya makan masakan Indonesia atau masakan luar negeri, selama nggak aneh-aneh bahannya, aku ki iso makan kabeh. Dan, gak ada favorit tertentu, seh tak makan tiap hari, gitu. Jadi, mesti beda-beda terus, yang tak makan tiap hari.",Indonesian,[],0.09615384615384616,52,5,0.22580793358131565,0.22580793358131565,
processed_indonesia/first_full_run_data_mix_commonvoice/01_segments/indonesian_dev_84672a1b12f94759af92a135576689e4.wav,"Buyutku pun dulu punya, dan hampir menuruni gawanannya itu ke Umi, tapi alhamdulillahnya kan udah langsung dibuang sebelum beliau meninggal tuh pas lagi sekarat dibuang dulu kan itu gawanannya sama Umi dan saudara-saudaranya jadi aman lah.","[{""word"": ""Buyutku"", ""langid"": ""other""}, {""word"": ""pun"", ""langid"": ""other""}, {""word"": ""dulu"", ""langid"": ""other""}, {""word"": ""punya,"", ""langid"": ""other""}, {""word"": ""dan"", ""langid"": ""other""}, {""word"": ""hampir"", ""langid"": ""other""}, {""word"": ""menuruni"", ""langid"": ""other""}, {""word"": ""gawanannya"", ""langid"": ""other""}, {""word"": ""itu"", ""langid"": ""other""}, {""word"": ""ke"", ""langid"": ""other""}, {""word"": ""Umi,"", ""langid"": ""other""}, {""word"": ""tapi"", ""langid"": ""other""}, {""word"": ""alhamdulillahnya"", ""langid"": ""other""}, {""word"": ""kan"", ""langid"": ""other""}, {""word"": ""udah"", ""langid"": ""other""}, {""word"": ""langsung"", ""langid"": ""other""}, {""word"": ""dibuang"", ""langid"": ""other""}, {""word"": ""sebelum"", ""langid"": ""other""}, {""word"": ""beliau"", ""langid"": ""other""}, {""word"": ""meninggal"", ""langid"": ""other""}, {""word"": ""tuh"", ""langid"": ""other""}, {""word"": ""pas"", ""langid"": ""other""}, {""word"": ""lagi"", ""langid"": ""other""}, {""word"": ""sekarat"", ""langid"": ""other""}, {""word"": ""dibuang"", ""langid"": ""other""}, {""word"": ""dulu"", ""langid"": ""other""}, {""word"": ""kan"", ""langid"": ""other""}, {""word"": ""itu"", ""langid"": ""other""}, {""word"": ""gawanannya"", ""langid"": ""other""}, {""word"": ""sama"", ""langid"": ""other""}, {""word"": ""Umi"", ""langid"": ""other""}, {""word"": ""dan"", ""langid"": ""other""}, {""word"": ""saudara-saudaranya"", ""langid"": ""other""}, {""word"": ""jadi"", ""langid"": ""other""}, {""word"": ""aman"", ""langid"": ""other""}, {""word"": ""lah."", ""langid"": ""other""}]","Koyokku pun dulu punya, 'kan hampir menuruni gawanane tuh ke umi. Tapi alhamdulillahnya 'kan udah langsung dibuang sebelum beliau meninggal tuh. Pas lagi sekarat, dibuang dulu 'kan itu gawannya sama umi dan saudara-saudaranya, jadi aman lah.",Indonesian,[],0.1388888888888889,36,5,0.22580793358131565,0.22580793358131565,
processed_indonesia/first_full_run_data_mix_commonvoice/03_augmented_audio/indonesian_dev_7b53156384cf47be87ba692ab9615a94__part_1__noise_01.wav,"Nah, kucing-kucing itu kami ambil dari kucing-kucing kampung. Jadi kucing kampung satu,","[{""word"": ""Nah,"", ""langid"": ""other""}, {""word"": ""kucing-kucing"", ""langid"": ""other""}, {""word"": ""itu"", ""langid"": ""other""}, {""word"": ""kami"", ""langid"": ""other""}, {""word"": ""ambil"", ""langid"": ""other""}, {""word"": ""dari"", ""langid"": ""other""}, {""word"": ""kucing-kucing"", ""langid"": ""other""}, {""word"": ""kampung."", ""langid"": ""other""}, {""word"": ""Jadi"", ""langid"": ""other""}, {""word"": ""kucing"", ""langid"": ""other""}, {""word"": ""kampung"", ""langid"": ""other""}, {""word"": ""satu,"", ""langid"": ""other""}]","Nah, kucing-kucing itu kami ambil dari kucing kuncing kampung. Jadi, kucing kampung satu",Indonesian,[],0.16666666666666666,12,2,0.22580793358131565,0.22580793358131565,
processed_indonesia/first_full_run_data_mix_commonvoice/03_augmented_audio/indonesian_dev_f8c9765a531f44f4ba057774d94ae43a__noise_01.wav,"Wes, jadi kami terima acara itu dan kami pokokmen tenanan berusaha persiapin banget tampil di acara itu. Pokokmen latihane jauh lebih serius daripada pas arep melu lomba-lomba kae. Dan, kebetulan juga acara itu pas awak dewe wis rampung ujian semesteran. Jadi kami bisa latihan tiap hari dan bisa nganti beberapa jam gitu lah latihane.","[{""word"": ""Wes,"", ""langid"": ""other""}, {""word"": ""jadi"", ""langid"": ""other""}, {""word"": ""kami"", ""langid"": ""other""}, {""word"": ""terima"", ""langid"": ""other""}, {""word"": ""acara"", ""langid"": ""other""}, {""word"": ""itu"", ""langid"": ""other""}, {""word"": ""dan"", ""langid"": ""other""}, {""word"": ""kami"", ""langid"": ""other""}, {""word"": ""pokokmen"", ""langid"": ""other""}, {""word"": ""tenanan"", ""langid"": ""other""}, {""word"": ""berusaha"", ""langid"": ""other""}, {""word"": ""persiapin"", ""langid"": ""other""}, {""word"": ""banget"", ""langid"": ""other""}, {""word"": ""tampil"", ""langid"": ""other""}, {""word"": ""di"", ""langid"": ""other""}, {""word"": ""acara"", ""langid"": ""other""}, {""word"": ""itu."", ""langid"": ""other""}, {""word"": ""Pokokmen"", ""langid"": ""other""}, {""word"": ""latihane"", ""langid"": ""other""}, {""word"": ""jauh"", ""langid"": ""other""}, {""word"": ""lebih"", ""langid"": ""other""}, {""word"": ""serius"", ""langid"": ""other""}, {""word"": ""daripada"", ""langid"": ""other""}, {""word"": ""pas"", ""langid"": ""other""}, {""word"": ""arep"", ""langid"": ""other""}, {""word"": ""melu"", ""langid"": ""other""}, {""word"": ""lomba-lomba"", ""langid"": ""other""}, {""word"": ""kae."", ""langid"": ""other""}, {""word"": ""Dan,"", ""langid"": ""other""}, {""word"": ""kebetulan"", ""langid"": ""other""}, {""word"": ""juga"", ""langid"": ""other""}, {""word"": ""acara"", ""langid"": ""other""}, {""word"": ""itu"", ""langid"": ""other""}, {""word"": ""pas"", ""langid"": ""other""}, {""word"": ""awak"", ""langid"": ""other""}, {""word"": ""dewe"", ""langid"": ""other""}, {""word"": ""wis"", ""langid"": ""other""}, {""word"": ""rampung"", ""langid"": ""other""}, {""word"": ""ujian"", ""langid"": ""other""}, {""word"": ""semesteran."", ""langid"": ""other""}, {""word"": ""Jadi"", ""langid"": ""other""}, {""word"": ""kami"", ""langid"": ""other""}, {""word"": ""bisa"", ""langid"": ""other""}, {""word"": ""latihan"", ""langid"": ""other""}, {""word"": ""tiap"", ""langid"": ""other""}, {""word"": ""hari"", ""langid"": ""other""}, {""word"": ""dan"", ""langid"": ""other""}, {""word"": ""bisa"", ""langid"": ""other""}, {""word"": ""nganti"", ""langid"": ""other""}, {""word"": ""beberapa"", ""langid"": ""other""}, {""word"": ""jam"", ""langid"": ""other""}, {""word"": ""gitu"", ""langid"": ""other""}, {""word"": ""lah"", ""langid"": ""other""}, {""word"": ""latihane."", ""langid"": ""other""}]","Ya wis, jadi kami terima acara itu dan kami pokokmen tenganan berusaha siap, persiapin banget tampil di acara itu. Pokokmen latihane jauh lebih serius daripada pas arep melu lomba-lomba kae dan kebetulan juga acara itu pas awak dheweis rampung ujian semesteran. Jadi, kami bisa latihan tiap hari dan bisa banget beberapa jam gitu lah latihane.",Indonesian,[],0.12962962962962962,54,7,0.22580793358131565,0.22580793358131565,
processed_indonesia/first_full_run_data_mix_commonvoice/03_augmented_audio/indonesian_dev_d78b4f3d1e7e4162bfbdad957e558d87__noise_01.wav,"Tapi diantara kucing-kucingku yang pernah dipelihara selama ini, Entis ini paling ini sih, paling fotoable. Karena dia ya itu, tubuhnya besar, bulunya lebat, dan dia manja banget. Nah, nggak seperti kucing-kucing lain yang kadang-kadang ngereog. Dia cukup kalem kok, jadi enak diajak untuk main. Itu dari...","[{""word"": ""Tapi"", ""langid"": ""other""}, {""word"": ""diantara"", ""langid"": ""other""}, {""word"": ""kucing-kucingku"", ""langid"": ""other""}, {""word"": ""yang"", ""langid"": ""other""}, {""word"": ""pernah"", ""langid"": ""other""}, {""word"": ""dipelihara"", ""langid"": ""other""}, {""word"": ""selama"", ""langid"": ""other""}, {""word"": ""ini,"", ""langid"": ""other""}, {""word"": ""Entis"", ""langid"": ""other""}, {""word"": ""ini"", ""langid"": ""other""}, {""word"": ""paling"", ""langid"": ""other""}, {""word"": ""ini"", ""langid"": ""other""}, {""word"": ""sih,"", ""langid"": ""other""}, {""word"": ""paling"", ""langid"": ""other""}, {""word"": ""fotoable."", ""langid"": ""other""}, {""word"": ""Karena"", ""langid"": ""other""}, {""word"": ""dia"", ""langid"": ""other""}, {""word"": ""ya"", ""langid"": ""other""}, {""word"": ""itu,"", ""langid"": ""other""}, {""word"": ""tubuhnya"", ""langid"": ""other""}, {""word"": ""besar,"", ""langid"": ""other""}, {""word"": ""bulunya"", ""langid"": ""other""}, {""word"": ""lebat,"", ""langid"": ""other""}, {""word"": ""dan"", ""langid"": ""other""}, {""word"": ""dia"", ""langid"": ""other""}, {""word"": ""manja"", ""langid"": ""other""}, {""word"": ""banget."", ""langid"": ""other""}, {""word"": ""Nah,"", ""langid"": ""other""}, {""word"": ""nggak"", ""langid"": ""other""}, {""word"": ""seperti"", ""langid"": ""other""}, {""word"": ""kucing-kucing"", ""langid"": ""other""}, {""word"": ""lain"", ""langid"": ""other""}, {""word"": ""yang"", ""langid"": ""other""}, {""word"": ""kadang-kadang"", ""langid"": ""other""}, {""word"": ""ngereog."", ""langid"": ""other""}, {""word"": ""Dia"", ""langid"": ""other""}, {""word"": ""cukup"", ""langid"": ""other""}, {""word"": ""kalem"", ""langid"": ""other""}, {""word"": ""kok,"", ""langid"": ""other""}, {""word"": ""jadi"", ""langid"": ""other""}, {""word"": ""enak"", ""langid"": ""other""}, {""word"": ""diajak"", ""langid"": ""other""}, {""word"": ""untuk"", ""langid"": ""other""}, {""word"": ""main."", ""langid"": ""other""}, {""word"": ""Itu"", ""langid"": ""other""}, {""word"": ""dari..."", ""langid"": ""other""}]","Tapi di antara kucing-kucingku yang pernah dipelihara selama ini, terus ini paling ini sih, paling fotoable. Karena dia itu tubuhnya besar, bulunya lebat, dan dia manja banget. Nah, nggak seperti kucing-kucing lainnya yang kadang-kadang ngeroyok, dia cukup calm kok, jadi enak diajak untuk main. Itu dari...",Indonesian,[],0.15217391304347827,46,7,0.22580793358131565,0.22580793358131565,
processed_indonesia/first_full_run_data_mix_commonvoice/03_augmented_audio/indonesian_dev_5b502829295c425c97a3e6db5b54cfcf__noise_02.wav,"Di fase SMP iki, aku juga ketemu kancah-kancahku, sing bahkan sampe saiki aku masih hubungan baik, setelah berapa tahun iku.","[{""word"": ""Di"", ""langid"": ""other""}, {""word"": ""fase"", ""langid"": ""other""}, {""word"": ""SMP"", ""langid"": ""other""}, {""word"": ""iki,"", ""langid"": ""other""}, {""word"": ""aku"", ""langid"": ""other""}, {""word"": ""juga"", ""langid"": ""other""}, {""word"": ""ketemu"", ""langid"": ""other""}, {""word"": ""kancah-kancahku,"", ""langid"": ""other""}, {""word"": ""sing"", ""langid"": ""other""}, {""word"": ""bahkan"", ""langid"": ""other""}, {""word"": ""sampe"", ""langid"": ""other""}, {""word"": ""saiki"", ""langid"": ""other""}, {""word"": ""aku"", ""langid"": ""other""}, {""word"": ""masih"", ""langid"": ""other""}, {""word"": ""hubungan"", ""langid"": ""other""}, {""word"": ""baik,"", ""langid"": ""other""}, {""word"": ""setelah"", ""langid"": ""other""}, {""word"": ""berapa"", ""langid"": ""other""}, {""word"": ""tahun"", ""langid"": ""other""}, {""word"": ""iku."", ""langid"": ""other""}]","Di fase SMP iki, aku juga ketemu kanca-kancaku, yang bahkan sampai saiki aku isih hubungan baik setelah beberapa tahun iku.",Indonesian,[],0.25,20,5,0.22580793358131565,0.22580793358131565,
processed_indonesia/first_full_run_data_mix_commonvoice/01_segments/indonesian_dev_392c557742b246b486eee290ed70d989.wav,"Meskipun tidak terlalu atletis atau tidak terlalu bugar tapi aku bisa ini kok, me-manage beberapa agenda-genda keolahragaan di sekolah, termasuk kelas meeting, kemudian mengikut beberapa ekstra kulikuler yang tentang keolahragaan, njuk terus ngadaké kayak e.. kesehatan-kesehatan seperti donor darah, terus sosialisasi tentang narkoba dan sebagainya.","[{""word"": ""Meskipun"", ""langid"": ""other""}, {""word"": ""tidak"", ""langid"": ""other""}, {""word"": ""terlalu"", ""langid"": ""other""}, {""word"": ""atletis"", ""langid"": ""other""}, {""word"": ""atau"", ""langid"": ""other""}, {""word"": ""tidak"", ""langid"": ""other""}, {""word"": ""terlalu"", ""langid"": ""other""}, {""word"": ""bugar"", ""langid"": ""other""}, {""word"": ""tapi"", ""langid"": ""other""}, {""word"": ""aku"", ""langid"": ""other""}, {""word"": ""bisa"", ""langid"": ""other""}, {""word"": ""ini"", ""langid"": ""other""}, {""word"": ""kok,"", ""langid"": ""other""}, {""word"": ""me-manage"", ""langid"": ""other""}, {""word"": ""beberapa"", ""langid"": ""other""}, {""word"": ""agenda-genda"", ""langid"": ""other""}, {""word"": ""keolahragaan"", ""langid"": ""other""}, {""word"": ""di"", ""langid"": ""other""}, {""word"": ""sekolah,"", ""langid"": ""other""}, {""word"": ""termasuk"", ""langid"": ""other""}, {""word"": ""kelas"", ""langid"": ""other""}, {""word"": ""meeting,"", ""langid"": ""other""}, {""word"": ""kemudian"", ""langid"": ""other""}, {""word"": ""mengikut"", ""langid"": ""other""}, {""word"": ""beberapa"", ""langid"": ""other""}, {""word"": ""ekstra"", ""langid"": ""other""}, {""word"": ""kulikuler"", ""langid"": ""other""}, {""word"": ""yang"", ""langid"": ""other""}, {""word"": ""tentang"", ""langid"": ""other""}, {""word"": ""keolahragaan,"", ""langid"": ""other""}, {""word"": ""njuk"", ""langid"": ""other""}, {""word"": ""terus"", ""langid"": ""other""}, {""word"": ""ngadaké"", ""langid"": ""other""}, {""word"": ""kayak"", ""langid"": ""other""}, {""word"": ""e.."", ""langid"": ""other""}, {""word"": ""kesehatan-kesehatan"", ""langid"": ""other""}, {""word"": ""seperti"", ""langid"": ""other""}, {""word"": ""donor"", ""langid"": ""other""}, {""word"": ""darah,"", ""langid"": ""other""}, {""word"": ""terus"", ""langid"": ""other""}, {""word"": ""sosialisasi"", ""langid"": ""other""}, {""word"": ""tentang"", ""langid"": ""other""}, {""word"": ""narkoba"", ""langid"": ""other""}, {""word"": ""dan"", ""langid"": ""other""}, {""word"": ""sebagainya."", ""langid"": ""other""}]","Meskipun tidak terlalu atletis atau terlalu bugar, tapi aku bisa ini kok, manage beberapa agenda agenda keolahragaan di sekolah, termasuk e... kelas meeting, kemudian menghandle beberapa ekstra kulikuler yang tentang keolahragaan, njuk terus ngadake kayak e... kesehatan kesehatan, seperti donat darah, terus sosialisasi tentang narkoba, dan sebagainya.",Indonesian,[],0.2222222222222222,45,10,0.22580793358131565,0.22580793358131565,
processed_indonesia/first_full_run_data_mix_commonvoice/01_segments/indonesian_dev_9a62ad3e2b0241b8a6a2aea12e404d0d.wav,Aku kayak pengen diceritain lebih kawan yang kayak gimana detailnya. Cuman aku jadi takut nanti kalo mau ke rumah mu aku kebayang-bayang malahan.,"[{""word"": ""Aku"", ""langid"": ""other""}, {""word"": ""kayak"", ""langid"": ""other""}, {""word"": ""pengen"", ""langid"": ""other""}, {""word"": ""diceritain"", ""langid"": ""other""}, {""word"": ""lebih"", ""langid"": ""other""}, {""word"": ""kawan"", ""langid"": ""other""}, {""word"": ""yang"", ""langid"": ""other""}, {""word"": ""kayak"", ""langid"": ""other""}, {""word"": ""gimana"", ""langid"": ""other""}, {""word"": ""detailnya."", ""langid"": ""other""}, {""word"": ""Cuman"", ""langid"": ""other""}, {""word"": ""aku"", ""langid"": ""other""}, {""word"": ""jadi"", ""langid"": ""other""}, {""word"": ""takut"", ""langid"": ""other""}, {""word"": ""nanti"", ""langid"": ""other""}, {""word"": ""kalo"", ""langid"": ""other""}, {""word"": ""mau"", ""langid"": ""other""}, {""word"": ""ke"", ""langid"": ""other""}, {""word"": ""rumah"", ""langid"": ""other""}, {""word"": ""mu"", ""langid"": ""other""}, {""word"": ""aku"", ""langid"": ""other""}, {""word"": ""kebayang-bayang"", ""langid"": ""other""}, {""word"": ""malahan."", ""langid"": ""other""}]","Aku kayak pengen diceritain lebih gawannya kayak gimana, detaynya. Cuman aku jadi takut nanti kalau mau ke rumahmu, aku kebayang-bayang malahan.",Indonesian,[],0.2608695652173913,23,6,0.22580793358131565,0.22580793358131565,
processed_indonesia/first_full_run_data_mix_commonvoice/03_augmented_audio/indonesian_dev_2de1a8cac5cb41908d1e28cfae890d03__noise_02.wav,"Menurut sejarah, emang daerah Trowulan ini, dulunya adalah ibu kota kerajaan Majapahit. Ya, zaman mbiyen ya, kerajaan zaman mbiyen. Dan emang sampai sekarang masih bisa dirunut ya peninggalan-peninggalannya.","[{""word"": ""Menurut"", ""langid"": ""other""}, {""word"": ""sejarah,"", ""langid"": ""other""}, {""word"": ""emang"", ""langid"": ""other""}, {""word"": ""daerah"", ""langid"": ""other""}, {""word"": ""Trowulan"", ""langid"": ""other""}, {""word"": ""ini,"", ""langid"": ""other""}, {""word"": ""dulunya"", ""langid"": ""other""}, {""word"": ""adalah"", ""langid"": ""other""}, {""word"": ""ibu"", ""langid"": ""other""}, {""word"": ""kota"", ""langid"": ""other""}, {""word"": ""kerajaan"", ""langid"": ""other""}, {""word"": ""Majapahit."", ""langid"": ""other""}, {""word"": ""Ya,"", ""langid"": ""other""}, {""word"": ""zaman"", ""langid"": ""other""}, {""word"": ""mbiyen"", ""langid"": ""other""}, {""word"": ""ya,"", ""langid"": ""other""}, {""word"": ""kerajaan"", ""langid"": ""other""}, {""word"": ""zaman"", ""langid"": ""other""}, {""word"": ""mbiyen."", ""langid"": ""other""}, {""word"": ""Dan"", ""langid"": ""other""}, {""word"": ""emang"", ""langid"": ""other""}, {""word"": ""sampai"", ""langid"": ""other""}, {""word"": ""sekarang"", ""langid"": ""other""}, {""word"": ""masih"", ""langid"": ""other""}, {""word"": ""bisa"", ""langid"": ""other""}, {""word"": ""dirunut"", ""langid"": ""other""}, {""word"": ""ya"", ""langid"": ""other""}, {""word"": ""peninggalan-peninggalannya."", ""langid"": ""other""}]","Menurut sejarah, emang daerah Trowulan ini dulunya adalah ibu kota kerajaan Majapahit, ya Jaman Bion, ya kerajaan Jaman Bion. Dan, emang sampai sekarang masih bisa di runut gitu, ya, peninggalan-peninggalannya.",Indonesian,[],0.25,28,7,0.22580793358131565,0.22580793358131565,
processed_indonesia/first_full_run_data_mix_commonvoice/03_augmented_audio/indonesian_dev_98f0c17293c4417fad728a2ec50546a4__noise_01.wav,"HP pertamaku tuh Nexian kalau nggak salah, Nexian yang tipe QWERTY. Jadi dulu 'kan ini ya.. 'kan dulu pakai operator, operator itu dia punya sistem SMS begini jadi ketika sudah kirim dua SMS, tiga SMS gitu, terus dapat bonus seribu SMS atau lima ratus SMS per harinya, jadi kami sebagai anak-anak SMA.. e... anak-anak SMP chattingan via SMS.","[{""word"": ""HP"", ""langid"": ""other""}, {""word"": ""pertamaku"", ""langid"": ""other""}, {""word"": ""tuh"", ""langid"": ""other""}, {""word"": ""Nexian"", ""langid"": ""other""}, {""word"": ""kalau"", ""langid"": ""other""}, {""word"": ""nggak"", ""langid"": ""other""}, {""word"": ""salah,"", ""langid"": ""other""}, {""word"": ""Nexian"", ""langid"": ""other""}, {""word"": ""yang"", ""langid"": ""other""}, {""word"": ""tipe"", ""langid"": ""other""}, {""word"": ""QWERTY."", ""langid"": ""other""}, {""word"": ""Jadi"", ""langid"": ""other""}, {""word"": ""dulu"", ""langid"": ""other""}, {""word"": ""'kan"", ""langid"": ""other""}, {""word"": ""ini"", ""langid"": ""other""}, {""word"": ""ya.."", ""langid"": ""other""}, {""word"": ""'kan"", ""langid"": ""other""}, {""word"": ""dulu"", ""langid"": ""other""}, {""word"": ""pakai"", ""langid"": ""other""}, {""word"": ""operator,"", ""langid"": ""other""}, {""word"": ""operator"", ""langid"": ""other""}, {""word"": ""itu"", ""langid"": ""other""}, {""word"": ""dia"", ""langid"": ""other""}, {""word"": ""punya"", ""langid"": ""other""}, {""word"": ""sistem"", ""langid"": ""other""}, {""word"": ""SMS"", ""langid"": ""other""}, {""word"": ""begini"", ""langid"": ""other""}, {""word"": ""jadi"", ""langid"": ""other""}, {""word"": ""ketika"", ""langid"": ""other""}, {""word"": ""sudah"", ""langid"": ""other""}, {""word"": ""kirim"", ""langid"": ""other""}, {""word"": ""dua"", ""langid"": ""other""}, {""word"": ""SMS,"", ""langid"": ""other""}, {""word"": ""tiga"", ""langid"": ""other""}, {""word"": ""SMS"", ""langid"": ""other""}, {""word"": ""gitu,"", ""langid"": ""other""}, {""word"": ""terus"", ""langid"": ""other""}, {""word"": ""dapat"", ""langid"": ""other""}, {""word"": ""bonus"", ""langid"": ""other""}, {""word"": ""seribu"", ""langid"": ""other""}, {""word"": ""SMS"", ""langid"": ""other""}, {""word"": ""atau"", ""langid"": ""other""}, {""word"": ""lima"", ""langid"": ""other""}, {""word"": ""ratus"", ""langid"": ""other""}, {""word"": ""SMS"", ""langid"": ""other""}, {""word"": ""per"", ""langid"": ""other""}, {""word"": ""harinya,"", ""langid"": ""other""}, {""word"": ""jadi"", ""langid"": ""other""}, {""word"": ""kami"", ""langid"": ""other""}, {""word"": ""sebagai"", ""langid"": ""other""}, {""word"": ""anak-anak"", ""langid"": ""other""}, {""word"": ""SMA.."", ""langid"": ""other""}, {""word"": ""e..."", ""langid"": ""other""}, {""word"": ""anak-anak"", ""langid"": ""other""}, {""word"": ""SMP"", ""langid"": ""other""}, {""word"": ""chattingan"", ""langid"": ""other""}, {""word"": ""via"", ""langid"": ""other""}, {""word"": ""SMS."", ""langid"": ""other""}]","HP pertamaku tuh Nexian kalau nggak salah, Nexian yang tipe kuerti. Jadi dulu kan ini ya, e... 'kan dulu pakai operator. Operator itu dia punya sistem SMS begitu, ketika sudah kirim dua SMS, tiga SMS, gitu. Terus dapat bonus seribu SMS atau lima ratus SMS perharinya. Jadi kami sebagai anak-anak SMA itu chat... anak-anak SMP chatting kan via SMS.",Indonesian,[],0.1724137931034483,58,10,0.22580793358131565,0.22580793358131565,
processed_indonesia/first_full_run_data_mix_commonvoice/01_segments/indonesian_dev_f4fe6bc8feea476086b067000ac1db0b.wav,"Dan aku nemu salah satu buku sing apik banget. Judulé ki.. iki, ini adalah Odysseus e... Seorang raja dari Itacha yang pergi ke Trojan dan dia kehilangan arah untuk kembali pulang ke rumahnya yang di Itacha itu. Dia meninggalkan seorang istri, satu orang anak dan.. ya dia.. dia.. di.....","[{""word"": ""Dan"", ""langid"": ""other""}, {""word"": ""aku"", ""langid"": ""other""}, {""word"": ""nemu"", ""langid"": ""other""}, {""word"": ""salah"", ""langid"": ""other""}, {""word"": ""satu"", ""langid"": ""other""}, {""word"": ""buku"", ""langid"": ""other""}, {""word"": ""sing"", ""langid"": ""other""}, {""word"": ""apik"", ""langid"": ""other""}, {""word"": ""banget."", ""langid"": ""other""}, {""word"": ""Judulé"", ""langid"": ""other""}, {""word"": ""ki.."", ""langid"": ""other""}, {""word"": ""iki,"", ""langid"": ""other""}, {""word"": ""ini"", ""langid"": ""other""}, {""word"": ""adalah"", ""langid"": ""other""}, {""word"": ""Odysseus"", ""langid"": ""other""}, {""word"": ""e..."", ""langid"": ""other""}, {""word"": ""Seorang"", ""langid"": ""other""}, {""word"": ""raja"", ""langid"": ""other""}, {""word"": ""dari"", ""langid"": ""other""}, {""word"": ""Itacha"", ""langid"": ""other""}, {""word"": ""yang"", ""langid"": ""other""}, {""word"": ""pergi"", ""langid"": ""other""}, {""word"": ""ke"", ""langid"": ""other""}, {""word"": ""Trojan"", ""langid"": ""other""}, {""word"": ""dan"", ""langid"": ""other""}, {""word"": ""dia"", ""langid"": ""other""}, {""word"": ""kehilangan"", ""langid"": ""other""}, {""word"": ""arah"", ""langid"": ""other""}, {""word"": ""untuk"", ""langid"": ""other""}, {""word"": ""kembali"", ""langid"": ""other""}, {""word"": ""pulang"", ""langid"": ""other""}, {""word"": ""ke"", ""langid"": ""other""}, {""word"": ""rumahnya"", ""langid"": ""other""}, {""word"": ""yang"", ""langid"": ""other""}, {""word"": ""di"", ""langid"": ""other""}, {""word"": ""Itacha"", ""langid"": ""other""}, {""word"": ""itu."", ""langid"": ""other""}, {""word"": ""Dia"", ""langid"": ""other""}, {""word"": ""meninggalkan"", ""langid"": ""other""}, {""word"": ""seorang"", ""langid"": ""other""}, {""word"": ""istri,"", ""langid"": ""other""}, {""word"": ""satu"", ""langid"": ""other""}, {""word"": ""orang"", ""langid"": ""other""}, {""word"": ""anak"", ""langid"": ""other""}, {""word"": ""dan.."", ""langid"": ""other""}, {""word"": ""ya"", ""langid"": ""other""}, {""word"": ""dia.."", ""langid"": ""other""}, {""word"": ""dia.."", ""langid"": ""other""}, {""word"": ""di....."", ""langid"": ""other""}]","Dan aku nemu salah satu buku sing unik banget, judulé iki, e... iki, ""A D C U S"". E... suka seorang raja dari Itaja yang pergi ke Trojan dan dia kehilangan arah untuk e... kembali pulang ke rumahnya. Di Itaja itu dia meninggalkan satu suami, satu orang anak dan ya dia... dia... di...",Indonesian,[],0.30612244897959184,49,15,0.22580793358131565,0.22580793358131565,
processed_indonesia/first_full_run_data_mix_commonvoice/03_augmented_audio/indonesian_dev_4a1ad783cf2f4b7ba283a726e2b439ad__noise_01.wav,"Pada saat itu, beratku mencapai seratus kilo lebih, seratus dua... seratus tiga mungkin. Nah, aku merasa... iki kayak, aku kayak gak... gak... kok gak kuat meneh dinggo e... munggah tangga, kok rasane abot dinggo mlaku adoh. Nah, saka kuwi aku wes meniatkan diri untuk, aku harus iki sih, aku harus olahraga, aku harus mengurangi berat badan ben aku gak ngrepotke kanca-kancaku pas kerja lapangan.","[{""word"": ""Pada"", ""langid"": ""other""}, {""word"": ""saat"", ""langid"": ""other""}, {""word"": ""itu,"", ""langid"": ""other""}, {""word"": ""beratku"", ""langid"": ""other""}, {""word"": ""mencapai"", ""langid"": ""other""}, {""word"": ""seratus"", ""langid"": ""other""}, {""word"": ""kilo"", ""langid"": ""other""}, {""word"": ""lebih,"", ""langid"": ""other""}, {""word"": ""seratus"", ""langid"": ""other""}, {""word"": ""dua..."", ""langid"": ""other""}, {""word"": ""seratus"", ""langid"": ""other""}, {""word"": ""tiga"", ""langid"": ""other""}, {""word"": ""mungkin."", ""langid"": ""other""}, {""word"": ""Nah,"", ""langid"": ""other""}, {""word"": ""aku"", ""langid"": ""other""}, {""word"": ""merasa..."", ""langid"": ""other""}, {""word"": ""iki"", ""langid"": ""other""}, {""word"": ""kayak,"", ""langid"": ""other""}, {""word"": ""aku"", ""langid"": ""other""}, {""word"": ""kayak"", ""langid"": ""other""}, {""word"": ""gak..."", ""langid"": ""other""}, {""word"": ""gak..."", ""langid"": ""other""}, {""word"": ""kok"", ""langid"": ""other""}, {""word"": ""gak"", ""langid"": ""other""}, {""word"": ""kuat"", ""langid"": ""other""}, {""word"": ""meneh"", ""langid"": ""other""}, {""word"": ""dinggo"", ""langid"": ""other""}, {""word"": ""e..."", ""langid"": ""other""}, {""word"": ""munggah"", ""langid"": ""other""}, {""word"": ""tangga,"", ""langid"": ""other""}, {""word"": ""kok"", ""langid"": ""other""}, {""word"": ""rasane"", ""langid"": ""other""}, {""word"": ""abot"", ""langid"": ""other""}, {""word"": ""dinggo"", ""langid"": ""other""}, {""word"": ""mlaku"", ""langid"": ""other""}, {""word"": ""adoh."", ""langid"": ""other""}, {""word"": ""Nah,"", ""langid"": ""other""}, {""word"": ""saka"", ""langid"": ""other""}, {""word"": ""kuwi"", ""langid"": ""other""}, {""word"": ""aku"", ""langid"": ""other""}, {""word"": ""wes"", ""langid"": ""other""}, {""word"": ""meniatkan"", ""langid"": ""other""}, {""word"": ""diri"", ""langid"": ""other""}, {""word"": ""untuk,"", ""langid"": ""other""}, {""word"": ""aku"", ""langid"": ""other""}, {""word"": ""harus"", ""langid"": ""other""}, {""word"": ""iki"", ""langid"": ""other""}, {""word"": ""sih,"", ""langid"": ""other""}, {""word"": ""aku"", ""langid"": ""other""}, {""word"": ""harus"", ""langid"": ""other""}, {""word"": ""olahraga,"", ""langid"": ""other""}, {""word"": ""aku"", ""langid"": ""other""}, {""word"": ""harus"", ""langid"": ""other""}, {""word"": ""mengurangi"", ""langid"": ""other""}, {""word"": ""berat"", ""langid"": ""other""}, {""word"": ""badan"", ""langid"": ""other""}, {""word"": ""ben"", ""langid"": ""other""}, {""word"": ""aku"", ""langid"": ""other""}, {""word"": ""gak"", ""langid"": ""other""}, {""word"": ""ngrepotke"", ""langid"": ""other""}, {""word"": ""kanca-kancaku"", ""langid"": ""other""}, {""word"": ""pas"", ""langid"": ""other""}, {""word"": ""kerja"", ""langid"": ""other""}, {""word"": ""lapangan."", ""langid"": ""other""}]","Pada saat itu beratku mencapai seratus kilo lebih, seratus dua, seratus tiga mungkin. Nah, aku merasa, iki kayak aku kayaknya gak... gak... kok gak kuat meneh ninggo e... munggah tangga, kok rasane abot ninggo mleku adoh. Nah, sewaktu iki aku wis menitikkan diri untuk aku harus iki sih, aku harus olahraga, aku harus mengurangi berat badan, dan aku gak ngrepotke kanca-kancaku pas kerja lapangan.",Indonesian,[],0.140625,64,9,0.22580793358131565,0.22580793358131565,
processed_indonesia/first_full_run_data_mix_commonvoice/01_segments/indonesian_dev_d97c8ac55c77446c923adeb965ddecbc.wav,"Dia dihadang oleh berbagai halangan, rintangan, termasuk dewa-dewa Yunani tidak suka padanya. Nah e.. lanjut dari cerita itu 'kan, aku kayak seneng diceritani ya. Jadi aku habis itu setelah baca itu, baca juga sejarah-sejarah Indonesia. Jadi kayak piye to masa perjuangan Indonesia ki, njuk terus perang-perang apa wae sing dialami Indonesia.","[{""word"": ""Dia"", ""langid"": ""other""}, {""word"": ""dihadang"", ""langid"": ""other""}, {""word"": ""oleh"", ""langid"": ""other""}, {""word"": ""berbagai"", ""langid"": ""other""}, {""word"": ""halangan,"", ""langid"": ""other""}, {""word"": ""rintangan,"", ""langid"": ""other""}, {""word"": ""termasuk"", ""langid"": ""other""}, {""word"": ""dewa-dewa"", ""langid"": ""other""}, {""word"": ""Yunani"", ""langid"": ""other""}, {""word"": ""tidak"", ""langid"": ""other""}, {""word"": ""suka"", ""langid"": ""other""}, {""word"": ""padanya."", ""langid"": ""other""}, {""word"": ""Nah"", ""langid"": ""other""}, {""word"": ""e.."", ""langid"": ""other""}, {""word"": ""lanjut"", ""langid"": ""other""}, {""word"": ""dari"", ""langid"": ""other""}, {""word"": ""cerita"", ""langid"": ""other""}, {""word"": ""itu"", ""langid"": ""other""}, {""word"": ""'kan,"", ""langid"": ""other""}, {""word"": ""aku"", ""langid"": ""other""}, {""word"": ""kayak"", ""langid"": ""other""}, {""word"": ""seneng"", ""langid"": ""other""}, {""word"": ""diceritani"", ""langid"": ""other""}, {""word"": ""ya."", ""langid"": ""other""}, {""word"": ""Jadi"", ""langid"": ""other""}, {""word"": ""aku"", ""langid"": ""other""}, {""word"": ""habis"", ""langid"": ""other""}, {""word"": ""itu"", ""langid"": ""other""}, {""word"": ""setelah"", ""langid"": ""other""}, {""word"": ""baca"", ""langid"": ""other""}, {""word"": ""itu,"", ""langid"": ""other""}, {""word"": ""baca"", ""langid"": ""other""}, {""word"": ""juga"", ""langid"": ""other""}, {""word"": ""sejarah-sejarah"", ""langid"": ""other""}, {""word"": ""Indonesia."", ""langid"": ""other""}, {""word"": ""Jadi"", ""langid"": ""other""}, {""word"": ""kayak"", ""langid"": ""other""}, {""word"": ""piye"", ""langid"": ""other""}, {""word"": ""to"", ""langid"": ""other""}, {""word"": ""masa"", ""langid"": ""other""}, {""word"": ""perjuangan"", ""langid"": ""other""}, {""word"": ""Indonesia"", ""langid"": ""other""}, {""word"": ""ki,"", ""langid"": ""other""}, {""word"": ""njuk"", ""langid"": ""other""}, {""word"": ""terus"", ""langid"": ""other""}, {""word"": ""perang-perang"", ""langid"": ""other""}, {""word"": ""apa"", ""langid"": ""other""}, {""word"": ""wae"", ""langid"": ""other""}, {""word"": ""sing"", ""langid"": ""other""}, {""word"": ""dialami"", ""langid"": ""other""}, {""word"": ""Indonesia."", ""langid"": ""other""}]","Dia dihadang oleh berbagai halangan, rintangan, termasuk dewa-dewa Yunani tidak suka padanya. Nah, e...lanjut dari itu kan aku kayak serik, seneng diceritani ya. Jadi, aku bis itu, e... setelah baca itu, baca juga sejarah, sejarah Indonesia. Jadi, kayak piye toh masa perjuangan Indonesia ki, njuk terus perang-perang apa wae sing dialami Indonesia.",Indonesian,[],0.17647058823529413,51,9,0.22580793358131565,0.22580793358131565,
processed_indonesia/first_full_run_data_mix_commonvoice/03_augmented_audio/indonesian_dev_83180d393bbe446cb35c88624309c0bf__noise_01.wav,"Serem banget ternyata tuh disitu tuh, aku pas pertama kali diceritain tuh ngga ngeh kalok disitu, ternyata pas warung depan belokan itu. Tapi emang kalo mau lewat situ aku deg-degan sih, kayaknya emang aku juga takut mau belok.","[{""word"": ""Serem"", ""langid"": ""other""}, {""word"": ""banget"", ""langid"": ""other""}, {""word"": ""ternyata"", ""langid"": ""other""}, {""word"": ""tuh"", ""langid"": ""other""}, {""word"": ""disitu"", ""langid"": ""other""}, {""word"": ""tuh,"", ""langid"": ""other""}, {""word"": ""aku"", ""langid"": ""other""}, {""word"": ""pas"", ""langid"": ""other""}, {""word"": ""pertama"", ""langid"": ""other""}, {""word"": ""kali"", ""langid"": ""other""}, {""word"": ""diceritain"", ""langid"": ""other""}, {""word"": ""tuh"", ""langid"": ""other""}, {""word"": ""ngga"", ""langid"": ""other""}, {""word"": ""ngeh"", ""langid"": ""other""}, {""word"": ""kalok"", ""langid"": ""other""}, {""word"": ""disitu,"", ""langid"": ""other""}, {""word"": ""ternyata"", ""langid"": ""other""}, {""word"": ""pas"", ""langid"": ""other""}, {""word"": ""warung"", ""langid"": ""other""}, {""word"": ""depan"", ""langid"": ""other""}, {""word"": ""belokan"", ""langid"": ""other""}, {""word"": ""itu."", ""langid"": ""other""}, {""word"": ""Tapi"", ""langid"": ""other""}, {""word"": ""emang"", ""langid"": ""other""}, {""word"": ""kalo"", ""langid"": ""other""}, {""word"": ""mau"", ""langid"": ""other""}, {""word"": ""lewat"", ""langid"": ""other""}, {""word"": ""situ"", ""langid"": ""other""}, {""word"": ""aku"", ""langid"": ""other""}, {""word"": ""deg-degan"", ""langid"": ""other""}, {""word"": ""sih,"", ""langid"": ""other""}, {""word"": ""kayaknya"", ""langid"": ""other""}, {""word"": ""emang"", ""langid"": ""other""}, {""word"": ""aku"", ""langid"": ""other""}, {""word"": ""juga"", ""langid"": ""other""}, {""word"": ""takut"", ""langid"": ""other""}, {""word"": ""mau"", ""langid"": ""other""}, {""word"": ""belok."", ""langid"": ""other""}]","Serem banget ternyata tuh di situ toh. Aku pas pertama kali diceritain tuh enggak, neng halok di situ ternyata pas warung depan belokan itu. Lho, neng halok belokan situ aku ditekan sih, kayaknya emang aku juga takut mau belok.",Indonesian,[],0.3684210526315789,38,14,0.22580793358131565,0.22580793358131565,
processed_indonesia/first_full_run_data_mix_commonvoice/01_segments/indonesian_dev_3727039a1f074ce682f8ec01e6ef7e4f.wav,"Jadi, lima kucing ini beda-beda asalnya. Ada yang datang sendiri, nggak tahu dari mana, gitulah. Tiba-tiba, ya, ada di teras opo ada di halaman gitu. Terus, ada juga yang lahirnya di sini. Soalnya induknya yang dulu, kayak gitu, dateng tiba-tiba. Tapi, terus, sekarang induknya udah mati.","[{""word"": ""Jadi,"", ""langid"": ""other""}, {""word"": ""lima"", ""langid"": ""other""}, {""word"": ""kucing"", ""langid"": ""other""}, {""word"": ""ini"", ""langid"": ""other""}, {""word"": ""beda-beda"", ""langid"": ""other""}, {""word"": ""asalnya."", ""langid"": ""other""}, {""word"": ""Ada"", ""langid"": ""other""}, {""word"": ""yang"", ""langid"": ""other""}, {""word"": ""datang"", ""langid"": ""other""}, {""word"": ""sendiri,"", ""langid"": ""other""}, {""word"": ""nggak"", ""langid"": ""other""}, {""word"": ""tahu"", ""langid"": ""other""}, {""word"": ""dari"", ""langid"": ""other""}, {""word"": ""mana,"", ""langid"": ""other""}, {""word"": ""gitulah."", ""langid"": ""other""}, {""word"": ""Tiba-tiba,"", ""langid"": ""other""}, {""word"": ""ya,"", ""langid"": ""other""}, {""word"": ""ada"", ""langid"": ""other""}, {""word"": ""di"", ""langid"": ""other""}, {""word"": ""teras"", ""langid"": ""other""}, {""word"": ""opo"", ""langid"": ""other""}, {""word"": ""ada"", ""langid"": ""other""}, {""word"": ""di"", ""langid"": ""other""}, {""word"": ""halaman"", ""langid"": ""other""}, {""word"": ""gitu."", ""langid"": ""other""}, {""word"": ""Terus,"", ""langid"": ""other""}, {""word"": ""ada"", ""langid"": ""other""}, {""word"": ""juga"", ""langid"": ""other""}, {""word"": ""yang"", ""langid"": ""other""}, {""word"": ""lahirnya"", ""langid"": ""other""}, {""word"": ""di"", ""langid"": ""other""}, {""word"": ""sini."", ""langid"": ""other""}, {""word"": ""Soalnya"", ""langid"": ""other""}, {""word"": ""induknya"", ""langid"": ""other""}, {""word"": ""yang"", ""langid"": ""other""}, {""word"": ""dulu,"", ""langid"": ""other""}, {""word"": ""kayak"", ""langid"": ""other""}, {""word"": ""gitu,"", ""langid"": ""other""}, {""word"": ""dateng"", ""langid"": ""other""}, {""word"": ""tiba-tiba."", ""langid"": ""other""}, {""word"": ""Tapi,"", ""langid"": ""other""}, {""word"": ""terus,"", ""langid"": ""other""}, {""word"": ""sekarang"", ""langid"": ""other""}, {""word"": ""induknya"", ""langid"": ""other""}, {""word"": ""udah"", ""langid"": ""other""}, {""word"": ""mati."", ""langid"": ""other""}]","Jadi, lima kucing ini beda-beda asalnya. Ada yang datang sendiri, nggak tahu dari mana gitu lah, tiba-tiba ya ada di teras, opo ada di halaman gitu. Terus, ada juga yang lahirnya di sini, soalnya induknya yang dulu kayak gitu, datang tiba-tiba. Tapi, terus, sekarang induknya udah mati.",Indonesian,[],0.06521739130434782,46,3,0.22580793358131565,0.22580793358131565,
processed_indonesia/first_full_run_data_mix_commonvoice/03_augmented_audio/indonesian_dev_27ea863b88524b308477b25562d6d0b8__noise_01.wav,"Kalau buat pertama kali, mungkin sek pengen tak kunjungi, ya, kota Tokyo sama Kyoto, ya. Dua kota ini yang paling terkenal buat wisatawan internasional, terus ya, lebih gampang aksesnya, daripada, daripada kota-kota yang lain.","[{""word"": ""Kalau"", ""langid"": ""other""}, {""word"": ""buat"", ""langid"": ""other""}, {""word"": ""pertama"", ""langid"": ""other""}, {""word"": ""kali,"", ""langid"": ""other""}, {""word"": ""mungkin"", ""langid"": ""other""}, {""word"": ""sek"", ""langid"": ""other""}, {""word"": ""pengen"", ""langid"": ""other""}, {""word"": ""tak"", ""langid"": ""other""}, {""word"": ""kunjungi,"", ""langid"": ""other""}, {""word"": ""ya,"", ""langid"": ""other""}, {""word"": ""kota"", ""langid"": ""other""}, {""word"": ""Tokyo"", ""langid"": ""other""}, {""word"": ""sama"", ""langid"": ""other""}, {""word"": ""Kyoto,"", ""langid"": ""other""}, {""word"": ""ya."", ""langid"": ""other""}, {""word"": ""Dua"", ""langid"": ""other""}, {""word"": ""kota"", ""langid"": ""other""}, {""word"": ""ini"", ""langid"": ""other""}, {""word"": ""yang"", ""langid"": ""other""}, {""word"": ""paling"", ""langid"": ""other""}, {""word"": ""terkenal"", ""langid"": ""other""}, {""word"": ""buat"", ""langid"": ""other""}, {""word"": ""wisatawan"", ""langid"": ""other""}, {""word"": ""internasional,"", ""langid"": ""other""}, {""word"": ""terus"", ""langid"": ""other""}, {""word"": ""ya,"", ""langid"": ""other""}, {""word"": ""lebih"", ""langid"": ""other""}, {""word"": ""gampang"", ""langid"": ""other""}, {""word"": ""aksesnya,"", ""langid"": ""other""}, {""word"": ""daripada,"", ""langid"": ""other""}, {""word"": ""daripada"", ""langid"": ""other""}, {""word"": ""kota-kota"", ""langid"": ""other""}, {""word"": ""yang"", ""langid"": ""other""}, {""word"": ""lain."", ""langid"": ""other""}]","Kalau buat pertama kali, mungkin sike pengin tak kunjungi, ya, kota Tokyo sama Kyoto, ya, dua kota ini yang paling terkenal buat wisatawan internasional. Terus, ya, lebih gampang aksesnya daripada kota-kota yang lain.",Indonesian,[],0.08823529411764706,34,3,0.22580793358131565,0.22580793358131565,
processed_indonesia/first_full_run_data_mix_commonvoice/01_segments/indonesian_dev_24df92838af643d49ba90e03c31b3239.wav,"Jadi e.. pengalamanku waktu SD ini kayaknya agak-agak samar-samaré ingatanku. Tapi seingatku dulu, aku tuh waktu SD itu suka banget belajar sejarah. E... bukan sombong ya, cuma ya emang itu, aku suka banget belajar sejarah dulu. Aku suka baca-baca di perpustakaan dan aku nemu suatu artikel menarik dan itu tentang sejarah.","[{""word"": ""Jadi"", ""langid"": ""other""}, {""word"": ""e.."", ""langid"": ""other""}, {""word"": ""pengalamanku"", ""langid"": ""other""}, {""word"": ""waktu"", ""langid"": ""other""}, {""word"": ""SD"", ""langid"": ""other""}, {""word"": ""ini"", ""langid"": ""other""}, {""word"": ""kayaknya"", ""langid"": ""other""}, {""word"": ""agak-agak"", ""langid"": ""other""}, {""word"": ""samar-samaré"", ""langid"": ""other""}, {""word"": ""ingatanku."", ""langid"": ""other""}, {""word"": ""Tapi"", ""langid"": ""other""}, {""word"": ""seingatku"", ""langid"": ""other""}, {""word"": ""dulu,"", ""langid"": ""other""}, {""word"": ""aku"", ""langid"": ""other""}, {""word"": ""tuh"", ""langid"": ""other""}, {""word"": ""waktu"", ""langid"": ""other""}, {""word"": ""SD"", ""langid"": ""other""}, {""word"": ""itu"", ""langid"": ""other""}, {""word"": ""suka"", ""langid"": ""other""}, {""word"": ""banget"", ""langid"": ""other""}, {""word"": ""belajar"", ""langid"": ""other""}, {""word"": ""sejarah."", ""langid"": ""other""}, {""word"": ""E..."", ""langid"": ""other""}, {""word"": ""bukan"", ""langid"": ""other""}, {""word"": ""sombong"", ""langid"": ""other""}, {""word"": ""ya,"", ""langid"": ""other""}, {""word"": ""cuma"", ""langid"": ""other""}, {""word"": ""ya"", ""langid"": ""other""}, {""word"": ""emang"", ""langid"": ""other""}, {""word"": ""itu,"", ""langid"": ""other""}, {""word"": ""aku"", ""langid"": ""other""}, {""word"": ""suka"", ""langid"": ""other""}, {""word"": ""banget"", ""langid"": ""other""}, {""word"": ""belajar"", ""langid"": ""other""}, {""word"": ""sejarah"", ""langid"": ""other""}, {""word"": ""dulu."", ""langid"": ""other""}, {""word"": ""Aku"", ""langid"": ""other""}, {""word"": ""suka"", ""langid"": ""other""}, {""word"": ""baca-baca"", ""langid"": ""other""}, {""word"": ""di"", ""langid"": ""other""}, {""word"": ""perpustakaan"", ""langid"": ""other""}, {""word"": ""dan"", ""langid"": ""other""}, {""word"": ""aku"", ""langid"": ""other""}, {""word"": ""nemu"", ""langid"": ""other""}, {""word"": ""suatu"", ""langid"": ""other""}, {""word"": ""artikel"", ""langid"": ""other""}, {""word"": ""menarik"", ""langid"": ""other""}, {""word"": ""dan"", ""langid"": ""other""}, {""word"": ""itu"", ""langid"": ""other""}, {""word"": ""tentang"", ""langid"": ""other""}, {""word"": ""sejarah."", ""langid"": ""other""}]","Jadi, pengalamanku waktu SD ini kayaknya agak-agak samar-samar ya ingatanku. Tapi, seingatku dulu aku tuh waktu SD itu suka banget belajar sejarah. E... bukan sombong ya, cuma ya emang itu, aku suka banget belajar sejarah dulu. Aku suka baca-baca di perpustakaan dan aku nemu suatu e... artikel menarik yang tentang sejarah.",Indonesian,[],0.11764705882352941,51,6,0.22580793358131565,0.22580793358131565,
processed_indonesia/first_full_run_data_mix_commonvoice/03_augmented_audio/indonesian_dev_34e9f0fdaf02437e9fc416cc46645479__noise_02.wav,"Nah teman-teman SMP-ku yang cukup unik ini, bahkan aku dan temen-temen juga pernah melakukan suatu perjalanan. Jadi ketika dulu kita waktu masih SMP, kita sudah mencoba untuk berkeliling keluar kota, kayak Solo dan juga Jogja. Untuk anak seumuran empat belas sampai lima belas tahun, itu hal yang sangat.. yang cukup baru bagi kita.","[{""word"": ""Nah"", ""langid"": ""other""}, {""word"": ""teman-teman"", ""langid"": ""other""}, {""word"": ""SMP-ku"", ""langid"": ""other""}, {""word"": ""yang"", ""langid"": ""other""}, {""word"": ""cukup"", ""langid"": ""other""}, {""word"": ""unik"", ""langid"": ""other""}, {""word"": ""ini,"", ""langid"": ""other""}, {""word"": ""bahkan"", ""langid"": ""other""}, {""word"": ""aku"", ""langid"": ""other""}, {""word"": ""dan"", ""langid"": ""other""}, {""word"": ""temen-temen"", ""langid"": ""other""}, {""word"": ""juga"", ""langid"": ""other""}, {""word"": ""pernah"", ""langid"": ""other""}, {""word"": ""melakukan"", ""langid"": ""other""}, {""word"": ""suatu"", ""langid"": ""other""}, {""word"": ""perjalanan."", ""langid"": ""other""}, {""word"": ""Jadi"", ""langid"": ""other""}, {""word"": ""ketika"", ""langid"": ""other""}, {""word"": ""dulu"", ""langid"": ""other""}, {""word"": ""kita"", ""langid"": ""other""}, {""word"": ""waktu"", ""langid"": ""other""}, {""word"": ""masih"", ""langid"": ""other""}, {""word"": ""SMP,"", ""langid"": ""other""}, {""word"": ""kita"", ""langid"": ""other""}, {""word"": ""sudah"", ""langid"": ""other""}, {""word"": ""mencoba"", ""langid"": ""other""}, {""word"": ""untuk"", ""langid"": ""other""}, {""word"": ""berkeliling"", ""langid"": ""other""}, {""word"": ""keluar"", ""langid"": ""other""}, {""word"": ""kota,"", ""langid"": ""other""}, {""word"": ""kayak"", ""langid"": ""other""}, {""word"": ""Solo"", ""langid"": ""other""}, {""word"": ""dan"", ""langid"": ""other""}, {""word"": ""juga"", ""langid"": ""other""}, {""word"": ""Jogja."", ""langid"": ""other""}, {""word"": ""Untuk"", ""langid"": ""other""}, {""word"": ""anak"", ""langid"": ""other""}, {""word"": ""seumuran"", ""langid"": ""other""}, {""word"": ""empat"", ""langid"": ""other""}, {""word"": ""belas"", ""langid"": ""other""}, {""word"": ""sampai"", ""langid"": ""other""}, {""word"": ""lima"", ""langid"": ""other""}, {""word"": ""belas"", ""langid"": ""other""}, {""word"": ""tahun,"", ""langid"": ""other""}, {""word"": ""itu"", ""langid"": ""other""}, {""word"": ""hal"", ""langid"": ""other""}, {""word"": ""yang"", ""langid"": ""other""}, {""word"": ""sangat.."", ""langid"": ""other""}, {""word"": ""yang"", ""langid"": ""other""}, {""word"": ""cukup"", ""langid"": ""other""}, {""word"": ""baru"", ""langid"": ""other""}, {""word"": ""bagi"", ""langid"": ""other""}, {""word"": ""kita."", ""langid"": ""other""}]","Nah temen-temen SMP yang cukup aku korek ini, e... bahkan aku dan temen-temen juga pernah melakukan suatu perjalanan ya. Jadi ketika dulu kita waktu masih SMP, kita sudah e... mencoba untuk berkeliling ke luar kota, kayak Solo dan juga Jogja. Untuk anak seumuran empat belas sampai lima belas tahun itu hal yang sangat, yang cukup e... baru bagi kita.",Indonesian,[],0.18867924528301888,53,10,0.22580793358131565,0.22580793358131565,
processed_indonesia/first_full_run_data_mix_commonvoice/01_segments/indonesian_dev_16ea43b691854bd697c9ecee8b594993__part_1.wav,"Habis itu kan aku gak pernah denger cerita kecelakaan atau jatuh di depan warung kuwi meneh ya. Tak kira-kira wis gaono kan. Tapi tuh kemarin-kemarin aku bilang ibuku, "" wis ra ono meneh yo, Bu sing kecelakaan ning kono meneh"", ibuku ki mung ""huuh","[{""word"": ""Habis"", ""langid"": ""other""}, {""word"": ""itu"", ""langid"": ""other""}, {""word"": ""kan"", ""langid"": ""other""}, {""word"": ""aku"", ""langid"": ""other""}, {""word"": ""gak"", ""langid"": ""other""}, {""word"": ""pernah"", ""langid"": ""other""}, {""word"": ""denger"", ""langid"": ""other""}, {""word"": ""cerita"", ""langid"": ""other""}, {""word"": ""kecelakaan"", ""langid"": ""other""}, {""word"": ""atau"", ""langid"": ""other""}, {""word"": ""jatuh"", ""langid"": ""other""}, {""word"": ""di"", ""langid"": ""other""}, {""word"": ""depan"", ""langid"": ""other""}, {""word"": ""warung"", ""langid"": ""other""}, {""word"": ""kuwi"", ""langid"": ""other""}, {""word"": ""meneh"", ""langid"": ""other""}, {""word"": ""ya."", ""langid"": ""other""}, {""word"": ""Tak"", ""langid"": ""other""}, {""word"": ""kira-kira"", ""langid"": ""other""}, {""word"": ""wis"", ""langid"": ""other""}, {""word"": ""gaono"", ""langid"": ""other""}, {""word"": ""kan."", ""langid"": ""other""}, {""word"": ""Tapi"", ""langid"": ""other""}, {""word"": ""tuh"", ""langid"": ""other""}, {""word"": ""kemarin-kemarin"", ""langid"": ""other""}, {""word"": ""aku"", ""langid"": ""other""}, {""word"": ""bilang"", ""langid"": ""other""}, {""word"": ""ibuku,"", ""langid"": ""other""}, {""word"": ""\"""", ""langid"": ""other""}, {""word"": ""wis"", ""langid"": ""other""}, {""word"": ""ra"", ""langid"": ""other""}, {""word"": ""ono"", ""langid"": ""other""}, {""word"": ""meneh"", ""langid"": ""other""}, {""word"": ""yo,"", ""langid"": ""other""}, {""word"": ""Bu"", ""langid"": ""other""}, {""word"": ""sing"", ""langid"": ""other""}, {""word"": ""kecelakaan"", ""langid"": ""other""}, {""word"": ""ning"", ""langid"": ""other""}, {""word"": ""kono"", ""langid"": ""other""}, {""word"": ""meneh\"","", ""langid"": ""other""}, {""word"": ""ibuku"", ""langid"": ""other""}, {""word"": ""ki"", ""langid"": ""other""}, {""word"": ""mung"", ""langid"": ""other""}, {""word"": ""\""huuh"", ""langid"": ""other""}]","habis itu kan aku gak pernah denger cerita kecelakaan atau jatuh di depan warung kue meneh ya, tak kira ki wes gak ono kan. Tapi itu kemarin-kemarin aku bilang ibuku, wes ra ono meneh ya Bu, sing kecelakaan neng kono meneh. Ibu kuwi mung, heh.",Indonesian,[],0.3023255813953488,43,13,0.22580793358131565,0.22580793358131565,
processed_indonesia/first_full_run_data_mix_commonvoice/03_augmented_audio/indonesian_dev_cff6c5f233e14c988e4af4cd1a265883__part_2__noise_02.wav,"tim ekskul sekolah yang gak begitu terkenal, gak pernah menang lomba juga, tapi bisa diundang di acara itu. Ternyata memang salah satu koordinator acara event itu teman kami sendiri, jadi dia masih butuh satu pengisi acara buat pembukaan di acara event tersebut.","[{""word"": ""tim"", ""langid"": ""other""}, {""word"": ""ekskul"", ""langid"": ""other""}, {""word"": ""sekolah"", ""langid"": ""other""}, {""word"": ""yang"", ""langid"": ""other""}, {""word"": ""gak"", ""langid"": ""other""}, {""word"": ""begitu"", ""langid"": ""other""}, {""word"": ""terkenal,"", ""langid"": ""other""}, {""word"": ""gak"", ""langid"": ""other""}, {""word"": ""pernah"", ""langid"": ""other""}, {""word"": ""menang"", ""langid"": ""other""}, {""word"": ""lomba"", ""langid"": ""other""}, {""word"": ""juga,"", ""langid"": ""other""}, {""word"": ""tapi"", ""langid"": ""other""}, {""word"": ""bisa"", ""langid"": ""other""}, {""word"": ""diundang"", ""langid"": ""other""}, {""word"": ""di"", ""langid"": ""other""}, {""word"": ""acara"", ""langid"": ""other""}, {""word"": ""itu."", ""langid"": ""other""}, {""word"": ""Ternyata"", ""langid"": ""other""}, {""word"": ""memang"", ""langid"": ""other""}, {""word"": ""salah"", ""langid"": ""other""}, {""word"": ""satu"", ""langid"": ""other""}, {""word"": ""koordinator"", ""langid"": ""other""}, {""word"": ""acara"", ""langid"": ""other""}, {""word"": ""event"", ""langid"": ""other""}, {""word"": ""itu"", ""langid"": ""other""}, {""word"": ""teman"", ""langid"": ""other""}, {""word"": ""kami"", ""langid"": ""other""}, {""word"": ""sendiri,"", ""langid"": ""other""}, {""word"": ""jadi"", ""langid"": ""other""}, {""word"": ""dia"", ""langid"": ""other""}, {""word"": ""masih"", ""langid"": ""other""}, {""word"": ""butuh"", ""langid"": ""other""}, {""word"": ""satu"", ""langid"": ""other""}, {""word"": ""pengisi"", ""langid"": ""other""}, {""word"": ""acara"", ""langid"": ""other""}, {""word"": ""buat"", ""langid"": ""other""}, {""word"": ""pembukaan"", ""langid"": ""other""}, {""word"": ""di"", ""langid"": ""other""}, {""word"": ""acara"", ""langid"": ""other""}, {""word"": ""event"", ""langid"": ""other""}, {""word"": ""tersebut."", ""langid"": ""other""}]","Tim ekskul sekolah yang enggak begitu terkenal, nggak pernah menang lomba juga, tapi bisa diundang ke acara itu. Ternyata memang salah satu koordinator acara event itu temen kami sendiri. Jadi, dia masih butuh satu pengisi acara buat pembukaan acara event tersebut.",Indonesian,[],0.11904761904761904,42,5,0.22580793358131565,0.22580793358131565,
processed_indonesia/first_full_run_data_mix_commonvoice/03_augmented_audio/indonesian_dev_2289f904703947a5babb0fd172580555__part_1__noise_02.wav,"Terus nek dari segi pembelajaran pas SMA tuh jadi makin sering ya tugas-tugas atau PR gitu pakai ... kudu pakai teknologi internet atau ngetik di laptop atau komputer gitu ya buat belajar. Nah, biasane sih, paling sering, ya tugas presentasi kelompok. Nganggo powerpoint opo tugas bikin esai. Nah, pas SMA ini aku jadi","[{""word"": ""Terus"", ""langid"": ""other""}, {""word"": ""nek"", ""langid"": ""other""}, {""word"": ""dari"", ""langid"": ""other""}, {""word"": ""segi"", ""langid"": ""other""}, {""word"": ""pembelajaran"", ""langid"": ""other""}, {""word"": ""pas"", ""langid"": ""other""}, {""word"": ""SMA"", ""langid"": ""other""}, {""word"": ""tuh"", ""langid"": ""other""}, {""word"": ""jadi"", ""langid"": ""other""}, {""word"": ""makin"", ""langid"": ""other""}, {""word"": ""sering"", ""langid"": ""other""}, {""word"": ""ya"", ""langid"": ""other""}, {""word"": ""tugas-tugas"", ""langid"": ""other""}, {""word"": ""atau"", ""langid"": ""other""}, {""word"": ""PR"", ""langid"": ""other""}, {""word"": ""gitu"", ""langid"": ""other""}, {""word"": ""pakai"", ""langid"": ""other""}, {""word"": ""..."", ""langid"": ""other""}, {""word"": ""kudu"", ""langid"": ""other""}, {""word"": ""pakai"", ""langid"": ""other""}, {""word"": ""teknologi"", ""langid"": ""other""}, {""word"": ""internet"", ""langid"": ""other""}, {""word"": ""atau"", ""langid"": ""other""}, {""word"": ""ngetik"", ""langid"": ""other""}, {""word"": ""di"", ""langid"": ""other""}, {""word"": ""laptop"", ""langid"": ""other""}, {""word"": ""atau"", ""langid"": ""other""}, {""word"": ""komputer"", ""langid"": ""other""}, {""word"": ""gitu"", ""langid"": ""other""}, {""word"": ""ya"", ""langid"": ""other""}, {""word"": ""buat"", ""langid"": ""other""}, {""word"": ""belajar."", ""langid"": ""other""}, {""word"": ""Nah,"", ""langid"": ""other""}, {""word"": ""biasane"", ""langid"": ""other""}, {""word"": ""sih,"", ""langid"": ""other""}, {""word"": ""paling"", ""langid"": ""other""}, {""word"": ""sering,"", ""langid"": ""other""}, {""word"": ""ya"", ""langid"": ""other""}, {""word"": ""tugas"", ""langid"": ""other""}, {""word"": ""presentasi"", ""langid"": ""other""}, {""word"": ""kelompok."", ""langid"": ""other""}, {""word"": ""Nganggo"", ""langid"": ""other""}, {""word"": ""powerpoint"", ""langid"": ""other""}, {""word"": ""opo"", ""langid"": ""other""}, {""word"": ""tugas"", ""langid"": ""other""}, {""word"": ""bikin"", ""langid"": ""other""}, {""word"": ""esai."", ""langid"": ""other""}, {""word"": ""Nah,"", ""langid"": ""other""}, {""word"": ""pas"", ""langid"": ""other""}, {""word"": ""SMA"", ""langid"": ""other""}, {""word"": ""ini"", ""langid"": ""other""}, {""word"": ""aku"", ""langid"": ""other""}, {""word"": ""jadi"", ""langid"": ""other""}]","Terus nek dari segi pembelajaran pas SMA tuh jadi makin sering ya tugas-tugas atau PR gitu pakai, kudu pakai teknologi internet atau mengetik di laptop atau komputer gitu ya buat belajar. Nah, biasane sih paling sering ya tugas presentasi kelompok, opo PowerPoint, opo tugas bikin esai. Nah, pas SMA ini aku jadi",Indonesian,[],0.038461538461538464,52,2,0.22580793358131565,0.22580793358131565,
processed_indonesia/first_full_run_data_mix_commonvoice/03_augmented_audio/indonesian_dev_53f46100ddfd4e14acc28c5225e0eaa5__noise_02.wav,"Malah menurutku juga, aku jadi agak mbantuin promosi film atau drama itu. Soale kan, tak upload neng sosial media. Nah terus, mungkin, ono wong-wong sek nonton atau tertarik nonton film. Itu gara-gara nonton editan buatanku.","[{""word"": ""Malah"", ""langid"": ""other""}, {""word"": ""menurutku"", ""langid"": ""other""}, {""word"": ""juga,"", ""langid"": ""other""}, {""word"": ""aku"", ""langid"": ""other""}, {""word"": ""jadi"", ""langid"": ""other""}, {""word"": ""agak"", ""langid"": ""other""}, {""word"": ""mbantuin"", ""langid"": ""other""}, {""word"": ""promosi"", ""langid"": ""other""}, {""word"": ""film"", ""langid"": ""other""}, {""word"": ""atau"", ""langid"": ""other""}, {""word"": ""drama"", ""langid"": ""other""}, {""word"": ""itu."", ""langid"": ""other""}, {""word"": ""Soale"", ""langid"": ""other""}, {""word"": ""kan,"", ""langid"": ""other""}, {""word"": ""tak"", ""langid"": ""other""}, {""word"": ""upload"", ""langid"": ""other""}, {""word"": ""neng"", ""langid"": ""other""}, {""word"": ""sosial"", ""langid"": ""other""}, {""word"": ""media."", ""langid"": ""other""}, {""word"": ""Nah"", ""langid"": ""other""}, {""word"": ""terus,"", ""langid"": ""other""}, {""word"": ""mungkin,"", ""langid"": ""other""}, {""word"": ""ono"", ""langid"": ""other""}, {""word"": ""wong-wong"", ""langid"": ""other""}, {""word"": ""sek"", ""langid"": ""other""}, {""word"": ""nonton"", ""langid"": ""other""}, {""word"": ""atau"", ""langid"": ""other""}, {""word"": ""tertarik"", ""langid"": ""other""}, {""word"": ""nonton"", ""langid"": ""other""}, {""word"": ""film."", ""langid"": ""other""}, {""word"": ""Itu"", ""langid"": ""other""}, {""word"": ""gara-gara"", ""langid"": ""other""}, {""word"": ""nonton"", ""langid"": ""other""}, {""word"": ""editan"", ""langid"": ""other""}, {""word"": ""buatanku."", ""langid"": ""other""}]","Malah, menurutku juga aku jadi agak mbantuin promosi film atau drama itu. Soale 'kan tak upload neng sosial media. Nah, terus mungkin ana wong-wong sik nonton atau tertarik nonton film itu gara-gara nonton editan bebatanku, hehe.",Indonesian,[],0.11428571428571428,35,4,0.22580793358131565,0.22580793358131565,
processed_indonesia/first_full_run_data_mix_commonvoice/03_augmented_audio/indonesian_dev_2a7708d4e36b4a3c924454428e32d0e3__noise_01.wav,"Akhirnya terus aku memilih pergi ke kota yang ada temanku disana gitu ya, tempat tinggal temanku dan itu adalah kota Mojokerto di Jawa Timur. Terus, selama disana pun, aku juga nginepnya di rumah temanku ini.","[{""word"": ""Akhirnya"", ""langid"": ""other""}, {""word"": ""terus"", ""langid"": ""other""}, {""word"": ""aku"", ""langid"": ""other""}, {""word"": ""memilih"", ""langid"": ""other""}, {""word"": ""pergi"", ""langid"": ""other""}, {""word"": ""ke"", ""langid"": ""other""}, {""word"": ""kota"", ""langid"": ""other""}, {""word"": ""yang"", ""langid"": ""other""}, {""word"": ""ada"", ""langid"": ""other""}, {""word"": ""temanku"", ""langid"": ""other""}, {""word"": ""disana"", ""langid"": ""other""}, {""word"": ""gitu"", ""langid"": ""other""}, {""word"": ""ya,"", ""langid"": ""other""}, {""word"": ""tempat"", ""langid"": ""other""}, {""word"": ""tinggal"", ""langid"": ""other""}, {""word"": ""temanku"", ""langid"": ""other""}, {""word"": ""dan"", ""langid"": ""other""}, {""word"": ""itu"", ""langid"": ""other""}, {""word"": ""adalah"", ""langid"": ""other""}, {""word"": ""kota"", ""langid"": ""other""}, {""word"": ""Mojokerto"", ""langid"": ""other""}, {""word"": ""di"", ""langid"": ""other""}, {""word"": ""Jawa"", ""langid"": ""other""}, {""word"": ""Timur."", ""langid"": ""other""}, {""word"": ""Terus,"", ""langid"": ""other""}, {""word"": ""selama"", ""langid"": ""other""}, {""word"": ""disana"", ""langid"": ""other""}, {""word"": ""pun,"", ""langid"": ""other""}, {""word"": ""aku"", ""langid"": ""other""}, {""word"": ""juga"", ""langid"": ""other""}, {""word"": ""nginepnya"", ""langid"": ""other""}, {""word"": ""di"", ""langid"": ""other""}, {""word"": ""rumah"", ""langid"": ""other""}, {""word"": ""temanku"", ""langid"": ""other""}, {""word"": ""ini."", ""langid"": ""other""}]","Akhirnya, terus aku milih pergi ke kota yang ada temenku di sana gitu ya, tempat tinggal temenku dan itu adalah Kota Mojokerto di Jawa Timur. Terus, e... sama di sana aku nafsu juga minatnya di rumah sakit ini.",Indonesian,[],0.34285714285714286,35,12,0.22580793358131565,0.22580793358131565,
processed_indonesia/first_full_run_data_mix_commonvoice/01_segments/indonesian_dev_495ac2b436544e668d3075e96144d617.wav,"Untuk sarapan ki enak banget. Jadi porsinya pas, gak kecil, gak gede, gak kakean, gak kesithikan, dan dicampur dengan teh tawar. Woo it's delicious. Dan aku kan, selama merantau, ini kan jarang ada orang, warung soto ya. Jadi, kadang aku juga masak soto versi aku sendiri, cuma ya tidak seenak warung-warung soto di pada umumnya, di Jogja maupun di Klaten, yang memang dia tempat lahirnya soto.","[{""word"": ""Untuk"", ""langid"": ""other""}, {""word"": ""sarapan"", ""langid"": ""other""}, {""word"": ""ki"", ""langid"": ""other""}, {""word"": ""enak"", ""langid"": ""other""}, {""word"": ""banget."", ""langid"": ""other""}, {""word"": ""Jadi"", ""langid"": ""other""}, {""word"": ""porsinya"", ""langid"": ""other""}, {""word"": ""pas,"", ""langid"": ""other""}, {""word"": ""gak"", ""langid"": ""other""}, {""word"": ""kecil,"", ""langid"": ""other""}, {""word"": ""gak"", ""langid"": ""other""}, {""word"": ""gede,"", ""langid"": ""other""}, {""word"": ""gak"", ""langid"": ""other""}, {""word"": ""kakean,"", ""langid"": ""other""}, {""word"": ""gak"", ""langid"": ""other""}, {""word"": ""kesithikan,"", ""langid"": ""other""}, {""word"": ""dan"", ""langid"": ""other""}, {""word"": ""dicampur"", ""langid"": ""other""}, {""word"": ""dengan"", ""langid"": ""other""}, {""word"": ""teh"", ""langid"": ""other""}, {""word"": ""tawar."", ""langid"": ""other""}, {""word"": ""Woo"", ""langid"": ""other""}, {""word"": ""it's"", ""langid"": ""other""}, {""word"": ""delicious."", ""langid"": ""other""}, {""word"": ""Dan"", ""langid"": ""other""}, {""word"": ""aku"", ""langid"": ""other""}, {""word"": ""kan,"", ""langid"": ""other""}, {""word"": ""selama"", ""langid"": ""other""}, {""word"": ""merantau,"", ""langid"": ""other""}, {""word"": ""ini"", ""langid"": ""other""}, {""word"": ""kan"", ""langid"": ""other""}, {""word"": ""jarang"", ""langid"": ""other""}, {""word"": ""ada"", ""langid"": ""other""}, {""word"": ""orang,"", ""langid"": ""other""}, {""word"": ""warung"", ""langid"": ""other""}, {""word"": ""soto"", ""langid"": ""other""}, {""word"": ""ya."", ""langid"": ""other""}, {""word"": ""Jadi,"", ""langid"": ""other""}, {""word"": ""kadang"", ""langid"": ""other""}, {""word"": ""aku"", ""langid"": ""other""}, {""word"": ""juga"", ""langid"": ""other""}, {""word"": ""masak"", ""langid"": ""other""}, {""word"": ""soto"", ""langid"": ""other""}, {""word"": ""versi"", ""langid"": ""other""}, {""word"": ""aku"", ""langid"": ""other""}, {""word"": ""sendiri,"", ""langid"": ""other""}, {""word"": ""cuma"", ""langid"": ""other""}, {""word"": ""ya"", ""langid"": ""other""}, {""word"": ""tidak"", ""langid"": ""other""}, {""word"": ""seenak"", ""langid"": ""other""}, {""word"": ""warung-warung"", ""langid"": ""other""}, {""word"": ""soto"", ""langid"": ""other""}, {""word"": ""di"", ""langid"": ""other""}, {""word"": ""pada"", ""langid"": ""other""}, {""word"": ""umumnya,"", ""langid"": ""other""}, {""word"": ""di"", ""langid"": ""other""}, {""word"": ""Jogja"", ""langid"": ""other""}, {""word"": ""maupun"", ""langid"": ""other""}, {""word"": ""di"", ""langid"": ""other""}, {""word"": ""Klaten,"", ""langid"": ""other""}, {""word"": ""yang"", ""langid"": ""other""}, {""word"": ""memang"", ""langid"": ""other""}, {""word"": ""dia"", ""langid"": ""other""}, {""word"": ""tempat"", ""langid"": ""other""}, {""word"": ""lahirnya"", ""langid"": ""other""}, {""word"": ""soto."", ""langid"": ""other""}]","Untuk sarapan ki enak banget, jadi porsine pas, gak kecil, gak gede, gak kakehan, gak keresidenan, dan dijamur dengan teh tawar, ohh, is delicious. Dan aku kan selama merantau, ini kan jarang ada orang warung soto ya, jadi kadang aku juga masak soto versi aku sendiri, cuman yang tidak seneng warung-warung soto di Padang umumnya di Jogja maupun di Kaken, yang memang dia tempat lahirnya soto.",Indonesian,[],0.16666666666666666,66,11,0.22580793358131565,0.22580793358131565,
processed_indonesia/first_full_run_data_mix_commonvoice/01_segments/indonesian_dev_a30b753ecea9478ca4cd87f321a4b38b__part_2.wav,"By the way aku juga ikut rohis jane, cuma ya gitu. Cuma sempat ikut ngerjain dan ikut ngurus beberapa event doang.","[{""word"": ""By"", ""langid"": ""other""}, {""word"": ""the"", ""langid"": ""other""}, {""word"": ""way"", ""langid"": ""other""}, {""word"": ""aku"", ""langid"": ""other""}, {""word"": ""juga"", ""langid"": ""other""}, {""word"": ""ikut"", ""langid"": ""other""}, {""word"": ""rohis"", ""langid"": ""other""}, {""word"": ""jane,"", ""langid"": ""other""}, {""word"": ""cuma"", ""langid"": ""other""}, {""word"": ""ya"", ""langid"": ""other""}, {""word"": ""gitu."", ""langid"": ""other""}, {""word"": ""Cuma"", ""langid"": ""other""}, {""word"": ""sempat"", ""langid"": ""other""}, {""word"": ""ikut"", ""langid"": ""other""}, {""word"": ""ngerjain"", ""langid"": ""other""}, {""word"": ""dan"", ""langid"": ""other""}, {""word"": ""ikut"", ""langid"": ""other""}, {""word"": ""ngurus"", ""langid"": ""other""}, {""word"": ""beberapa"", ""langid"": ""other""}, {""word"": ""event"", ""langid"": ""other""}, {""word"": ""doang."", ""langid"": ""other""}]","Ya, tiba aku juga ikut prohise jare, cuman ya gitu, cuman sempat ikut ngerjai, ikut ngurus beberapa event doang.",Indonesian,[],0.42857142857142855,21,9,0.22580793358131565,0.22580793358131565,
processed_indonesia/first_full_run_data_mix_commonvoice/03_augmented_audio/indonesian_dev_e48a1e0095024ea2a6a8c7b019922850__noise_01.wav,"Dan ketika hobi membacaku iki, di.. diapresiasi oleh orang terdekat, aku merasa kayak o... iya ding, ternyata gak sia-sia deh aku menghabiskan banyak sumber daya, itu biaya finansial, waktu, tenaga mungkin. E... ketika aku divalidasi, o... ini ternyata ini penting lho untuk... untuk pengetahuan kedepannya, dan aku merasa o... aku nggak sia-sia deh untuk spend segitu banyaknya untuk hobi ini.","[{""word"": ""Dan"", ""langid"": ""other""}, {""word"": ""ketika"", ""langid"": ""other""}, {""word"": ""hobi"", ""langid"": ""other""}, {""word"": ""membacaku"", ""langid"": ""other""}, {""word"": ""iki,"", ""langid"": ""other""}, {""word"": ""di.."", ""langid"": ""other""}, {""word"": ""diapresiasi"", ""langid"": ""other""}, {""word"": ""oleh"", ""langid"": ""other""}, {""word"": ""orang"", ""langid"": ""other""}, {""word"": ""terdekat,"", ""langid"": ""other""}, {""word"": ""aku"", ""langid"": ""other""}, {""word"": ""merasa"", ""langid"": ""other""}, {""word"": ""kayak"", ""langid"": ""other""}, {""word"": ""o..."", ""langid"": ""other""}, {""word"": ""iya"", ""langid"": ""other""}, {""word"": ""ding,"", ""langid"": ""other""}, {""word"": ""ternyata"", ""langid"": ""other""}, {""word"": ""gak"", ""langid"": ""other""}, {""word"": ""sia-sia"", ""langid"": ""other""}, {""word"": ""deh"", ""langid"": ""other""}, {""word"": ""aku"", ""langid"": ""other""}, {""word"": ""menghabiskan"", ""langid"": ""other""}, {""word"": ""banyak"", ""langid"": ""other""}, {""word"": ""sumber"", ""langid"": ""other""}, {""word"": ""daya,"", ""langid"": ""other""}, {""word"": ""itu"", ""langid"": ""other""}, {""word"": ""biaya"", ""langid"": ""other""}, {""word"": ""finansial,"", ""langid"": ""other""}, {""word"": ""waktu,"", ""langid"": ""other""}, {""word"": ""tenaga"", ""langid"": ""other""}, {""word"": ""mungkin."", ""langid"": ""other""}, {""word"": ""E..."", ""langid"": ""other""}, {""word"": ""ketika"", ""langid"": ""other""}, {""word"": ""aku"", ""langid"": ""other""}, {""word"": ""divalidasi,"", ""langid"": ""other""}, {""word"": ""o..."", ""langid"": ""other""}, {""word"": ""ini"", ""langid"": ""other""}, {""word"": ""ternyata"", ""langid"": ""other""}, {""word"": ""ini"", ""langid"": ""other""}, {""word"": ""penting"", ""langid"": ""other""}, {""word"": ""lho"", ""langid"": ""other""}, {""word"": ""untuk..."", ""langid"": ""other""}, {""word"": ""untuk"", ""langid"": ""other""}, {""word"": ""pengetahuan"", ""langid"": ""other""}, {""word"": ""kedepannya,"", ""langid"": ""other""}, {""word"": ""dan"", ""langid"": ""other""}, {""word"": ""aku"", ""langid"": ""other""}, {""word"": ""merasa"", ""langid"": ""other""}, {""word"": ""o..."", ""langid"": ""other""}, {""word"": ""aku"", ""langid"": ""other""}, {""word"": ""nggak"", ""langid"": ""other""}, {""word"": ""sia-sia"", ""langid"": ""other""}, {""word"": ""deh"", ""langid"": ""other""}, {""word"": ""untuk"", ""langid"": ""other""}, {""word"": ""spend"", ""langid"": ""other""}, {""word"": ""segitu"", ""langid"": ""other""}, {""word"": ""banyaknya"", ""langid"": ""other""}, {""word"": ""untuk"", ""langid"": ""other""}, {""word"": ""hobi"", ""langid"": ""other""}, {""word"": ""ini."", ""langid"": ""other""}]","Dan ketika hobi membaca kuwi iki diapresiasi oleh orang terdekat, aku merasa kayak, oh ya ding, ternyata gak sia-sia sih deh aku menghabiskan banyak sumber daya, baik itu biaya finansial, waktu, tenaga mungkin. E... ketika aku divalidasi, oh ini ternyata penting loh untuk pengetahuan kedepannya. Jadi aku merasa, oh aku gak sia-sia iki, untuk spend segitu banyak untuk hobi kene.",Indonesian,[],0.2833333333333333,60,17,0.22580793358131565,0.22580793358131565,
processed_indonesia/first_full_run_data_mix_commonvoice/03_augmented_audio/indonesian_dev_d448f57d6a4f42ea92a8f11e075a8df1__noise_02.wav,"Kuwi ra hobi thuk, kuwi ya gur... kuwi kerja jenenge nek nggo cuan ki. Hobi ya ngentekke duwit, hobi ya... hobi ya... ngentekke kertu. Cuma kowe seneng ngono loh. Dadi ya, ya... hobi, lakukanlah hobimu dengan... dengan... dengan bahagia. Dadi kowe gak perlu mikir, hobi kudu cuan, hobi kudu iki, hobi kudu A, kudu B, kudu C, ora. Penting wes seneng, nglakuin kuwi, terus seneng, ya kuwi hobi.","[{""word"": ""Kuwi"", ""langid"": ""other""}, {""word"": ""ra"", ""langid"": ""other""}, {""word"": ""hobi"", ""langid"": ""other""}, {""word"": ""thuk,"", ""langid"": ""other""}, {""word"": ""kuwi"", ""langid"": ""other""}, {""word"": ""ya"", ""langid"": ""other""}, {""word"": ""gur..."", ""langid"": ""other""}, {""word"": ""kuwi"", ""langid"": ""other""}, {""word"": ""kerja"", ""langid"": ""other""}, {""word"": ""jenenge"", ""langid"": ""other""}, {""word"": ""nek"", ""langid"": ""other""}, {""word"": ""nggo"", ""langid"": ""other""}, {""word"": ""cuan"", ""langid"": ""other""}, {""word"": ""ki."", ""langid"": ""other""}, {""word"": ""Hobi"", ""langid"": ""other""}, {""word"": ""ya"", ""langid"": ""other""}, {""word"": ""ngentekke"", ""langid"": ""other""}, {""word"": ""duwit,"", ""langid"": ""other""}, {""word"": ""hobi"", ""langid"": ""other""}, {""word"": ""ya..."", ""langid"": ""other""}, {""word"": ""hobi"", ""langid"": ""other""}, {""word"": ""ya..."", ""langid"": ""other""}, {""word"": ""ngentekke"", ""langid"": ""other""}, {""word"": ""kertu."", ""langid"": ""other""}, {""word"": ""Cuma"", ""langid"": ""other""}, {""word"": ""kowe"", ""langid"": ""other""}, {""word"": ""seneng"", ""langid"": ""other""}, {""word"": ""ngono"", ""langid"": ""other""}, {""word"": ""loh."", ""langid"": ""other""}, {""word"": ""Dadi"", ""langid"": ""other""}, {""word"": ""ya,"", ""langid"": ""other""}, {""word"": ""ya..."", ""langid"": ""other""}, {""word"": ""hobi,"", ""langid"": ""other""}, {""word"": ""lakukanlah"", ""langid"": ""other""}, {""word"": ""hobimu"", ""langid"": ""other""}, {""word"": ""dengan..."", ""langid"": ""other""}, {""word"": ""dengan..."", ""langid"": ""other""}, {""word"": ""dengan"", ""langid"": ""other""}, {""word"": ""bahagia."", ""langid"": ""other""}, {""word"": ""Dadi"", ""langid"": ""other""}, {""word"": ""kowe"", ""langid"": ""other""}, {""word"": ""gak"", ""langid"": ""other""}, {""word"": ""perlu"", ""langid"": ""other""}, {""word"": ""mikir,"", ""langid"": ""other""}, {""word"": ""hobi"", ""langid"": ""other""}, {""word"": ""kudu"", ""langid"": ""other""}, {""word"": ""cuan,"", ""langid"": ""other""}, {""word"": ""hobi"", ""langid"": ""other""}, {""word"": ""kudu"", ""langid"": ""other""}, {""word"": ""iki,"", ""langid"": ""other""}, {""word"": ""hobi"", ""langid"": ""other""}, {""word"": ""kudu"", ""langid"": ""other""}, {""word"": ""A,"", ""langid"": ""other""}, {""word"": ""kudu"", ""langid"": ""other""}, {""word"": ""B,"", ""langid"": ""other""}, {""word"": ""kudu"", ""langid"": ""other""}, {""word"": ""C,"", ""langid"": ""other""}, {""word"": ""ora."", ""langid"": ""other""}, {""word"": ""Penting"", ""langid"": ""other""}, {""word"": ""wes"", ""langid"": ""other""}, {""word"": ""seneng,"", ""langid"": ""other""}, {""word"": ""nglakuin"", ""langid"": ""other""}, {""word"": ""kuwi,"", ""langid"": ""other""}, {""word"": ""terus"", ""langid"": ""other""}, {""word"": ""seneng,"", ""langid"": ""other""}, {""word"": ""ya"", ""langid"": ""other""}, {""word"": ""kuwi"", ""langid"": ""other""}, {""word"": ""hobi."", ""langid"": ""other""}]","Kuwi ra hobi toh, kuwi ya gur, kuwi kerja jênênge nèk nggo cuan ki. Hobi ya ngêntèkke duit, hobi ya, hobi ya, ngêntèkke waktu. Cuma aku seneng nggoloh, dadi ya, ya, aku bisa lebih murah dengan, dengan, dengan bahagia. Dadi gak perlu mikir hobi kudu cuan, hobi kudu iki, hobi kudu a, kudu b, kudu c, ora. Paling penting aku seneng, ngakuin kuwi, terus seneng, ya aku hobi.",Indonesian,[],0.27941176470588236,68,19,0.22580793358131565,0.22580793358131565,
